init_date,valid_date,region_id,region_name,macro_region,terrain_type,is_coastal,center_lat,center_lon,lead_time_days,forecast_value_mm,climatological_normal_mm,forecast_anomaly_mm,analogue_historical_bust_rate,analogue_mean_error_mm,observed_value_mm,absolute_error_mm,applied_bust_threshold_mm,bust_label,bust_reason,forecast_source,forecast_cycle,gfs_step_start,gfs_step_end,verification_source,verification_date,spatial_aggregation_method,time_window
2024-07-15,2024-07-16,SUB_01,Andaman & Nicobar Islands,South Peninsula,island,0,11.74,92.65,1,10.5,8.5,2.0,0.667,80.5,10.2,0.3,35.0,0,None,NOAA GFS 0.25° Operational GRIB2,00Z,f003,f027,IMD 24h Daily Gridded Observation,2024-07-16,area_weighted_lat_cosine_polygon_integral,24h (03:00 UTC to 03:00 UTC / 08:30 IST to 08:30 IST)
2024-07-15,2024-07-17,SUB_01,Andaman & Nicobar Islands,South Peninsula,island,0,11.74,92.65,2,25.8,8.5,17.3,0.667,80.5,35.7,9.9,37.8,0,None,NOAA GFS 0.25° Operational GRIB2,00Z,f027,f051,IMD 24h Daily Gridded Observation,2024-07-17,area_weighted_lat_cosine_polygon_integral,24h (03:00 UTC to 03:00 UTC / 08:30 IST to 08:30 IST)
2024-07-15,2024-07-18,SUB_01,Andaman & Nicobar Islands,South Peninsula,island,0,11.74,92.65,3,17.4,8.5,8.9,0.667,43.5,9.5,7.9,40.6,0,None,NOAA GFS 0.25° Operational GRIB2,00Z,f051,f075,IMD 24h Daily Gridded Observation,2024-07-18,area_weighted_lat_cosine_polygon_integral,24h (03:00 UTC to 03:00 UTC / 08:30 IST to 08:30 IST)
2024-07-15,2024-07-19,SUB_01,Andaman & Nicobar Islands,South Peninsula,island,0,11.74,92.65,4,9.6,8.5,1.1,0.667,43.5,14.2,4.6,43.4,0,None,NOAA GFS 0.25° Operational GRIB2,00Z,f075,f099,IMD 24h Daily Gridded Observation,2024-07-19,area_weighted_lat_cosine_polygon_integral,24h (03:00 UTC to 03:00 UTC / 08:30 IST to 08:30 IST)
2024-07-15,2024-07-20,SUB_01,Andaman & Nicobar Islands,South Peninsula,island,0,11.74,92.65,5,7.8,8.5,-0.7,0.667,43.5,16.0,8.2,46.2,0,None,NOAA GFS 0.25° Operational GRIB2,00Z,f099,f123,IMD 24h Daily Gridded Observation,2024-07-20,area_weighted_lat_cosine_polygon_integral,24h (03:00 UTC to 03:00 UTC / 08:30 IST to 08:30 IST)
2024-07-15,2024-07-21,SUB_01,Andaman & Nicobar Islands,South Peninsula,island,0,11.74,92.65,6,8.6,8.5,0.1,0.667,43.5,2.4,6.2,49.0,0,None,NOAA GFS 0.25° Operational GRIB2,00Z,f123,f147,IMD 24h Daily Gridded Observation,2024-07-21,area_weighted_lat_cosine_polygon_integral,24h (03:00 UTC to 03:00 UTC / 08:30 IST to 08:30 IST)
2024-07-15,2024-07-22,SUB_01,Andaman & Nicobar Islands,South Peninsula,island,0,11.74,92.65,7,3.3,8.5,-5.2,0.667,43.5,2.3,1.0,51.8,0,None,NOAA GFS 0.25° Operational GRIB2,00Z,f147,f171,IMD 24h Daily Gridded Observation,2024-07-22,area_weighted_lat_cosine_polygon_integral,24h (03:00 UTC to 03:00 UTC / 08:30 IST to 08:30 IST)
2024-07-15,2024-07-23,SUB_01,Andaman & Nicobar Islands,South Peninsula,island,0,11.74,92.65,8,2.8,8.5,-5.7,0.667,43.5,4.6,1.8,54.6,0,None,NOAA GFS 0.25° Operational GRIB2,00Z,f171,f195,IMD 24h Daily Gridded Observation,2024-07-23,area_weighted_lat_cosine_polygon_integral,24h (03:00 UTC to 03:00 UTC / 08:30 IST to 08:30 IST)
2024-07-15,2024-07-24,SUB_01,Andaman & Nicobar Islands,South Peninsula,island,0,11.74,92.65,9,3.7,8.5,-4.8,0.667,43.5,9.9,6.2,57.4,0,None,NOAA GFS 0.25° Operational GRIB2,00Z,f195,f219,IMD 24h Daily Gridded Observation,2024-07-24,area_weighted_lat_cosine_polygon_integral,24h (03:00 UTC to 03:00 UTC / 08:30 IST to 08:30 IST)
2024-07-15,2024-07-25,SUB_01,Andaman & Nicobar Islands,South Peninsula,island,0,11.74,92.65,10,6.9,8.5,-1.6,0.667,43.5,13.2,6.3,60.2,0,None,NOAA GFS 0.25° Operational GRIB2,00Z,f219,f243,IMD 24h Daily Gridded Observation,2024-07-25,area_weighted_lat_cosine_polygon_integral,24h (03:00 UTC to 03:00 UTC / 08:30 IST to 08:30 IST)
2024-07-15,2024-07-16,SUB_02,Arunachal Pradesh,East & Northeast,himalayan,0,28.21,94.72,1,9.7,14.0,-4.3,0.667,80.5,4.3,5.4,35.0,0,None,NOAA GFS 0.25° Operational GRIB2,00Z,f003,f027,IMD 24h Daily Gridded Observation,2024-07-16,area_weighted_lat_cosine_polygon_integral,24h (03:00 UTC to 03:00 UTC / 08:30 IST to 08:30 IST)
2024-07-15,2024-07-17,SUB_02,Arunachal Pradesh,East & Northeast,himalayan,0,28.21,94.72,2,5.9,14.0,-8.1,0.667,43.5,0.4,5.5,37.8,0,None,NOAA GFS 0.25° Operational GRIB2,00Z,f027,f051,IMD 24h Daily Gridded Observation,2024-07-17,area_weighted_lat_cosine_polygon_integral,24h (03:00 UTC to 03:00 UTC / 08:30 IST to 08:30 IST)
2024-07-15,2024-07-18,SUB_02,Arunachal Pradesh,East & Northeast,himalayan,0,28.21,94.72,3,7.4,14.0,-6.6,0.667,43.5,2.6,4.8,40.6,0,None,NOAA GFS 0.25° Operational GRIB2,00Z,f051,f075,IMD 24h Daily Gridded Observation,2024-07-18,area_weighted_lat_cosine_polygon_integral,24h (03:00 UTC to 03:00 UTC / 08:30 IST to 08:30 IST)
2024-07-15,2024-07-19,SUB_02,Arunachal Pradesh,East & Northeast,himalayan,0,28.21,94.72,4,7.7,14.0,-6.3,0.667,43.5,0.2,7.5,43.4,0,None,NOAA GFS 0.25° Operational GRIB2,00Z,f075,f099,IMD 24h Daily Gridded Observation,2024-07-19,area_weighted_lat_cosine_polygon_integral,24h (03:00 UTC to 03:00 UTC / 08:30 IST to 08:30 IST)
2024-07-15,2024-07-20,SUB_02,Arunachal Pradesh,East & Northeast,himalayan,0,28.21,94.72,5,8.3,14.0,-5.7,0.667,43.5,4.6,3.7,46.2,0,None,NOAA GFS 0.25° Operational GRIB2,00Z,f099,f123,IMD 24h Daily Gridded Observation,2024-07-20,area_weighted_lat_cosine_polygon_integral,24h (03:00 UTC to 03:00 UTC / 08:30 IST to 08:30 IST)
2024-07-15,2024-07-21,SUB_02,Arunachal Pradesh,East & Northeast,himalayan,0,28.21,94.72,6,10.5,14.0,-3.5,0.667,43.5,28.2,17.7,49.0,0,None,NOAA GFS 0.25° Operational GRIB2,00Z,f123,f147,IMD 24h Daily Gridded Observation,2024-07-21,area_weighted_lat_cosine_polygon_integral,24h (03:00 UTC to 03:00 UTC / 08:30 IST to 08:30 IST)
2024-07-15,2024-07-22,SUB_02,Arunachal Pradesh,East & Northeast,himalayan,0,28.21,94.72,7,6.9,14.0,-7.1,0.667,43.5,10.5,3.6,51.8,0,None,NOAA GFS 0.25° Operational GRIB2,00Z,f147,f171,IMD 24h Daily Gridded Observation,2024-07-22,area_weighted_lat_cosine_polygon_integral,24h (03:00 UTC to 03:00 UTC / 08:30 IST to 08:30 IST)
2024-07-15,2024-07-23,SUB_02,Arunachal Pradesh,East & Northeast,himalayan,0,28.21,94.72,8,8.7,14.0,-5.3,0.667,43.5,17.8,9.1,54.6,0,None,NOAA GFS 0.25° Operational GRIB2,00Z,f171,f195,IMD 24h Daily Gridded Observation,2024-07-23,area_weighted_lat_cosine_polygon_integral,24h (03:00 UTC to 03:00 UTC / 08:30 IST to 08:30 IST)
2024-07-15,2024-07-24,SUB_02,Arunachal Pradesh,East & Northeast,himalayan,0,28.21,94.72,9,5.9,14.0,-8.1,0.667,43.5,6.2,0.3,57.4,0,None,NOAA GFS 0.25° Operational GRIB2,00Z,f195,f219,IMD 24h Daily Gridded Observation,2024-07-24,area_weighted_lat_cosine_polygon_integral,24h (03:00 UTC to 03:00 UTC / 08:30 IST to 08:30 IST)
2024-07-15,2024-07-25,SUB_02,Arunachal Pradesh,East & Northeast,himalayan,0,28.21,94.72,10,7.4,14.0,-6.6,0.667,43.5,8.0,0.6,60.2,0,None,NOAA GFS 0.25° Operational GRIB2,00Z,f219,f243,IMD 24h Daily Gridded Observation,2024-07-25,area_weighted_lat_cosine_polygon_integral,24h (03:00 UTC to 03:00 UTC / 08:30 IST to 08:30 IST)
2024-07-15,2024-07-16,SUB_03,Assam & Meghalaya,East & Northeast,hills_valleys,0,26.2,92.93,1,20.5,14.0,6.5,0.667,80.5,7.5,13.0,35.0,0,None,NOAA GFS 0.25° Operational GRIB2,00Z,f003,f027,IMD 24h Daily Gridded Observation,2024-07-16,area_weighted_lat_cosine_polygon_integral,24h (03:00 UTC to 03:00 UTC / 08:30 IST to 08:30 IST)
2024-07-15,2024-07-17,SUB_03,Assam & Meghalaya,East & Northeast,hills_valleys,0,26.2,92.93,2,7.9,14.0,-6.1,0.667,43.5,1.6,6.3,37.8,0,None,NOAA GFS 0.25° Operational GRIB2,00Z,f027,f051,IMD 24h Daily Gridded Observation,2024-07-17,area_weighted_lat_cosine_polygon_integral,24h (03:00 UTC to 03:00 UTC / 08:30 IST to 08:30 IST)
2024-07-15,2024-07-18,SUB_03,Assam & Meghalaya,East & Northeast,hills_valleys,0,26.2,92.93,3,13.0,14.0,-1.0,0.667,43.5,6.0,7.0,40.6,0,None,NOAA GFS 0.25° Operational GRIB2,00Z,f051,f075,IMD 24h Daily Gridded Observation,2024-07-18,area_weighted_lat_cosine_polygon_integral,24h (03:00 UTC to 03:00 UTC / 08:30 IST to 08:30 IST)
2024-07-15,2024-07-19,SUB_03,Assam & Meghalaya,East & Northeast,hills_valleys,0,26.2,92.93,4,11.9,14.0,-2.1,0.667,43.5,2.7,9.2,43.4,0,None,NOAA GFS 0.25° Operational GRIB2,00Z,f075,f099,IMD 24h Daily Gridded Observation,2024-07-19,area_weighted_lat_cosine_polygon_integral,24h (03:00 UTC to 03:00 UTC / 08:30 IST to 08:30 IST)
2024-07-15,2024-07-20,SUB_03,Assam & Meghalaya,East & Northeast,hills_valleys,0,26.2,92.93,5,14.0,14.0,0.0,0.667,43.5,17.3,3.3,46.2,0,None,NOAA GFS 0.25° Operational GRIB2,00Z,f099,f123,IMD 24h Daily Gridded Observation,2024-07-20,area_weighted_lat_cosine_polygon_integral,24h (03:00 UTC to 03:00 UTC / 08:30 IST to 08:30 IST)
2024-07-15,2024-07-21,SUB_03,Assam & Meghalaya,East & Northeast,hills_valleys,0,26.2,92.93,6,11.3,14.0,-2.7,0.667,43.5,8.1,3.2,49.0,0,None,NOAA GFS 0.25° Operational GRIB2,00Z,f123,f147,IMD 24h Daily Gridded Observation,2024-07-21,area_weighted_lat_cosine_polygon_integral,24h (03:00 UTC to 03:00 UTC / 08:30 IST to 08:30 IST)
2024-07-15,2024-07-22,SUB_03,Assam & Meghalaya,East & Northeast,hills_valleys,0,26.2,92.93,7,10.7,14.0,-3.3,0.667,43.5,23.7,13.0,51.8,0,None,NOAA GFS 0.25° Operational GRIB2,00Z,f147,f171,IMD 24h Daily Gridded Observation,2024-07-22,area_weighted_lat_cosine_polygon_integral,24h (03:00 UTC to 03:00 UTC / 08:30 IST to 08:30 IST)
2024-07-15,2024-07-23,SUB_03,Assam & Meghalaya,East & Northeast,hills_valleys,0,26.2,92.93,8,8.5,14.0,-5.5,0.667,43.5,0.5,8.0,54.6,0,None,NOAA GFS 0.25° Operational GRIB2,00Z,f171,f195,IMD 24h Daily Gridded Observation,2024-07-23,area_weighted_lat_cosine_polygon_integral,24h (03:00 UTC to 03:00 UTC / 08:30 IST to 08:30 IST)
2024-07-15,2024-07-24,SUB_03,Assam & Meghalaya,East & Northeast,hills_valleys,0,26.2,92.93,9,9.9,14.0,-4.1,0.667,43.5,0.6,9.3,57.4,0,None,NOAA GFS 0.25° Operational GRIB2,00Z,f195,f219,IMD 24h Daily Gridded Observation,2024-07-24,area_weighted_lat_cosine_polygon_integral,24h (03:00 UTC to 03:00 UTC / 08:30 IST to 08:30 IST)
2024-07-15,2024-07-25,SUB_03,Assam & Meghalaya,East & Northeast,hills_valleys,0,26.2,92.93,10,9.1,14.0,-4.9,0.667,43.5,0.4,8.7,60.2,0,None,NOAA GFS 0.25° Operational GRIB2,00Z,f219,f243,IMD 24h Daily Gridded Observation,2024-07-25,area_weighted_lat_cosine_polygon_integral,24h (03:00 UTC to 03:00 UTC / 08:30 IST to 08:30 IST)
2024-07-15,2024-07-16,SUB_04,"Nagaland, Manipur, Mizoram & Tripura",East & Northeast,hills,0,24.81,93.93,1,17.0,14.0,3.0,0.667,80.5,4.7,12.3,35.0,0,None,NOAA GFS 0.25° Operational GRIB2,00Z,f003,f027,IMD 24h Daily Gridded Observation,2024-07-16,area_weighted_lat_cosine_polygon_integral,24h (03:00 UTC to 03:00 UTC / 08:30 IST to 08:30 IST)
2024-07-15,2024-07-17,SUB_04,"Nagaland, Manipur, Mizoram & Tripura",East & Northeast,hills,0,24.81,93.93,2,9.2,14.0,-4.8,0.667,43.5,1.8,7.4,37.8,0,None,NOAA GFS 0.25° Operational GRIB2,00Z,f027,f051,IMD 24h Daily Gridded Observation,2024-07-17,area_weighted_lat_cosine_polygon_integral,24h (03:00 UTC to 03:00 UTC / 08:30 IST to 08:30 IST)
2024-07-15,2024-07-18,SUB_04,"Nagaland, Manipur, Mizoram & Tripura",East & Northeast,hills,0,24.81,93.93,3,12.7,14.0,-1.3,0.667,43.5,12.7,0.0,40.6,0,None,NOAA GFS 0.25° Operational GRIB2,00Z,f051,f075,IMD 24h Daily Gridded Observation,2024-07-18,area_weighted_lat_cosine_polygon_integral,24h (03:00 UTC to 03:00 UTC / 08:30 IST to 08:30 IST)
2024-07-15,2024-07-19,SUB_04,"Nagaland, Manipur, Mizoram & Tripura",East & Northeast,hills,0,24.81,93.93,4,13.9,14.0,-0.1,0.667,43.5,1.3,12.6,43.4,0,None,NOAA GFS 0.25° Operational GRIB2,00Z,f075,f099,IMD 24h Daily Gridded Observation,2024-07-19,area_weighted_lat_cosine_polygon_integral,24h (03:00 UTC to 03:00 UTC / 08:30 IST to 08:30 IST)
2024-07-15,2024-07-20,SUB_04,"Nagaland, Manipur, Mizoram & Tripura",East & Northeast,hills,0,24.81,93.93,5,17.0,14.0,3.0,0.667,43.5,2.2,14.8,46.2,1,Category Failure (>=2 Cats),NOAA GFS 0.25° Operational GRIB2,00Z,f099,f123,IMD 24h Daily Gridded Observation,2024-07-20,area_weighted_lat_cosine_polygon_integral,24h (03:00 UTC to 03:00 UTC / 08:30 IST to 08:30 IST)
2024-07-15,2024-07-21,SUB_04,"Nagaland, Manipur, Mizoram & Tripura",East & Northeast,hills,0,24.81,93.93,6,12.7,14.0,-1.3,0.667,43.5,10.0,2.7,49.0,0,None,NOAA GFS 0.25° Operational GRIB2,00Z,f123,f147,IMD 24h Daily Gridded Observation,2024-07-21,area_weighted_lat_cosine_polygon_integral,24h (03:00 UTC to 03:00 UTC / 08:30 IST to 08:30 IST)
2024-07-15,2024-07-22,SUB_04,"Nagaland, Manipur, Mizoram & Tripura",East & Northeast,hills,0,24.81,93.93,7,13.7,14.0,-0.3,0.667,43.5,47.8,34.1,51.8,0,None,NOAA GFS 0.25° Operational GRIB2,00Z,f147,f171,IMD 24h Daily Gridded Observation,2024-07-22,area_weighted_lat_cosine_polygon_integral,24h (03:00 UTC to 03:00 UTC / 08:30 IST to 08:30 IST)
2024-07-15,2024-07-23,SUB_04,"Nagaland, Manipur, Mizoram & Tripura",East & Northeast,hills,0,24.81,93.93,8,8.2,14.0,-5.8,0.667,43.5,12.9,4.7,54.6,0,None,NOAA GFS 0.25° Operational GRIB2,00Z,f171,f195,IMD 24h Daily Gridded Observation,2024-07-23,area_weighted_lat_cosine_polygon_integral,24h (03:00 UTC to 03:00 UTC / 08:30 IST to 08:30 IST)
2024-07-15,2024-07-24,SUB_04,"Nagaland, Manipur, Mizoram & Tripura",East & Northeast,hills,0,24.81,93.93,9,12.3,14.0,-1.7,0.667,43.5,5.7,6.6,57.4,0,None,NOAA GFS 0.25° Operational GRIB2,00Z,f195,f219,IMD 24h Daily Gridded Observation,2024-07-24,area_weighted_lat_cosine_polygon_integral,24h (03:00 UTC to 03:00 UTC / 08:30 IST to 08:30 IST)
2024-07-15,2024-07-25,SUB_04,"Nagaland, Manipur, Mizoram & Tripura",East & Northeast,hills,0,24.81,93.93,10,9.9,14.0,-4.1,0.667,43.5,10.0,0.1,60.2,0,None,NOAA GFS 0.25° Operational GRIB2,00Z,f219,f243,IMD 24h Daily Gridded Observation,2024-07-25,area_weighted_lat_cosine_polygon_integral,24h (03:00 UTC to 03:00 UTC / 08:30 IST to 08:30 IST)
2024-07-15,2024-07-16,SUB_05,Sub-Himalayan West Bengal & Sikkim,East & Northeast,himalayan,0,27.03,88.5,1,23.9,14.0,9.9,0.667,80.5,37.1,13.2,35.0,0,None,NOAA GFS 0.25° Operational GRIB2,00Z,f003,f027,IMD 24h Daily Gridded Observation,2024-07-16,area_weighted_lat_cosine_polygon_integral,24h (03:00 UTC to 03:00 UTC / 08:30 IST to 08:30 IST)
2024-07-15,2024-07-17,SUB_05,Sub-Himalayan West Bengal & Sikkim,East & Northeast,himalayan,0,27.03,88.5,2,14.2,14.0,0.2,0.667,43.5,9.1,5.1,37.8,0,None,NOAA GFS 0.25° Operational GRIB2,00Z,f027,f051,IMD 24h Daily Gridded Observation,2024-07-17,area_weighted_lat_cosine_polygon_integral,24h (03:00 UTC to 03:00 UTC / 08:30 IST to 08:30 IST)
2024-07-15,2024-07-18,SUB_05,Sub-Himalayan West Bengal & Sikkim,East & Northeast,himalayan,0,27.03,88.5,3,4.6,14.0,-9.4,0.667,43.5,26.4,21.8,40.6,0,None,NOAA GFS 0.25° Operational GRIB2,00Z,f051,f075,IMD 24h Daily Gridded Observation,2024-07-18,area_weighted_lat_cosine_polygon_integral,24h (03:00 UTC to 03:00 UTC / 08:30 IST to 08:30 IST)
2024-07-15,2024-07-19,SUB_05,Sub-Himalayan West Bengal & Sikkim,East & Northeast,himalayan,0,27.03,88.5,4,17.8,14.0,3.8,0.667,43.5,15.2,2.6,43.4,0,None,NOAA GFS 0.25° Operational GRIB2,00Z,f075,f099,IMD 24h Daily Gridded Observation,2024-07-19,area_weighted_lat_cosine_polygon_integral,24h (03:00 UTC to 03:00 UTC / 08:30 IST to 08:30 IST)
2024-07-15,2024-07-20,SUB_05,Sub-Himalayan West Bengal & Sikkim,East & Northeast,himalayan,0,27.03,88.5,5,5.9,14.0,-8.1,0.667,43.5,20.8,14.9,46.2,0,None,NOAA GFS 0.25° Operational GRIB2,00Z,f099,f123,IMD 24h Daily Gridded Observation,2024-07-20,area_weighted_lat_cosine_polygon_integral,24h (03:00 UTC to 03:00 UTC / 08:30 IST to 08:30 IST)
2024-07-15,2024-07-21,SUB_05,Sub-Himalayan West Bengal & Sikkim,East & Northeast,himalayan,0,27.03,88.5,6,12.1,14.0,-1.9,0.667,43.5,20.3,8.2,49.0,0,None,NOAA GFS 0.25° Operational GRIB2,00Z,f123,f147,IMD 24h Daily Gridded Observation,2024-07-21,area_weighted_lat_cosine_polygon_integral,24h (03:00 UTC to 03:00 UTC / 08:30 IST to 08:30 IST)
2024-07-15,2024-07-22,SUB_05,Sub-Himalayan West Bengal & Sikkim,East & Northeast,himalayan,0,27.03,88.5,7,9.0,14.0,-5.0,0.667,43.5,13.8,4.8,51.8,0,None,NOAA GFS 0.25° Operational GRIB2,00Z,f147,f171,IMD 24h Daily Gridded Observation,2024-07-22,area_weighted_lat_cosine_polygon_integral,24h (03:00 UTC to 03:00 UTC / 08:30 IST to 08:30 IST)
2024-07-15,2024-07-23,SUB_05,Sub-Himalayan West Bengal & Sikkim,East & Northeast,himalayan,0,27.03,88.5,8,12.0,14.0,-2.0,0.667,43.5,29.3,17.3,54.6,0,None,NOAA GFS 0.25° Operational GRIB2,00Z,f171,f195,IMD 24h Daily Gridded Observation,2024-07-23,area_weighted_lat_cosine_polygon_integral,24h (03:00 UTC to 03:00 UTC / 08:30 IST to 08:30 IST)
2024-07-15,2024-07-24,SUB_05,Sub-Himalayan West Bengal & Sikkim,East & Northeast,himalayan,0,27.03,88.5,9,13.0,14.0,-1.0,0.667,43.5,10.6,2.4,57.4,0,None,NOAA GFS 0.25° Operational GRIB2,00Z,f195,f219,IMD 24h Daily Gridded Observation,2024-07-24,area_weighted_lat_cosine_polygon_integral,24h (03:00 UTC to 03:00 UTC / 08:30 IST to 08:30 IST)
2024-07-15,2024-07-25,SUB_05,Sub-Himalayan West Bengal & Sikkim,East & Northeast,himalayan,0,27.03,88.5,10,9.8,14.0,-4.2,0.667,43.5,28.4,18.6,60.2,0,None,NOAA GFS 0.25° Operational GRIB2,00Z,f219,f243,IMD 24h Daily Gridded Observation,2024-07-25,area_weighted_lat_cosine_polygon_integral,24h (03:00 UTC to 03:00 UTC / 08:30 IST to 08:30 IST)
2024-07-15,2024-07-16,SUB_06,Gangetic West Bengal,East & Northeast,plains,0,22.98,87.85,1,2.9,14.0,-11.1,0.667,43.5,2.6,0.3,35.0,0,None,NOAA GFS 0.25° Operational GRIB2,00Z,f003,f027,IMD 24h Daily Gridded Observation,2024-07-16,area_weighted_lat_cosine_polygon_integral,24h (03:00 UTC to 03:00 UTC / 08:30 IST to 08:30 IST)
2024-07-15,2024-07-17,SUB_06,Gangetic West Bengal,East & Northeast,plains,0,22.98,87.85,2,3.7,14.0,-10.3,0.667,43.5,2.8,0.9,37.8,0,None,NOAA GFS 0.25° Operational GRIB2,00Z,f027,f051,IMD 24h Daily Gridded Observation,2024-07-17,area_weighted_lat_cosine_polygon_integral,24h (03:00 UTC to 03:00 UTC / 08:30 IST to 08:30 IST)
2024-07-15,2024-07-18,SUB_06,Gangetic West Bengal,East & Northeast,plains,0,22.98,87.85,3,0.4,14.0,-13.6,0.667,43.5,2.4,2.0,40.6,0,None,NOAA GFS 0.25° Operational GRIB2,00Z,f051,f075,IMD 24h Daily Gridded Observation,2024-07-18,area_weighted_lat_cosine_polygon_integral,24h (03:00 UTC to 03:00 UTC / 08:30 IST to 08:30 IST)
2024-07-15,2024-07-19,SUB_06,Gangetic West Bengal,East & Northeast,plains,0,22.98,87.85,4,0.7,14.0,-13.3,0.667,43.5,1.4,0.7,43.4,0,None,NOAA GFS 0.25° Operational GRIB2,00Z,f075,f099,IMD 24h Daily Gridded Observation,2024-07-19,area_weighted_lat_cosine_polygon_integral,24h (03:00 UTC to 03:00 UTC / 08:30 IST to 08:30 IST)
2024-07-15,2024-07-20,SUB_06,Gangetic West Bengal,East & Northeast,plains,0,22.98,87.85,5,3.4,14.0,-10.6,0.667,43.5,3.4,0.0,46.2,0,None,NOAA GFS 0.25° Operational GRIB2,00Z,f099,f123,IMD 24h Daily Gridded Observation,2024-07-20,area_weighted_lat_cosine_polygon_integral,24h (03:00 UTC to 03:00 UTC / 08:30 IST to 08:30 IST)
2024-07-15,2024-07-21,SUB_06,Gangetic West Bengal,East & Northeast,plains,0,22.98,87.85,6,6.1,14.0,-7.9,0.667,43.5,2.4,3.7,49.0,0,None,NOAA GFS 0.25° Operational GRIB2,00Z,f123,f147,IMD 24h Daily Gridded Observation,2024-07-21,area_weighted_lat_cosine_polygon_integral,24h (03:00 UTC to 03:00 UTC / 08:30 IST to 08:30 IST)
2024-07-15,2024-07-22,SUB_06,Gangetic West Bengal,East & Northeast,plains,0,22.98,87.85,7,10.3,14.0,-3.7,0.667,43.5,6.3,4.0,51.8,0,None,NOAA GFS 0.25° Operational GRIB2,00Z,f147,f171,IMD 24h Daily Gridded Observation,2024-07-22,area_weighted_lat_cosine_polygon_integral,24h (03:00 UTC to 03:00 UTC / 08:30 IST to 08:30 IST)
2024-07-15,2024-07-23,SUB_06,Gangetic West Bengal,East & Northeast,plains,0,22.98,87.85,8,27.2,14.0,13.2,0.667,43.5,13.9,13.3,54.6,0,None,NOAA GFS 0.25° Operational GRIB2,00Z,f171,f195,IMD 24h Daily Gridded Observation,2024-07-23,area_weighted_lat_cosine_polygon_integral,24h (03:00 UTC to 03:00 UTC / 08:30 IST to 08:30 IST)
2024-07-15,2024-07-24,SUB_06,Gangetic West Bengal,East & Northeast,plains,0,22.98,87.85,9,30.9,14.0,16.9,1.0,64.7,21.0,9.9,57.4,0,None,NOAA GFS 0.25° Operational GRIB2,00Z,f195,f219,IMD 24h Daily Gridded Observation,2024-07-24,area_weighted_lat_cosine_polygon_integral,24h (03:00 UTC to 03:00 UTC / 08:30 IST to 08:30 IST)
2024-07-15,2024-07-25,SUB_06,Gangetic West Bengal,East & Northeast,plains,0,22.98,87.85,10,12.4,14.0,-1.6,0.667,43.5,7.1,5.3,60.2,0,None,NOAA GFS 0.25° Operational GRIB2,00Z,f219,f243,IMD 24h Daily Gridded Observation,2024-07-25,area_weighted_lat_cosine_polygon_integral,24h (03:00 UTC to 03:00 UTC / 08:30 IST to 08:30 IST)
2024-07-15,2024-07-16,SUB_07,Odisha,East & Northeast,coastal_plateau,1,20.95,85.09,1,7.7,14.0,-6.3,0.667,80.5,27.0,19.3,35.0,0,None,NOAA GFS 0.25° Operational GRIB2,00Z,f003,f027,IMD 24h Daily Gridded Observation,2024-07-16,area_weighted_lat_cosine_polygon_integral,24h (03:00 UTC to 03:00 UTC / 08:30 IST to 08:30 IST)
2024-07-15,2024-07-17,SUB_07,Odisha,East & Northeast,coastal_plateau,1,20.95,85.09,2,4.7,14.0,-9.3,0.667,43.5,2.4,2.3,37.8,0,None,NOAA GFS 0.25° Operational GRIB2,00Z,f027,f051,IMD 24h Daily Gridded Observation,2024-07-17,area_weighted_lat_cosine_polygon_integral,24h (03:00 UTC to 03:00 UTC / 08:30 IST to 08:30 IST)
2024-07-15,2024-07-18,SUB_07,Odisha,East & Northeast,coastal_plateau,1,20.95,85.09,3,8.6,14.0,-5.4,0.667,43.5,1.6,7.0,40.6,0,None,NOAA GFS 0.25° Operational GRIB2,00Z,f051,f075,IMD 24h Daily Gridded Observation,2024-07-18,area_weighted_lat_cosine_polygon_integral,24h (03:00 UTC to 03:00 UTC / 08:30 IST to 08:30 IST)
2024-07-15,2024-07-19,SUB_07,Odisha,East & Northeast,coastal_plateau,1,20.95,85.09,4,10.6,14.0,-3.4,0.667,43.5,12.5,1.9,43.4,0,None,NOAA GFS 0.25° Operational GRIB2,00Z,f075,f099,IMD 24h Daily Gridded Observation,2024-07-19,area_weighted_lat_cosine_polygon_integral,24h (03:00 UTC to 03:00 UTC / 08:30 IST to 08:30 IST)
2024-07-15,2024-07-20,SUB_07,Odisha,East & Northeast,coastal_plateau,1,20.95,85.09,5,27.0,14.0,13.0,0.667,43.5,25.8,1.2,46.2,0,None,NOAA GFS 0.25° Operational GRIB2,00Z,f099,f123,IMD 24h Daily Gridded Observation,2024-07-20,area_weighted_lat_cosine_polygon_integral,24h (03:00 UTC to 03:00 UTC / 08:30 IST to 08:30 IST)
2024-07-15,2024-07-21,SUB_07,Odisha,East & Northeast,coastal_plateau,1,20.95,85.09,6,10.6,14.0,-3.4,0.667,43.5,27.7,17.1,49.0,0,None,NOAA GFS 0.25° Operational GRIB2,00Z,f123,f147,IMD 24h Daily Gridded Observation,2024-07-21,area_weighted_lat_cosine_polygon_integral,24h (03:00 UTC to 03:00 UTC / 08:30 IST to 08:30 IST)
2024-07-15,2024-07-22,SUB_07,Odisha,East & Northeast,coastal_plateau,1,20.95,85.09,7,10.5,14.0,-3.5,0.667,43.5,6.2,4.3,51.8,0,None,NOAA GFS 0.25° Operational GRIB2,00Z,f147,f171,IMD 24h Daily Gridded Observation,2024-07-22,area_weighted_lat_cosine_polygon_integral,24h (03:00 UTC to 03:00 UTC / 08:30 IST to 08:30 IST)
2024-07-15,2024-07-23,SUB_07,Odisha,East & Northeast,coastal_plateau,1,20.95,85.09,8,15.6,14.0,1.6,0.667,43.5,13.4,2.2,54.6,0,None,NOAA GFS 0.25° Operational GRIB2,00Z,f171,f195,IMD 24h Daily Gridded Observation,2024-07-23,area_weighted_lat_cosine_polygon_integral,24h (03:00 UTC to 03:00 UTC / 08:30 IST to 08:30 IST)
2024-07-15,2024-07-24,SUB_07,Odisha,East & Northeast,coastal_plateau,1,20.95,85.09,9,27.0,14.0,13.0,0.667,43.5,16.8,10.2,57.4,0,None,NOAA GFS 0.25° Operational GRIB2,00Z,f195,f219,IMD 24h Daily Gridded Observation,2024-07-24,area_weighted_lat_cosine_polygon_integral,24h (03:00 UTC to 03:00 UTC / 08:30 IST to 08:30 IST)
2024-07-15,2024-07-25,SUB_07,Odisha,East & Northeast,coastal_plateau,1,20.95,85.09,10,43.3,14.0,29.3,1.0,65.2,6.5,36.8,60.2,0,None,NOAA GFS 0.25° Operational GRIB2,00Z,f219,f243,IMD 24h Daily Gridded Observation,2024-07-25,area_weighted_lat_cosine_polygon_integral,24h (03:00 UTC to 03:00 UTC / 08:30 IST to 08:30 IST)
2024-07-15,2024-07-16,SUB_08,Jharkhand,East & Northeast,plateau,0,23.61,85.27,1,1.4,14.0,-12.6,0.667,43.5,3.2,1.8,35.0,0,None,NOAA GFS 0.25° Operational GRIB2,00Z,f003,f027,IMD 24h Daily Gridded Observation,2024-07-16,area_weighted_lat_cosine_polygon_integral,24h (03:00 UTC to 03:00 UTC / 08:30 IST to 08:30 IST)
2024-07-15,2024-07-17,SUB_08,Jharkhand,East & Northeast,plateau,0,23.61,85.27,2,3.7,14.0,-10.3,0.667,43.5,1.9,1.8,37.8,0,None,NOAA GFS 0.25° Operational GRIB2,00Z,f027,f051,IMD 24h Daily Gridded Observation,2024-07-17,area_weighted_lat_cosine_polygon_integral,24h (03:00 UTC to 03:00 UTC / 08:30 IST to 08:30 IST)
2024-07-15,2024-07-18,SUB_08,Jharkhand,East & Northeast,plateau,0,23.61,85.27,3,2.0,14.0,-12.0,0.667,43.5,1.4,0.6,40.6,0,None,NOAA GFS 0.25° Operational GRIB2,00Z,f051,f075,IMD 24h Daily Gridded Observation,2024-07-18,area_weighted_lat_cosine_polygon_integral,24h (03:00 UTC to 03:00 UTC / 08:30 IST to 08:30 IST)
2024-07-15,2024-07-19,SUB_08,Jharkhand,East & Northeast,plateau,0,23.61,85.27,4,1.1,14.0,-12.9,0.667,43.5,0.7,0.4,43.4,0,None,NOAA GFS 0.25° Operational GRIB2,00Z,f075,f099,IMD 24h Daily Gridded Observation,2024-07-19,area_weighted_lat_cosine_polygon_integral,24h (03:00 UTC to 03:00 UTC / 08:30 IST to 08:30 IST)
2024-07-15,2024-07-20,SUB_08,Jharkhand,East & Northeast,plateau,0,23.61,85.27,5,1.5,14.0,-12.5,0.667,43.5,3.5,2.0,46.2,0,None,NOAA GFS 0.25° Operational GRIB2,00Z,f099,f123,IMD 24h Daily Gridded Observation,2024-07-20,area_weighted_lat_cosine_polygon_integral,24h (03:00 UTC to 03:00 UTC / 08:30 IST to 08:30 IST)
2024-07-15,2024-07-21,SUB_08,Jharkhand,East & Northeast,plateau,0,23.61,85.27,6,4.6,14.0,-9.4,0.667,43.5,7.0,2.4,49.0,0,None,NOAA GFS 0.25° Operational GRIB2,00Z,f123,f147,IMD 24h Daily Gridded Observation,2024-07-21,area_weighted_lat_cosine_polygon_integral,24h (03:00 UTC to 03:00 UTC / 08:30 IST to 08:30 IST)
2024-07-15,2024-07-22,SUB_08,Jharkhand,East & Northeast,plateau,0,23.61,85.27,7,10.6,14.0,-3.4,0.667,43.5,7.7,2.9,51.8,0,None,NOAA GFS 0.25° Operational GRIB2,00Z,f147,f171,IMD 24h Daily Gridded Observation,2024-07-22,area_weighted_lat_cosine_polygon_integral,24h (03:00 UTC to 03:00 UTC / 08:30 IST to 08:30 IST)
2024-07-15,2024-07-23,SUB_08,Jharkhand,East & Northeast,plateau,0,23.61,85.27,8,43.1,14.0,29.1,1.0,65.2,12.6,30.5,54.6,0,None,NOAA GFS 0.25° Operational GRIB2,00Z,f171,f195,IMD 24h Daily Gridded Observation,2024-07-23,area_weighted_lat_cosine_polygon_integral,24h (03:00 UTC to 03:00 UTC / 08:30 IST to 08:30 IST)
2024-07-15,2024-07-24,SUB_08,Jharkhand,East & Northeast,plateau,0,23.61,85.27,9,16.4,14.0,2.4,0.667,43.5,19.2,2.8,57.4,0,None,NOAA GFS 0.25° Operational GRIB2,00Z,f195,f219,IMD 24h Daily Gridded Observation,2024-07-24,area_weighted_lat_cosine_polygon_integral,24h (03:00 UTC to 03:00 UTC / 08:30 IST to 08:30 IST)
2024-07-15,2024-07-25,SUB_08,Jharkhand,East & Northeast,plateau,0,23.61,85.27,10,16.8,14.0,2.8,0.667,43.5,8.4,8.4,60.2,0,None,NOAA GFS 0.25° Operational GRIB2,00Z,f219,f243,IMD 24h Daily Gridded Observation,2024-07-25,area_weighted_lat_cosine_polygon_integral,24h (03:00 UTC to 03:00 UTC / 08:30 IST to 08:30 IST)
2024-07-15,2024-07-16,SUB_09,Bihar,East & Northeast,plains,0,25.09,85.31,1,4.5,14.0,-9.5,0.667,43.5,0.3,4.2,35.0,0,None,NOAA GFS 0.25° Operational GRIB2,00Z,f003,f027,IMD 24h Daily Gridded Observation,2024-07-16,area_weighted_lat_cosine_polygon_integral,24h (03:00 UTC to 03:00 UTC / 08:30 IST to 08:30 IST)
2024-07-15,2024-07-17,SUB_09,Bihar,East & Northeast,plains,0,25.09,85.31,2,7.7,14.0,-6.3,0.667,43.5,0.4,7.3,37.8,0,None,NOAA GFS 0.25° Operational GRIB2,00Z,f027,f051,IMD 24h Daily Gridded Observation,2024-07-17,area_weighted_lat_cosine_polygon_integral,24h (03:00 UTC to 03:00 UTC / 08:30 IST to 08:30 IST)
2024-07-15,2024-07-18,SUB_09,Bihar,East & Northeast,plains,0,25.09,85.31,3,3.1,14.0,-10.9,0.667,43.5,0.4,2.7,40.6,0,None,NOAA GFS 0.25° Operational GRIB2,00Z,f051,f075,IMD 24h Daily Gridded Observation,2024-07-18,area_weighted_lat_cosine_polygon_integral,24h (03:00 UTC to 03:00 UTC / 08:30 IST to 08:30 IST)
2024-07-15,2024-07-19,SUB_09,Bihar,East & Northeast,plains,0,25.09,85.31,4,6.2,14.0,-7.8,0.667,43.5,0.6,5.6,43.4,0,None,NOAA GFS 0.25° Operational GRIB2,00Z,f075,f099,IMD 24h Daily Gridded Observation,2024-07-19,area_weighted_lat_cosine_polygon_integral,24h (03:00 UTC to 03:00 UTC / 08:30 IST to 08:30 IST)
2024-07-15,2024-07-20,SUB_09,Bihar,East & Northeast,plains,0,25.09,85.31,5,3.6,14.0,-10.4,0.667,43.5,2.3,1.3,46.2,0,None,NOAA GFS 0.25° Operational GRIB2,00Z,f099,f123,IMD 24h Daily Gridded Observation,2024-07-20,area_weighted_lat_cosine_polygon_integral,24h (03:00 UTC to 03:00 UTC / 08:30 IST to 08:30 IST)
2024-07-15,2024-07-21,SUB_09,Bihar,East & Northeast,plains,0,25.09,85.31,6,4.4,14.0,-9.6,0.667,43.5,0.8,3.6,49.0,0,None,NOAA GFS 0.25° Operational GRIB2,00Z,f123,f147,IMD 24h Daily Gridded Observation,2024-07-21,area_weighted_lat_cosine_polygon_integral,24h (03:00 UTC to 03:00 UTC / 08:30 IST to 08:30 IST)
2024-07-15,2024-07-22,SUB_09,Bihar,East & Northeast,plains,0,25.09,85.31,7,5.4,14.0,-8.6,0.667,43.5,0.6,4.8,51.8,0,None,NOAA GFS 0.25° Operational GRIB2,00Z,f147,f171,IMD 24h Daily Gridded Observation,2024-07-22,area_weighted_lat_cosine_polygon_integral,24h (03:00 UTC to 03:00 UTC / 08:30 IST to 08:30 IST)
2024-07-15,2024-07-23,SUB_09,Bihar,East & Northeast,plains,0,25.09,85.31,8,18.7,14.0,4.7,0.667,43.5,1.8,16.9,54.6,1,Category Failure (>=2 Cats),NOAA GFS 0.25° Operational GRIB2,00Z,f171,f195,IMD 24h Daily Gridded Observation,2024-07-23,area_weighted_lat_cosine_polygon_integral,24h (03:00 UTC to 03:00 UTC / 08:30 IST to 08:30 IST)
2024-07-15,2024-07-24,SUB_09,Bihar,East & Northeast,plains,0,25.09,85.31,9,17.6,14.0,3.6,0.667,43.5,6.1,11.5,57.4,0,None,NOAA GFS 0.25° Operational GRIB2,00Z,f195,f219,IMD 24h Daily Gridded Observation,2024-07-24,area_weighted_lat_cosine_polygon_integral,24h (03:00 UTC to 03:00 UTC / 08:30 IST to 08:30 IST)
2024-07-15,2024-07-25,SUB_09,Bihar,East & Northeast,plains,0,25.09,85.31,10,9.2,14.0,-4.8,0.667,43.5,4.2,5.0,60.2,0,None,NOAA GFS 0.25° Operational GRIB2,00Z,f219,f243,IMD 24h Daily Gridded Observation,2024-07-25,area_weighted_lat_cosine_polygon_integral,24h (03:00 UTC to 03:00 UTC / 08:30 IST to 08:30 IST)
2024-07-15,2024-07-16,SUB_10,East Uttar Pradesh,Northwest,plains,0,26.5,82.5,1,2.3,10.0,-7.7,0.667,43.5,0.4,1.9,35.0,0,None,NOAA GFS 0.25° Operational GRIB2,00Z,f003,f027,IMD 24h Daily Gridded Observation,2024-07-16,area_weighted_lat_cosine_polygon_integral,24h (03:00 UTC to 03:00 UTC / 08:30 IST to 08:30 IST)
2024-07-15,2024-07-17,SUB_10,East Uttar Pradesh,Northwest,plains,0,26.5,82.5,2,5.3,10.0,-4.7,0.667,43.5,0.7,4.6,37.8,0,None,NOAA GFS 0.25° Operational GRIB2,00Z,f027,f051,IMD 24h Daily Gridded Observation,2024-07-17,area_weighted_lat_cosine_polygon_integral,24h (03:00 UTC to 03:00 UTC / 08:30 IST to 08:30 IST)
2024-07-15,2024-07-18,SUB_10,East Uttar Pradesh,Northwest,plains,0,26.5,82.5,3,4.5,10.0,-5.5,0.667,43.5,0.6,3.9,40.6,0,None,NOAA GFS 0.25° Operational GRIB2,00Z,f051,f075,IMD 24h Daily Gridded Observation,2024-07-18,area_weighted_lat_cosine_polygon_integral,24h (03:00 UTC to 03:00 UTC / 08:30 IST to 08:30 IST)
2024-07-15,2024-07-19,SUB_10,East Uttar Pradesh,Northwest,plains,0,26.5,82.5,4,4.8,10.0,-5.2,0.667,43.5,19.8,15.0,43.4,0,None,NOAA GFS 0.25° Operational GRIB2,00Z,f075,f099,IMD 24h Daily Gridded Observation,2024-07-19,area_weighted_lat_cosine_polygon_integral,24h (03:00 UTC to 03:00 UTC / 08:30 IST to 08:30 IST)
2024-07-15,2024-07-20,SUB_10,East Uttar Pradesh,Northwest,plains,0,26.5,82.5,5,9.4,10.0,-0.6,0.667,43.5,3.0,6.4,46.2,0,None,NOAA GFS 0.25° Operational GRIB2,00Z,f099,f123,IMD 24h Daily Gridded Observation,2024-07-20,area_weighted_lat_cosine_polygon_integral,24h (03:00 UTC to 03:00 UTC / 08:30 IST to 08:30 IST)
2024-07-15,2024-07-21,SUB_10,East Uttar Pradesh,Northwest,plains,0,26.5,82.5,6,6.4,10.0,-3.6,0.667,43.5,0.4,6.0,49.0,0,None,NOAA GFS 0.25° Operational GRIB2,00Z,f123,f147,IMD 24h Daily Gridded Observation,2024-07-21,area_weighted_lat_cosine_polygon_integral,24h (03:00 UTC to 03:00 UTC / 08:30 IST to 08:30 IST)
2024-07-15,2024-07-22,SUB_10,East Uttar Pradesh,Northwest,plains,0,26.5,82.5,7,13.5,10.0,3.5,0.667,43.5,2.1,11.4,51.8,0,None,NOAA GFS 0.25° Operational GRIB2,00Z,f147,f171,IMD 24h Daily Gridded Observation,2024-07-22,area_weighted_lat_cosine_polygon_integral,24h (03:00 UTC to 03:00 UTC / 08:30 IST to 08:30 IST)
2024-07-15,2024-07-23,SUB_10,East Uttar Pradesh,Northwest,plains,0,26.5,82.5,8,23.9,10.0,13.9,0.667,43.5,3.2,20.7,54.6,0,None,NOAA GFS 0.25° Operational GRIB2,00Z,f171,f195,IMD 24h Daily Gridded Observation,2024-07-23,area_weighted_lat_cosine_polygon_integral,24h (03:00 UTC to 03:00 UTC / 08:30 IST to 08:30 IST)
2024-07-15,2024-07-24,SUB_10,East Uttar Pradesh,Northwest,plains,0,26.5,82.5,9,15.0,10.0,5.0,0.667,43.5,4.8,10.2,57.4,0,None,NOAA GFS 0.25° Operational GRIB2,00Z,f195,f219,IMD 24h Daily Gridded Observation,2024-07-24,area_weighted_lat_cosine_polygon_integral,24h (03:00 UTC to 03:00 UTC / 08:30 IST to 08:30 IST)
2024-07-15,2024-07-25,SUB_10,East Uttar Pradesh,Northwest,plains,0,26.5,82.5,10,12.6,10.0,2.6,0.667,43.5,4.7,7.9,60.2,0,None,NOAA GFS 0.25° Operational GRIB2,00Z,f219,f243,IMD 24h Daily Gridded Observation,2024-07-25,area_weighted_lat_cosine_polygon_integral,24h (03:00 UTC to 03:00 UTC / 08:30 IST to 08:30 IST)
2024-07-15,2024-07-16,SUB_11,West Uttar Pradesh,Northwest,plains,0,27.8,78.5,1,2.7,10.0,-7.3,0.667,43.5,13.5,10.8,35.0,0,None,NOAA GFS 0.25° Operational GRIB2,00Z,f003,f027,IMD 24h Daily Gridded Observation,2024-07-16,area_weighted_lat_cosine_polygon_integral,24h (03:00 UTC to 03:00 UTC / 08:30 IST to 08:30 IST)
2024-07-15,2024-07-17,SUB_11,West Uttar Pradesh,Northwest,plains,0,27.8,78.5,2,6.3,10.0,-3.7,0.667,43.5,0.3,6.0,37.8,0,None,NOAA GFS 0.25° Operational GRIB2,00Z,f027,f051,IMD 24h Daily Gridded Observation,2024-07-17,area_weighted_lat_cosine_polygon_integral,24h (03:00 UTC to 03:00 UTC / 08:30 IST to 08:30 IST)
2024-07-15,2024-07-18,SUB_11,West Uttar Pradesh,Northwest,plains,0,27.8,78.5,3,14.8,10.0,4.8,0.667,43.5,0.4,14.4,40.6,0,None,NOAA GFS 0.25° Operational GRIB2,00Z,f051,f075,IMD 24h Daily Gridded Observation,2024-07-18,area_weighted_lat_cosine_polygon_integral,24h (03:00 UTC to 03:00 UTC / 08:30 IST to 08:30 IST)
2024-07-15,2024-07-19,SUB_11,West Uttar Pradesh,Northwest,plains,0,27.8,78.5,4,6.8,10.0,-3.2,0.667,43.5,10.4,3.6,43.4,0,None,NOAA GFS 0.25° Operational GRIB2,00Z,f075,f099,IMD 24h Daily Gridded Observation,2024-07-19,area_weighted_lat_cosine_polygon_integral,24h (03:00 UTC to 03:00 UTC / 08:30 IST to 08:30 IST)
2024-07-15,2024-07-20,SUB_11,West Uttar Pradesh,Northwest,plains,0,27.8,78.5,5,7.8,10.0,-2.2,0.667,43.5,12.9,5.1,46.2,0,None,NOAA GFS 0.25° Operational GRIB2,00Z,f099,f123,IMD 24h Daily Gridded Observation,2024-07-20,area_weighted_lat_cosine_polygon_integral,24h (03:00 UTC to 03:00 UTC / 08:30 IST to 08:30 IST)
2024-07-15,2024-07-21,SUB_11,West Uttar Pradesh,Northwest,plains,0,27.8,78.5,6,16.3,10.0,6.3,0.667,43.5,1.9,14.4,49.0,1,Category Failure (>=2 Cats),NOAA GFS 0.25° Operational GRIB2,00Z,f123,f147,IMD 24h Daily Gridded Observation,2024-07-21,area_weighted_lat_cosine_polygon_integral,24h (03:00 UTC to 03:00 UTC / 08:30 IST to 08:30 IST)
2024-07-15,2024-07-22,SUB_11,West Uttar Pradesh,Northwest,plains,0,27.8,78.5,7,26.4,10.0,16.4,0.667,43.5,3.8,22.6,51.8,0,None,NOAA GFS 0.25° Operational GRIB2,00Z,f147,f171,IMD 24h Daily Gridded Observation,2024-07-22,area_weighted_lat_cosine_polygon_integral,24h (03:00 UTC to 03:00 UTC / 08:30 IST to 08:30 IST)
2024-07-15,2024-07-23,SUB_11,West Uttar Pradesh,Northwest,plains,0,27.8,78.5,8,34.5,10.0,24.5,1.0,64.7,5.5,29.0,54.6,0,None,NOAA GFS 0.25° Operational GRIB2,00Z,f171,f195,IMD 24h Daily Gridded Observation,2024-07-23,area_weighted_lat_cosine_polygon_integral,24h (03:00 UTC to 03:00 UTC / 08:30 IST to 08:30 IST)
2024-07-15,2024-07-24,SUB_11,West Uttar Pradesh,Northwest,plains,0,27.8,78.5,9,12.5,10.0,2.5,0.667,43.5,6.9,5.6,57.4,0,None,NOAA GFS 0.25° Operational GRIB2,00Z,f195,f219,IMD 24h Daily Gridded Observation,2024-07-24,area_weighted_lat_cosine_polygon_integral,24h (03:00 UTC to 03:00 UTC / 08:30 IST to 08:30 IST)
2024-07-15,2024-07-25,SUB_11,West Uttar Pradesh,Northwest,plains,0,27.8,78.5,10,15.9,10.0,5.9,0.667,43.5,8.5,7.4,60.2,0,None,NOAA GFS 0.25° Operational GRIB2,00Z,f219,f243,IMD 24h Daily Gridded Observation,2024-07-25,area_weighted_lat_cosine_polygon_integral,24h (03:00 UTC to 03:00 UTC / 08:30 IST to 08:30 IST)
2024-07-15,2024-07-16,SUB_12,Uttarakhand,Northwest,himalayan,0,30.06,79.01,1,6.3,10.0,-3.7,0.667,80.5,28.6,22.3,35.0,0,None,NOAA GFS 0.25° Operational GRIB2,00Z,f003,f027,IMD 24h Daily Gridded Observation,2024-07-16,area_weighted_lat_cosine_polygon_integral,24h (03:00 UTC to 03:00 UTC / 08:30 IST to 08:30 IST)
2024-07-15,2024-07-17,SUB_12,Uttarakhand,Northwest,himalayan,0,30.06,79.01,2,13.1,10.0,3.1,0.667,43.5,8.0,5.1,37.8,0,None,NOAA GFS 0.25° Operational GRIB2,00Z,f027,f051,IMD 24h Daily Gridded Observation,2024-07-17,area_weighted_lat_cosine_polygon_integral,24h (03:00 UTC to 03:00 UTC / 08:30 IST to 08:30 IST)
2024-07-15,2024-07-18,SUB_12,Uttarakhand,Northwest,himalayan,0,30.06,79.01,3,11.8,10.0,1.8,0.667,43.5,7.4,4.4,40.6,0,None,NOAA GFS 0.25° Operational GRIB2,00Z,f051,f075,IMD 24h Daily Gridded Observation,2024-07-18,area_weighted_lat_cosine_polygon_integral,24h (03:00 UTC to 03:00 UTC / 08:30 IST to 08:30 IST)
2024-07-15,2024-07-19,SUB_12,Uttarakhand,Northwest,himalayan,0,30.06,79.01,4,5.7,10.0,-4.3,0.667,43.5,4.7,1.0,43.4,0,None,NOAA GFS 0.25° Operational GRIB2,00Z,f075,f099,IMD 24h Daily Gridded Observation,2024-07-19,area_weighted_lat_cosine_polygon_integral,24h (03:00 UTC to 03:00 UTC / 08:30 IST to 08:30 IST)
2024-07-15,2024-07-20,SUB_12,Uttarakhand,Northwest,himalayan,0,30.06,79.01,5,6.9,10.0,-3.1,0.667,43.5,29.1,22.2,46.2,0,None,NOAA GFS 0.25° Operational GRIB2,00Z,f099,f123,IMD 24h Daily Gridded Observation,2024-07-20,area_weighted_lat_cosine_polygon_integral,24h (03:00 UTC to 03:00 UTC / 08:30 IST to 08:30 IST)
2024-07-15,2024-07-21,SUB_12,Uttarakhand,Northwest,himalayan,0,30.06,79.01,6,12.6,10.0,2.6,0.667,43.5,8.5,4.1,49.0,0,None,NOAA GFS 0.25° Operational GRIB2,00Z,f123,f147,IMD 24h Daily Gridded Observation,2024-07-21,area_weighted_lat_cosine_polygon_integral,24h (03:00 UTC to 03:00 UTC / 08:30 IST to 08:30 IST)
2024-07-15,2024-07-22,SUB_12,Uttarakhand,Northwest,himalayan,0,30.06,79.01,7,11.6,10.0,1.6,0.667,43.5,6.6,5.0,51.8,0,None,NOAA GFS 0.25° Operational GRIB2,00Z,f147,f171,IMD 24h Daily Gridded Observation,2024-07-22,area_weighted_lat_cosine_polygon_integral,24h (03:00 UTC to 03:00 UTC / 08:30 IST to 08:30 IST)
2024-07-15,2024-07-23,SUB_12,Uttarakhand,Northwest,himalayan,0,30.06,79.01,8,12.5,10.0,2.5,0.667,43.5,9.6,2.9,54.6,0,None,NOAA GFS 0.25° Operational GRIB2,00Z,f171,f195,IMD 24h Daily Gridded Observation,2024-07-23,area_weighted_lat_cosine_polygon_integral,24h (03:00 UTC to 03:00 UTC / 08:30 IST to 08:30 IST)
2024-07-15,2024-07-24,SUB_12,Uttarakhand,Northwest,himalayan,0,30.06,79.01,9,11.5,10.0,1.5,0.667,43.5,5.9,5.6,57.4,0,None,NOAA GFS 0.25° Operational GRIB2,00Z,f195,f219,IMD 24h Daily Gridded Observation,2024-07-24,area_weighted_lat_cosine_polygon_integral,24h (03:00 UTC to 03:00 UTC / 08:30 IST to 08:30 IST)
2024-07-15,2024-07-25,SUB_12,Uttarakhand,Northwest,himalayan,0,30.06,79.01,10,12.4,10.0,2.4,0.667,43.5,5.4,7.0,60.2,0,None,NOAA GFS 0.25° Operational GRIB2,00Z,f219,f243,IMD 24h Daily Gridded Observation,2024-07-25,area_weighted_lat_cosine_polygon_integral,24h (03:00 UTC to 03:00 UTC / 08:30 IST to 08:30 IST)
2024-07-15,2024-07-16,SUB_13,"Haryana, Chandigarh & Delhi",Northwest,plains,0,29.05,76.08,1,0.6,10.0,-9.4,0.667,43.5,1.2,0.6,35.0,0,None,NOAA GFS 0.25° Operational GRIB2,00Z,f003,f027,IMD 24h Daily Gridded Observation,2024-07-16,area_weighted_lat_cosine_polygon_integral,24h (03:00 UTC to 03:00 UTC / 08:30 IST to 08:30 IST)
2024-07-15,2024-07-17,SUB_13,"Haryana, Chandigarh & Delhi",Northwest,plains,0,29.05,76.08,2,1.8,10.0,-8.2,0.667,43.5,0.7,1.1,37.8,0,None,NOAA GFS 0.25° Operational GRIB2,00Z,f027,f051,IMD 24h Daily Gridded Observation,2024-07-17,area_weighted_lat_cosine_polygon_integral,24h (03:00 UTC to 03:00 UTC / 08:30 IST to 08:30 IST)
2024-07-15,2024-07-18,SUB_13,"Haryana, Chandigarh & Delhi",Northwest,plains,0,29.05,76.08,3,9.1,10.0,-0.9,0.667,43.5,0.2,8.9,40.6,0,None,NOAA GFS 0.25° Operational GRIB2,00Z,f051,f075,IMD 24h Daily Gridded Observation,2024-07-18,area_weighted_lat_cosine_polygon_integral,24h (03:00 UTC to 03:00 UTC / 08:30 IST to 08:30 IST)
2024-07-15,2024-07-19,SUB_13,"Haryana, Chandigarh & Delhi",Northwest,plains,0,29.05,76.08,4,18.0,10.0,8.0,0.667,43.5,0.3,17.7,43.4,1,Category Failure (>=2 Cats),NOAA GFS 0.25° Operational GRIB2,00Z,f075,f099,IMD 24h Daily Gridded Observation,2024-07-19,area_weighted_lat_cosine_polygon_integral,24h (03:00 UTC to 03:00 UTC / 08:30 IST to 08:30 IST)
2024-07-15,2024-07-20,SUB_13,"Haryana, Chandigarh & Delhi",Northwest,plains,0,29.05,76.08,5,3.0,10.0,-7.0,0.667,43.5,0.0,3.0,46.2,0,None,NOAA GFS 0.25° Operational GRIB2,00Z,f099,f123,IMD 24h Daily Gridded Observation,2024-07-20,area_weighted_lat_cosine_polygon_integral,24h (03:00 UTC to 03:00 UTC / 08:30 IST to 08:30 IST)
2024-07-15,2024-07-21,SUB_13,"Haryana, Chandigarh & Delhi",Northwest,plains,0,29.05,76.08,6,1.9,10.0,-8.1,0.667,43.5,0.1,1.8,49.0,0,None,NOAA GFS 0.25° Operational GRIB2,00Z,f123,f147,IMD 24h Daily Gridded Observation,2024-07-21,area_weighted_lat_cosine_polygon_integral,24h (03:00 UTC to 03:00 UTC / 08:30 IST to 08:30 IST)
2024-07-15,2024-07-22,SUB_13,"Haryana, Chandigarh & Delhi",Northwest,plains,0,29.05,76.08,7,7.9,10.0,-2.1,0.667,43.5,0.4,7.5,51.8,0,None,NOAA GFS 0.25° Operational GRIB2,00Z,f147,f171,IMD 24h Daily Gridded Observation,2024-07-22,area_weighted_lat_cosine_polygon_integral,24h (03:00 UTC to 03:00 UTC / 08:30 IST to 08:30 IST)
2024-07-15,2024-07-23,SUB_13,"Haryana, Chandigarh & Delhi",Northwest,plains,0,29.05,76.08,8,7.9,10.0,-2.1,0.667,43.5,0.2,7.7,54.6,0,None,NOAA GFS 0.25° Operational GRIB2,00Z,f171,f195,IMD 24h Daily Gridded Observation,2024-07-23,area_weighted_lat_cosine_polygon_integral,24h (03:00 UTC to 03:00 UTC / 08:30 IST to 08:30 IST)
2024-07-15,2024-07-24,SUB_13,"Haryana, Chandigarh & Delhi",Northwest,plains,0,29.05,76.08,9,7.0,10.0,-3.0,0.667,43.5,1.0,6.0,57.4,0,None,NOAA GFS 0.25° Operational GRIB2,00Z,f195,f219,IMD 24h Daily Gridded Observation,2024-07-24,area_weighted_lat_cosine_polygon_integral,24h (03:00 UTC to 03:00 UTC / 08:30 IST to 08:30 IST)
2024-07-15,2024-07-25,SUB_13,"Haryana, Chandigarh & Delhi",Northwest,plains,0,29.05,76.08,10,3.8,10.0,-6.2,0.667,43.5,7.6,3.8,60.2,0,None,NOAA GFS 0.25° Operational GRIB2,00Z,f219,f243,IMD 24h Daily Gridded Observation,2024-07-25,area_weighted_lat_cosine_polygon_integral,24h (03:00 UTC to 03:00 UTC / 08:30 IST to 08:30 IST)
2024-07-15,2024-07-16,SUB_14,Punjab,Northwest,plains,0,31.14,75.34,1,0.5,10.0,-9.5,0.667,43.5,0.0,0.5,35.0,0,None,NOAA GFS 0.25° Operational GRIB2,00Z,f003,f027,IMD 24h Daily Gridded Observation,2024-07-16,area_weighted_lat_cosine_polygon_integral,24h (03:00 UTC to 03:00 UTC / 08:30 IST to 08:30 IST)
2024-07-15,2024-07-17,SUB_14,Punjab,Northwest,plains,0,31.14,75.34,2,1.9,10.0,-8.1,0.667,43.5,3.9,2.0,37.8,0,None,NOAA GFS 0.25° Operational GRIB2,00Z,f027,f051,IMD 24h Daily Gridded Observation,2024-07-17,area_weighted_lat_cosine_polygon_integral,24h (03:00 UTC to 03:00 UTC / 08:30 IST to 08:30 IST)
2024-07-15,2024-07-18,SUB_14,Punjab,Northwest,plains,0,31.14,75.34,3,7.4,10.0,-2.6,0.667,43.5,0.2,7.2,40.6,0,None,NOAA GFS 0.25° Operational GRIB2,00Z,f051,f075,IMD 24h Daily Gridded Observation,2024-07-18,area_weighted_lat_cosine_polygon_integral,24h (03:00 UTC to 03:00 UTC / 08:30 IST to 08:30 IST)
2024-07-15,2024-07-19,SUB_14,Punjab,Northwest,plains,0,31.14,75.34,4,11.7,10.0,1.7,0.667,43.5,0.1,11.6,43.4,0,None,NOAA GFS 0.25° Operational GRIB2,00Z,f075,f099,IMD 24h Daily Gridded Observation,2024-07-19,area_weighted_lat_cosine_polygon_integral,24h (03:00 UTC to 03:00 UTC / 08:30 IST to 08:30 IST)
2024-07-15,2024-07-20,SUB_14,Punjab,Northwest,plains,0,31.14,75.34,5,4.5,10.0,-5.5,0.667,43.5,0.1,4.4,46.2,0,None,NOAA GFS 0.25° Operational GRIB2,00Z,f099,f123,IMD 24h Daily Gridded Observation,2024-07-20,area_weighted_lat_cosine_polygon_integral,24h (03:00 UTC to 03:00 UTC / 08:30 IST to 08:30 IST)
2024-07-15,2024-07-21,SUB_14,Punjab,Northwest,plains,0,31.14,75.34,6,1.5,10.0,-8.5,0.667,43.5,0.2,1.3,49.0,0,None,NOAA GFS 0.25° Operational GRIB2,00Z,f123,f147,IMD 24h Daily Gridded Observation,2024-07-21,area_weighted_lat_cosine_polygon_integral,24h (03:00 UTC to 03:00 UTC / 08:30 IST to 08:30 IST)
2024-07-15,2024-07-22,SUB_14,Punjab,Northwest,plains,0,31.14,75.34,7,5.3,10.0,-4.7,0.667,43.5,0.2,5.1,51.8,0,None,NOAA GFS 0.25° Operational GRIB2,00Z,f147,f171,IMD 24h Daily Gridded Observation,2024-07-22,area_weighted_lat_cosine_polygon_integral,24h (03:00 UTC to 03:00 UTC / 08:30 IST to 08:30 IST)
2024-07-15,2024-07-23,SUB_14,Punjab,Northwest,plains,0,31.14,75.34,8,7.7,10.0,-2.3,0.667,43.5,6.8,0.9,54.6,0,None,NOAA GFS 0.25° Operational GRIB2,00Z,f171,f195,IMD 24h Daily Gridded Observation,2024-07-23,area_weighted_lat_cosine_polygon_integral,24h (03:00 UTC to 03:00 UTC / 08:30 IST to 08:30 IST)
2024-07-15,2024-07-24,SUB_14,Punjab,Northwest,plains,0,31.14,75.34,9,7.6,10.0,-2.4,0.667,43.5,2.0,5.6,57.4,0,None,NOAA GFS 0.25° Operational GRIB2,00Z,f195,f219,IMD 24h Daily Gridded Observation,2024-07-24,area_weighted_lat_cosine_polygon_integral,24h (03:00 UTC to 03:00 UTC / 08:30 IST to 08:30 IST)
2024-07-15,2024-07-25,SUB_14,Punjab,Northwest,plains,0,31.14,75.34,10,5.1,10.0,-4.9,0.667,43.5,0.1,5.0,60.2,0,None,NOAA GFS 0.25° Operational GRIB2,00Z,f219,f243,IMD 24h Daily Gridded Observation,2024-07-25,area_weighted_lat_cosine_polygon_integral,24h (03:00 UTC to 03:00 UTC / 08:30 IST to 08:30 IST)
2024-07-15,2024-07-16,SUB_15,Himachal Pradesh,Northwest,himalayan,0,31.9,77.2,1,2.3,10.0,-7.7,0.667,43.5,1.3,1.0,35.0,0,None,NOAA GFS 0.25° Operational GRIB2,00Z,f003,f027,IMD 24h Daily Gridded Observation,2024-07-16,area_weighted_lat_cosine_polygon_integral,24h (03:00 UTC to 03:00 UTC / 08:30 IST to 08:30 IST)
2024-07-15,2024-07-17,SUB_15,Himachal Pradesh,Northwest,himalayan,0,31.9,77.2,2,4.7,10.0,-5.3,0.667,43.5,2.4,2.3,37.8,0,None,NOAA GFS 0.25° Operational GRIB2,00Z,f027,f051,IMD 24h Daily Gridded Observation,2024-07-17,area_weighted_lat_cosine_polygon_integral,24h (03:00 UTC to 03:00 UTC / 08:30 IST to 08:30 IST)
2024-07-15,2024-07-18,SUB_15,Himachal Pradesh,Northwest,himalayan,0,31.9,77.2,3,8.1,10.0,-1.9,0.667,43.5,3.7,4.4,40.6,0,None,NOAA GFS 0.25° Operational GRIB2,00Z,f051,f075,IMD 24h Daily Gridded Observation,2024-07-18,area_weighted_lat_cosine_polygon_integral,24h (03:00 UTC to 03:00 UTC / 08:30 IST to 08:30 IST)
2024-07-15,2024-07-19,SUB_15,Himachal Pradesh,Northwest,himalayan,0,31.9,77.2,4,8.5,10.0,-1.5,0.667,43.5,1.2,7.3,43.4,0,None,NOAA GFS 0.25° Operational GRIB2,00Z,f075,f099,IMD 24h Daily Gridded Observation,2024-07-19,area_weighted_lat_cosine_polygon_integral,24h (03:00 UTC to 03:00 UTC / 08:30 IST to 08:30 IST)
2024-07-15,2024-07-20,SUB_15,Himachal Pradesh,Northwest,himalayan,0,31.9,77.2,5,5.9,10.0,-4.1,0.667,43.5,0.7,5.2,46.2,0,None,NOAA GFS 0.25° Operational GRIB2,00Z,f099,f123,IMD 24h Daily Gridded Observation,2024-07-20,area_weighted_lat_cosine_polygon_integral,24h (03:00 UTC to 03:00 UTC / 08:30 IST to 08:30 IST)
2024-07-15,2024-07-21,SUB_15,Himachal Pradesh,Northwest,himalayan,0,31.9,77.2,6,3.4,10.0,-6.6,0.667,43.5,3.7,0.3,49.0,0,None,NOAA GFS 0.25° Operational GRIB2,00Z,f123,f147,IMD 24h Daily Gridded Observation,2024-07-21,area_weighted_lat_cosine_polygon_integral,24h (03:00 UTC to 03:00 UTC / 08:30 IST to 08:30 IST)
2024-07-15,2024-07-22,SUB_15,Himachal Pradesh,Northwest,himalayan,0,31.9,77.2,7,8.1,10.0,-1.9,0.667,43.5,6.9,1.2,51.8,0,None,NOAA GFS 0.25° Operational GRIB2,00Z,f147,f171,IMD 24h Daily Gridded Observation,2024-07-22,area_weighted_lat_cosine_polygon_integral,24h (03:00 UTC to 03:00 UTC / 08:30 IST to 08:30 IST)
2024-07-15,2024-07-23,SUB_15,Himachal Pradesh,Northwest,himalayan,0,31.9,77.2,8,9.2,10.0,-0.8,0.667,43.5,1.9,7.3,54.6,0,None,NOAA GFS 0.25° Operational GRIB2,00Z,f171,f195,IMD 24h Daily Gridded Observation,2024-07-23,area_weighted_lat_cosine_polygon_integral,24h (03:00 UTC to 03:00 UTC / 08:30 IST to 08:30 IST)
2024-07-15,2024-07-24,SUB_15,Himachal Pradesh,Northwest,himalayan,0,31.9,77.2,9,11.4,10.0,1.4,0.667,43.5,2.0,9.4,57.4,0,None,NOAA GFS 0.25° Operational GRIB2,00Z,f195,f219,IMD 24h Daily Gridded Observation,2024-07-24,area_weighted_lat_cosine_polygon_integral,24h (03:00 UTC to 03:00 UTC / 08:30 IST to 08:30 IST)
2024-07-15,2024-07-25,SUB_15,Himachal Pradesh,Northwest,himalayan,0,31.9,77.2,10,8.3,10.0,-1.7,0.667,43.5,3.0,5.3,60.2,0,None,NOAA GFS 0.25° Operational GRIB2,00Z,f219,f243,IMD 24h Daily Gridded Observation,2024-07-25,area_weighted_lat_cosine_polygon_integral,24h (03:00 UTC to 03:00 UTC / 08:30 IST to 08:30 IST)
2024-07-15,2024-07-16,SUB_16,Jammu & Kashmir and Ladakh,Northwest,himalayan,0,34.08,76.5,1,0.5,10.0,-9.5,0.667,43.5,0.0,0.5,35.0,0,None,NOAA GFS 0.25° Operational GRIB2,00Z,f003,f027,IMD 24h Daily Gridded Observation,2024-07-16,area_weighted_lat_cosine_polygon_integral,24h (03:00 UTC to 03:00 UTC / 08:30 IST to 08:30 IST)
2024-07-15,2024-07-17,SUB_16,Jammu & Kashmir and Ladakh,Northwest,himalayan,0,34.08,76.5,2,0.4,10.0,-9.6,0.667,43.5,0.0,0.4,37.8,0,None,NOAA GFS 0.25° Operational GRIB2,00Z,f027,f051,IMD 24h Daily Gridded Observation,2024-07-17,area_weighted_lat_cosine_polygon_integral,24h (03:00 UTC to 03:00 UTC / 08:30 IST to 08:30 IST)
2024-07-15,2024-07-18,SUB_16,Jammu & Kashmir and Ladakh,Northwest,himalayan,0,34.08,76.5,3,2.2,10.0,-7.8,0.667,43.5,0.0,2.2,40.6,0,None,NOAA GFS 0.25° Operational GRIB2,00Z,f051,f075,IMD 24h Daily Gridded Observation,2024-07-18,area_weighted_lat_cosine_polygon_integral,24h (03:00 UTC to 03:00 UTC / 08:30 IST to 08:30 IST)
2024-07-15,2024-07-19,SUB_16,Jammu & Kashmir and Ladakh,Northwest,himalayan,0,34.08,76.5,4,3.2,10.0,-6.8,0.667,43.5,0.0,3.2,43.4,0,None,NOAA GFS 0.25° Operational GRIB2,00Z,f075,f099,IMD 24h Daily Gridded Observation,2024-07-19,area_weighted_lat_cosine_polygon_integral,24h (03:00 UTC to 03:00 UTC / 08:30 IST to 08:30 IST)
2024-07-15,2024-07-20,SUB_16,Jammu & Kashmir and Ladakh,Northwest,himalayan,0,34.08,76.5,5,2.5,10.0,-7.5,0.667,43.5,0.0,2.5,46.2,0,None,NOAA GFS 0.25° Operational GRIB2,00Z,f099,f123,IMD 24h Daily Gridded Observation,2024-07-20,area_weighted_lat_cosine_polygon_integral,24h (03:00 UTC to 03:00 UTC / 08:30 IST to 08:30 IST)
2024-07-15,2024-07-21,SUB_16,Jammu & Kashmir and Ladakh,Northwest,himalayan,0,34.08,76.5,6,1.2,10.0,-8.8,0.667,43.5,0.0,1.2,49.0,0,None,NOAA GFS 0.25° Operational GRIB2,00Z,f123,f147,IMD 24h Daily Gridded Observation,2024-07-21,area_weighted_lat_cosine_polygon_integral,24h (03:00 UTC to 03:00 UTC / 08:30 IST to 08:30 IST)
2024-07-15,2024-07-22,SUB_16,Jammu & Kashmir and Ladakh,Northwest,himalayan,0,34.08,76.5,7,1.0,10.0,-9.0,0.667,43.5,0.0,1.0,51.8,0,None,NOAA GFS 0.25° Operational GRIB2,00Z,f147,f171,IMD 24h Daily Gridded Observation,2024-07-22,area_weighted_lat_cosine_polygon_integral,24h (03:00 UTC to 03:00 UTC / 08:30 IST to 08:30 IST)
2024-07-15,2024-07-23,SUB_16,Jammu & Kashmir and Ladakh,Northwest,himalayan,0,34.08,76.5,8,1.8,10.0,-8.2,0.667,43.5,0.0,1.8,54.6,0,None,NOAA GFS 0.25° Operational GRIB2,00Z,f171,f195,IMD 24h Daily Gridded Observation,2024-07-23,area_weighted_lat_cosine_polygon_integral,24h (03:00 UTC to 03:00 UTC / 08:30 IST to 08:30 IST)
2024-07-15,2024-07-24,SUB_16,Jammu & Kashmir and Ladakh,Northwest,himalayan,0,34.08,76.5,9,3.7,10.0,-6.3,0.667,43.5,0.0,3.7,57.4,0,None,NOAA GFS 0.25° Operational GRIB2,00Z,f195,f219,IMD 24h Daily Gridded Observation,2024-07-24,area_weighted_lat_cosine_polygon_integral,24h (03:00 UTC to 03:00 UTC / 08:30 IST to 08:30 IST)
2024-07-15,2024-07-25,SUB_16,Jammu & Kashmir and Ladakh,Northwest,himalayan,0,34.08,76.5,10,2.2,10.0,-7.8,0.667,43.5,0.0,2.2,60.2,0,None,NOAA GFS 0.25° Operational GRIB2,00Z,f219,f243,IMD 24h Daily Gridded Observation,2024-07-25,area_weighted_lat_cosine_polygon_integral,24h (03:00 UTC to 03:00 UTC / 08:30 IST to 08:30 IST)
2024-07-15,2024-07-16,SUB_17,West Rajasthan,Northwest,arid_desert,0,26.8,72.0,1,1.5,10.0,-8.5,0.667,43.5,0.1,1.4,35.0,0,None,NOAA GFS 0.25° Operational GRIB2,00Z,f003,f027,IMD 24h Daily Gridded Observation,2024-07-16,area_weighted_lat_cosine_polygon_integral,24h (03:00 UTC to 03:00 UTC / 08:30 IST to 08:30 IST)
2024-07-15,2024-07-17,SUB_17,West Rajasthan,Northwest,arid_desert,0,26.8,72.0,2,2.0,10.0,-8.0,0.667,43.5,15.4,13.4,37.8,0,None,NOAA GFS 0.25° Operational GRIB2,00Z,f027,f051,IMD 24h Daily Gridded Observation,2024-07-17,area_weighted_lat_cosine_polygon_integral,24h (03:00 UTC to 03:00 UTC / 08:30 IST to 08:30 IST)
2024-07-15,2024-07-18,SUB_17,West Rajasthan,Northwest,arid_desert,0,26.8,72.0,3,1.9,10.0,-8.1,0.667,43.5,0.7,1.2,40.6,0,None,NOAA GFS 0.25° Operational GRIB2,00Z,f051,f075,IMD 24h Daily Gridded Observation,2024-07-18,area_weighted_lat_cosine_polygon_integral,24h (03:00 UTC to 03:00 UTC / 08:30 IST to 08:30 IST)
2024-07-15,2024-07-19,SUB_17,West Rajasthan,Northwest,arid_desert,0,26.8,72.0,4,4.8,10.0,-5.2,0.667,43.5,13.6,8.8,43.4,0,None,NOAA GFS 0.25° Operational GRIB2,00Z,f075,f099,IMD 24h Daily Gridded Observation,2024-07-19,area_weighted_lat_cosine_polygon_integral,24h (03:00 UTC to 03:00 UTC / 08:30 IST to 08:30 IST)
2024-07-15,2024-07-20,SUB_17,West Rajasthan,Northwest,arid_desert,0,26.8,72.0,5,1.8,10.0,-8.2,0.667,43.5,0.4,1.4,46.2,0,None,NOAA GFS 0.25° Operational GRIB2,00Z,f099,f123,IMD 24h Daily Gridded Observation,2024-07-20,area_weighted_lat_cosine_polygon_integral,24h (03:00 UTC to 03:00 UTC / 08:30 IST to 08:30 IST)
2024-07-15,2024-07-21,SUB_17,West Rajasthan,Northwest,arid_desert,0,26.8,72.0,6,0.5,10.0,-9.5,0.667,43.5,3.3,2.8,49.0,0,None,NOAA GFS 0.25° Operational GRIB2,00Z,f123,f147,IMD 24h Daily Gridded Observation,2024-07-21,area_weighted_lat_cosine_polygon_integral,24h (03:00 UTC to 03:00 UTC / 08:30 IST to 08:30 IST)
2024-07-15,2024-07-22,SUB_17,West Rajasthan,Northwest,arid_desert,0,26.8,72.0,7,0.6,10.0,-9.4,0.667,43.5,4.8,4.2,51.8,0,None,NOAA GFS 0.25° Operational GRIB2,00Z,f147,f171,IMD 24h Daily Gridded Observation,2024-07-22,area_weighted_lat_cosine_polygon_integral,24h (03:00 UTC to 03:00 UTC / 08:30 IST to 08:30 IST)
2024-07-15,2024-07-23,SUB_17,West Rajasthan,Northwest,arid_desert,0,26.8,72.0,8,0.2,10.0,-9.8,0.667,43.5,23.6,23.4,54.6,1,Category Failure (>=2 Cats),NOAA GFS 0.25° Operational GRIB2,00Z,f171,f195,IMD 24h Daily Gridded Observation,2024-07-23,area_weighted_lat_cosine_polygon_integral,24h (03:00 UTC to 03:00 UTC / 08:30 IST to 08:30 IST)
2024-07-15,2024-07-24,SUB_17,West Rajasthan,Northwest,arid_desert,0,26.8,72.0,9,0.2,10.0,-9.8,0.667,43.5,0.1,0.1,57.4,0,None,NOAA GFS 0.25° Operational GRIB2,00Z,f195,f219,IMD 24h Daily Gridded Observation,2024-07-24,area_weighted_lat_cosine_polygon_integral,24h (03:00 UTC to 03:00 UTC / 08:30 IST to 08:30 IST)
2024-07-15,2024-07-25,SUB_17,West Rajasthan,Northwest,arid_desert,0,26.8,72.0,10,0.2,10.0,-9.8,0.667,43.5,0.0,0.2,60.2,0,None,NOAA GFS 0.25° Operational GRIB2,00Z,f219,f243,IMD 24h Daily Gridded Observation,2024-07-25,area_weighted_lat_cosine_polygon_integral,24h (03:00 UTC to 03:00 UTC / 08:30 IST to 08:30 IST)
2024-07-15,2024-07-16,SUB_18,East Rajasthan,Northwest,semi_arid,0,26.2,75.8,1,2.9,10.0,-7.1,0.667,43.5,0.7,2.2,35.0,0,None,NOAA GFS 0.25° Operational GRIB2,00Z,f003,f027,IMD 24h Daily Gridded Observation,2024-07-16,area_weighted_lat_cosine_polygon_integral,24h (03:00 UTC to 03:00 UTC / 08:30 IST to 08:30 IST)
2024-07-15,2024-07-17,SUB_18,East Rajasthan,Northwest,semi_arid,0,26.2,75.8,2,3.0,10.0,-7.0,0.667,43.5,1.9,1.1,37.8,0,None,NOAA GFS 0.25° Operational GRIB2,00Z,f027,f051,IMD 24h Daily Gridded Observation,2024-07-17,area_weighted_lat_cosine_polygon_integral,24h (03:00 UTC to 03:00 UTC / 08:30 IST to 08:30 IST)
2024-07-15,2024-07-18,SUB_18,East Rajasthan,Northwest,semi_arid,0,26.2,75.8,3,23.2,10.0,13.2,0.667,43.5,10.7,12.5,40.6,0,None,NOAA GFS 0.25° Operational GRIB2,00Z,f051,f075,IMD 24h Daily Gridded Observation,2024-07-18,area_weighted_lat_cosine_polygon_integral,24h (03:00 UTC to 03:00 UTC / 08:30 IST to 08:30 IST)
2024-07-15,2024-07-19,SUB_18,East Rajasthan,Northwest,semi_arid,0,26.2,75.8,4,16.7,10.0,6.7,0.667,43.5,4.4,12.3,43.4,0,None,NOAA GFS 0.25° Operational GRIB2,00Z,f075,f099,IMD 24h Daily Gridded Observation,2024-07-19,area_weighted_lat_cosine_polygon_integral,24h (03:00 UTC to 03:00 UTC / 08:30 IST to 08:30 IST)
2024-07-15,2024-07-20,SUB_18,East Rajasthan,Northwest,semi_arid,0,26.2,75.8,5,5.3,10.0,-4.7,0.667,43.5,10.1,4.8,46.2,0,None,NOAA GFS 0.25° Operational GRIB2,00Z,f099,f123,IMD 24h Daily Gridded Observation,2024-07-20,area_weighted_lat_cosine_polygon_integral,24h (03:00 UTC to 03:00 UTC / 08:30 IST to 08:30 IST)
2024-07-15,2024-07-21,SUB_18,East Rajasthan,Northwest,semi_arid,0,26.2,75.8,6,15.9,10.0,5.9,0.667,43.5,4.7,11.2,49.0,0,None,NOAA GFS 0.25° Operational GRIB2,00Z,f123,f147,IMD 24h Daily Gridded Observation,2024-07-21,area_weighted_lat_cosine_polygon_integral,24h (03:00 UTC to 03:00 UTC / 08:30 IST to 08:30 IST)
2024-07-15,2024-07-22,SUB_18,East Rajasthan,Northwest,semi_arid,0,26.2,75.8,7,24.9,10.0,14.9,0.667,43.5,0.5,24.4,51.8,1,Category Failure (>=2 Cats),NOAA GFS 0.25° Operational GRIB2,00Z,f147,f171,IMD 24h Daily Gridded Observation,2024-07-22,area_weighted_lat_cosine_polygon_integral,24h (03:00 UTC to 03:00 UTC / 08:30 IST to 08:30 IST)
2024-07-15,2024-07-23,SUB_18,East Rajasthan,Northwest,semi_arid,0,26.2,75.8,8,17.5,10.0,7.5,0.667,43.5,10.5,7.0,54.6,0,None,NOAA GFS 0.25° Operational GRIB2,00Z,f171,f195,IMD 24h Daily Gridded Observation,2024-07-23,area_weighted_lat_cosine_polygon_integral,24h (03:00 UTC to 03:00 UTC / 08:30 IST to 08:30 IST)
2024-07-15,2024-07-24,SUB_18,East Rajasthan,Northwest,semi_arid,0,26.2,75.8,9,11.3,10.0,1.3,0.667,43.5,13.2,1.9,57.4,0,None,NOAA GFS 0.25° Operational GRIB2,00Z,f195,f219,IMD 24h Daily Gridded Observation,2024-07-24,area_weighted_lat_cosine_polygon_integral,24h (03:00 UTC to 03:00 UTC / 08:30 IST to 08:30 IST)
2024-07-15,2024-07-25,SUB_18,East Rajasthan,Northwest,semi_arid,0,26.2,75.8,10,6.7,10.0,-3.3,0.667,43.5,20.4,13.7,60.2,0,None,NOAA GFS 0.25° Operational GRIB2,00Z,f219,f243,IMD 24h Daily Gridded Observation,2024-07-25,area_weighted_lat_cosine_polygon_integral,24h (03:00 UTC to 03:00 UTC / 08:30 IST to 08:30 IST)
2024-07-15,2024-07-16,SUB_19,West Madhya Pradesh,Central,plateau,0,23.3,76.8,1,15.7,10.0,5.7,0.667,80.5,15.7,0.0,35.0,0,None,NOAA GFS 0.25° Operational GRIB2,00Z,f003,f027,IMD 24h Daily Gridded Observation,2024-07-16,area_weighted_lat_cosine_polygon_integral,24h (03:00 UTC to 03:00 UTC / 08:30 IST to 08:30 IST)
2024-07-15,2024-07-17,SUB_19,West Madhya Pradesh,Central,plateau,0,23.3,76.8,2,12.4,10.0,2.4,0.667,43.5,11.6,0.8,37.8,0,None,NOAA GFS 0.25° Operational GRIB2,00Z,f027,f051,IMD 24h Daily Gridded Observation,2024-07-17,area_weighted_lat_cosine_polygon_integral,24h (03:00 UTC to 03:00 UTC / 08:30 IST to 08:30 IST)
2024-07-15,2024-07-18,SUB_19,West Madhya Pradesh,Central,plateau,0,23.3,76.8,3,21.0,10.0,11.0,0.667,43.5,7.8,13.2,40.6,0,None,NOAA GFS 0.25° Operational GRIB2,00Z,f051,f075,IMD 24h Daily Gridded Observation,2024-07-18,area_weighted_lat_cosine_polygon_integral,24h (03:00 UTC to 03:00 UTC / 08:30 IST to 08:30 IST)
2024-07-15,2024-07-19,SUB_19,West Madhya Pradesh,Central,plateau,0,23.3,76.8,4,14.7,10.0,4.7,0.667,43.5,8.1,6.6,43.4,0,None,NOAA GFS 0.25° Operational GRIB2,00Z,f075,f099,IMD 24h Daily Gridded Observation,2024-07-19,area_weighted_lat_cosine_polygon_integral,24h (03:00 UTC to 03:00 UTC / 08:30 IST to 08:30 IST)
2024-07-15,2024-07-20,SUB_19,West Madhya Pradesh,Central,plateau,0,23.3,76.8,5,5.2,10.0,-4.8,0.667,43.5,6.8,1.6,46.2,0,None,NOAA GFS 0.25° Operational GRIB2,00Z,f099,f123,IMD 24h Daily Gridded Observation,2024-07-20,area_weighted_lat_cosine_polygon_integral,24h (03:00 UTC to 03:00 UTC / 08:30 IST to 08:30 IST)
2024-07-15,2024-07-21,SUB_19,West Madhya Pradesh,Central,plateau,0,23.3,76.8,6,16.7,10.0,6.7,0.667,43.5,12.5,4.2,49.0,0,None,NOAA GFS 0.25° Operational GRIB2,00Z,f123,f147,IMD 24h Daily Gridded Observation,2024-07-21,area_weighted_lat_cosine_polygon_integral,24h (03:00 UTC to 03:00 UTC / 08:30 IST to 08:30 IST)
2024-07-15,2024-07-22,SUB_19,West Madhya Pradesh,Central,plateau,0,23.3,76.8,7,21.0,10.0,11.0,0.667,43.5,54.0,33.0,51.8,0,None,NOAA GFS 0.25° Operational GRIB2,00Z,f147,f171,IMD 24h Daily Gridded Observation,2024-07-22,area_weighted_lat_cosine_polygon_integral,24h (03:00 UTC to 03:00 UTC / 08:30 IST to 08:30 IST)
2024-07-15,2024-07-23,SUB_19,West Madhya Pradesh,Central,plateau,0,23.3,76.8,8,15.1,10.0,5.1,0.667,43.5,8.9,6.2,54.6,0,None,NOAA GFS 0.25° Operational GRIB2,00Z,f171,f195,IMD 24h Daily Gridded Observation,2024-07-23,area_weighted_lat_cosine_polygon_integral,24h (03:00 UTC to 03:00 UTC / 08:30 IST to 08:30 IST)
2024-07-15,2024-07-24,SUB_19,West Madhya Pradesh,Central,plateau,0,23.3,76.8,9,13.5,10.0,3.5,0.667,43.5,19.0,5.5,57.4,0,None,NOAA GFS 0.25° Operational GRIB2,00Z,f195,f219,IMD 24h Daily Gridded Observation,2024-07-24,area_weighted_lat_cosine_polygon_integral,24h (03:00 UTC to 03:00 UTC / 08:30 IST to 08:30 IST)
2024-07-15,2024-07-25,SUB_19,West Madhya Pradesh,Central,plateau,0,23.3,76.8,10,6.6,10.0,-3.4,0.667,43.5,14.3,7.7,60.2,0,None,NOAA GFS 0.25° Operational GRIB2,00Z,f219,f243,IMD 24h Daily Gridded Observation,2024-07-25,area_weighted_lat_cosine_polygon_integral,24h (03:00 UTC to 03:00 UTC / 08:30 IST to 08:30 IST)
2024-07-15,2024-07-16,SUB_20,East Madhya Pradesh,Central,plateau,0,23.5,80.5,1,5.4,10.0,-4.6,0.667,80.5,5.3,0.1,35.0,0,None,NOAA GFS 0.25° Operational GRIB2,00Z,f003,f027,IMD 24h Daily Gridded Observation,2024-07-16,area_weighted_lat_cosine_polygon_integral,24h (03:00 UTC to 03:00 UTC / 08:30 IST to 08:30 IST)
2024-07-15,2024-07-17,SUB_20,East Madhya Pradesh,Central,plateau,0,23.5,80.5,2,5.0,10.0,-5.0,0.667,43.5,1.0,4.0,37.8,0,None,NOAA GFS 0.25° Operational GRIB2,00Z,f027,f051,IMD 24h Daily Gridded Observation,2024-07-17,area_weighted_lat_cosine_polygon_integral,24h (03:00 UTC to 03:00 UTC / 08:30 IST to 08:30 IST)
2024-07-15,2024-07-18,SUB_20,East Madhya Pradesh,Central,plateau,0,23.5,80.5,3,12.4,10.0,2.4,0.667,43.5,4.5,7.9,40.6,0,None,NOAA GFS 0.25° Operational GRIB2,00Z,f051,f075,IMD 24h Daily Gridded Observation,2024-07-18,area_weighted_lat_cosine_polygon_integral,24h (03:00 UTC to 03:00 UTC / 08:30 IST to 08:30 IST)
2024-07-15,2024-07-19,SUB_20,East Madhya Pradesh,Central,plateau,0,23.5,80.5,4,20.4,10.0,10.4,0.667,43.5,3.2,17.2,43.4,0,None,NOAA GFS 0.25° Operational GRIB2,00Z,f075,f099,IMD 24h Daily Gridded Observation,2024-07-19,area_weighted_lat_cosine_polygon_integral,24h (03:00 UTC to 03:00 UTC / 08:30 IST to 08:30 IST)
2024-07-15,2024-07-20,SUB_20,East Madhya Pradesh,Central,plateau,0,23.5,80.5,5,14.7,10.0,4.7,0.667,43.5,12.7,2.0,46.2,0,None,NOAA GFS 0.25° Operational GRIB2,00Z,f099,f123,IMD 24h Daily Gridded Observation,2024-07-20,area_weighted_lat_cosine_polygon_integral,24h (03:00 UTC to 03:00 UTC / 08:30 IST to 08:30 IST)
2024-07-15,2024-07-21,SUB_20,East Madhya Pradesh,Central,plateau,0,23.5,80.5,6,18.0,10.0,8.0,0.667,43.5,8.0,10.0,49.0,0,None,NOAA GFS 0.25° Operational GRIB2,00Z,f123,f147,IMD 24h Daily Gridded Observation,2024-07-21,area_weighted_lat_cosine_polygon_integral,24h (03:00 UTC to 03:00 UTC / 08:30 IST to 08:30 IST)
2024-07-15,2024-07-22,SUB_20,East Madhya Pradesh,Central,plateau,0,23.5,80.5,7,32.9,10.0,22.9,0.667,43.5,7.3,25.6,51.8,0,None,NOAA GFS 0.25° Operational GRIB2,00Z,f147,f171,IMD 24h Daily Gridded Observation,2024-07-22,area_weighted_lat_cosine_polygon_integral,24h (03:00 UTC to 03:00 UTC / 08:30 IST to 08:30 IST)
2024-07-15,2024-07-23,SUB_20,East Madhya Pradesh,Central,plateau,0,23.5,80.5,8,15.9,10.0,5.9,0.667,43.5,16.1,0.2,54.6,0,None,NOAA GFS 0.25° Operational GRIB2,00Z,f171,f195,IMD 24h Daily Gridded Observation,2024-07-23,area_weighted_lat_cosine_polygon_integral,24h (03:00 UTC to 03:00 UTC / 08:30 IST to 08:30 IST)
2024-07-15,2024-07-24,SUB_20,East Madhya Pradesh,Central,plateau,0,23.5,80.5,9,14.9,10.0,4.9,0.667,43.5,46.6,31.7,57.4,0,None,NOAA GFS 0.25° Operational GRIB2,00Z,f195,f219,IMD 24h Daily Gridded Observation,2024-07-24,area_weighted_lat_cosine_polygon_integral,24h (03:00 UTC to 03:00 UTC / 08:30 IST to 08:30 IST)
2024-07-15,2024-07-25,SUB_20,East Madhya Pradesh,Central,plateau,0,23.5,80.5,10,6.1,10.0,-3.9,0.667,43.5,45.6,39.5,60.2,0,None,NOAA GFS 0.25° Operational GRIB2,00Z,f219,f243,IMD 24h Daily Gridded Observation,2024-07-25,area_weighted_lat_cosine_polygon_integral,24h (03:00 UTC to 03:00 UTC / 08:30 IST to 08:30 IST)
2024-07-15,2024-07-16,SUB_21,Gujarat Region,Northwest,plains_hills,0,22.8,73.0,1,23.2,10.0,13.2,0.667,80.5,22.6,0.6,35.0,0,None,NOAA GFS 0.25° Operational GRIB2,00Z,f003,f027,IMD 24h Daily Gridded Observation,2024-07-16,area_weighted_lat_cosine_polygon_integral,24h (03:00 UTC to 03:00 UTC / 08:30 IST to 08:30 IST)
2024-07-15,2024-07-17,SUB_21,Gujarat Region,Northwest,plains_hills,0,22.8,73.0,2,21.3,10.0,11.3,0.667,80.5,7.9,13.4,37.8,0,None,NOAA GFS 0.25° Operational GRIB2,00Z,f027,f051,IMD 24h Daily Gridded Observation,2024-07-17,area_weighted_lat_cosine_polygon_integral,24h (03:00 UTC to 03:00 UTC / 08:30 IST to 08:30 IST)
2024-07-15,2024-07-18,SUB_21,Gujarat Region,Northwest,plains_hills,0,22.8,73.0,3,8.2,10.0,-1.8,0.667,43.5,2.5,5.7,40.6,0,None,NOAA GFS 0.25° Operational GRIB2,00Z,f051,f075,IMD 24h Daily Gridded Observation,2024-07-18,area_weighted_lat_cosine_polygon_integral,24h (03:00 UTC to 03:00 UTC / 08:30 IST to 08:30 IST)
2024-07-15,2024-07-19,SUB_21,Gujarat Region,Northwest,plains_hills,0,22.8,73.0,4,22.8,10.0,12.8,0.667,43.5,9.5,13.3,43.4,0,None,NOAA GFS 0.25° Operational GRIB2,00Z,f075,f099,IMD 24h Daily Gridded Observation,2024-07-19,area_weighted_lat_cosine_polygon_integral,24h (03:00 UTC to 03:00 UTC / 08:30 IST to 08:30 IST)
2024-07-15,2024-07-20,SUB_21,Gujarat Region,Northwest,plains_hills,0,22.8,73.0,5,6.2,10.0,-3.8,0.667,43.5,1.3,4.9,46.2,0,None,NOAA GFS 0.25° Operational GRIB2,00Z,f099,f123,IMD 24h Daily Gridded Observation,2024-07-20,area_weighted_lat_cosine_polygon_integral,24h (03:00 UTC to 03:00 UTC / 08:30 IST to 08:30 IST)
2024-07-15,2024-07-21,SUB_21,Gujarat Region,Northwest,plains_hills,0,22.8,73.0,6,8.5,10.0,-1.5,0.667,43.5,1.3,7.2,49.0,0,None,NOAA GFS 0.25° Operational GRIB2,00Z,f123,f147,IMD 24h Daily Gridded Observation,2024-07-21,area_weighted_lat_cosine_polygon_integral,24h (03:00 UTC to 03:00 UTC / 08:30 IST to 08:30 IST)
2024-07-15,2024-07-22,SUB_21,Gujarat Region,Northwest,plains_hills,0,22.8,73.0,7,8.9,10.0,-1.1,0.667,43.5,5.5,3.4,51.8,0,None,NOAA GFS 0.25° Operational GRIB2,00Z,f147,f171,IMD 24h Daily Gridded Observation,2024-07-22,area_weighted_lat_cosine_polygon_integral,24h (03:00 UTC to 03:00 UTC / 08:30 IST to 08:30 IST)
2024-07-15,2024-07-23,SUB_21,Gujarat Region,Northwest,plains_hills,0,22.8,73.0,8,11.1,10.0,1.1,0.667,43.5,6.4,4.7,54.6,0,None,NOAA GFS 0.25° Operational GRIB2,00Z,f171,f195,IMD 24h Daily Gridded Observation,2024-07-23,area_weighted_lat_cosine_polygon_integral,24h (03:00 UTC to 03:00 UTC / 08:30 IST to 08:30 IST)
2024-07-15,2024-07-24,SUB_21,Gujarat Region,Northwest,plains_hills,0,22.8,73.0,9,9.5,10.0,-0.5,0.667,43.5,12.9,3.4,57.4,0,None,NOAA GFS 0.25° Operational GRIB2,00Z,f195,f219,IMD 24h Daily Gridded Observation,2024-07-24,area_weighted_lat_cosine_polygon_integral,24h (03:00 UTC to 03:00 UTC / 08:30 IST to 08:30 IST)
2024-07-15,2024-07-25,SUB_21,Gujarat Region,Northwest,plains_hills,0,22.8,73.0,10,7.7,10.0,-2.3,0.667,43.5,23.4,15.7,60.2,0,None,NOAA GFS 0.25° Operational GRIB2,00Z,f219,f243,IMD 24h Daily Gridded Observation,2024-07-25,area_weighted_lat_cosine_polygon_integral,24h (03:00 UTC to 03:00 UTC / 08:30 IST to 08:30 IST)
2024-07-15,2024-07-16,SUB_22,Saurashtra & Kutch,Northwest,coastal_arid,1,22.3,70.3,1,6.1,10.0,-3.9,0.667,47.2,26.8,20.7,35.0,0,None,NOAA GFS 0.25° Operational GRIB2,00Z,f003,f027,IMD 24h Daily Gridded Observation,2024-07-16,area_weighted_lat_cosine_polygon_integral,24h (03:00 UTC to 03:00 UTC / 08:30 IST to 08:30 IST)
2024-07-15,2024-07-17,SUB_22,Saurashtra & Kutch,Northwest,coastal_arid,1,22.3,70.3,2,14.4,10.0,4.4,0.667,47.2,38.7,24.3,37.8,0,None,NOAA GFS 0.25° Operational GRIB2,00Z,f027,f051,IMD 24h Daily Gridded Observation,2024-07-17,area_weighted_lat_cosine_polygon_integral,24h (03:00 UTC to 03:00 UTC / 08:30 IST to 08:30 IST)
2024-07-15,2024-07-18,SUB_22,Saurashtra & Kutch,Northwest,coastal_arid,1,22.3,70.3,3,8.9,10.0,-1.1,0.667,43.5,2.7,6.2,40.6,0,None,NOAA GFS 0.25° Operational GRIB2,00Z,f051,f075,IMD 24h Daily Gridded Observation,2024-07-18,area_weighted_lat_cosine_polygon_integral,24h (03:00 UTC to 03:00 UTC / 08:30 IST to 08:30 IST)
2024-07-15,2024-07-19,SUB_22,Saurashtra & Kutch,Northwest,coastal_arid,1,22.3,70.3,4,5.5,10.0,-4.5,0.667,43.5,27.0,21.5,43.4,0,None,NOAA GFS 0.25° Operational GRIB2,00Z,f075,f099,IMD 24h Daily Gridded Observation,2024-07-19,area_weighted_lat_cosine_polygon_integral,24h (03:00 UTC to 03:00 UTC / 08:30 IST to 08:30 IST)
2024-07-15,2024-07-20,SUB_22,Saurashtra & Kutch,Northwest,coastal_arid,1,22.3,70.3,5,8.2,10.0,-1.8,0.667,43.5,18.4,10.2,46.2,0,None,NOAA GFS 0.25° Operational GRIB2,00Z,f099,f123,IMD 24h Daily Gridded Observation,2024-07-20,area_weighted_lat_cosine_polygon_integral,24h (03:00 UTC to 03:00 UTC / 08:30 IST to 08:30 IST)
2024-07-15,2024-07-21,SUB_22,Saurashtra & Kutch,Northwest,coastal_arid,1,22.3,70.3,6,3.2,10.0,-6.8,0.667,43.5,5.6,2.4,49.0,0,None,NOAA GFS 0.25° Operational GRIB2,00Z,f123,f147,IMD 24h Daily Gridded Observation,2024-07-21,area_weighted_lat_cosine_polygon_integral,24h (03:00 UTC to 03:00 UTC / 08:30 IST to 08:30 IST)
2024-07-15,2024-07-22,SUB_22,Saurashtra & Kutch,Northwest,coastal_arid,1,22.3,70.3,7,2.3,10.0,-7.7,0.667,43.5,92.2,89.9,51.8,1,Tail Error > Threshold,NOAA GFS 0.25° Operational GRIB2,00Z,f147,f171,IMD 24h Daily Gridded Observation,2024-07-22,area_weighted_lat_cosine_polygon_integral,24h (03:00 UTC to 03:00 UTC / 08:30 IST to 08:30 IST)
2024-07-15,2024-07-23,SUB_22,Saurashtra & Kutch,Northwest,coastal_arid,1,22.3,70.3,8,2.6,10.0,-7.4,0.667,43.5,41.6,39.0,54.6,0,None,NOAA GFS 0.25° Operational GRIB2,00Z,f171,f195,IMD 24h Daily Gridded Observation,2024-07-23,area_weighted_lat_cosine_polygon_integral,24h (03:00 UTC to 03:00 UTC / 08:30 IST to 08:30 IST)
2024-07-15,2024-07-24,SUB_22,Saurashtra & Kutch,Northwest,coastal_arid,1,22.3,70.3,9,2.1,10.0,-7.9,1.0,64.7,4.3,2.2,57.4,0,None,NOAA GFS 0.25° Operational GRIB2,00Z,f195,f219,IMD 24h Daily Gridded Observation,2024-07-24,area_weighted_lat_cosine_polygon_integral,24h (03:00 UTC to 03:00 UTC / 08:30 IST to 08:30 IST)
2024-07-15,2024-07-25,SUB_22,Saurashtra & Kutch,Northwest,coastal_arid,1,22.3,70.3,10,1.9,10.0,-8.1,1.0,64.7,13.6,11.7,60.2,0,None,NOAA GFS 0.25° Operational GRIB2,00Z,f219,f243,IMD 24h Daily Gridded Observation,2024-07-25,area_weighted_lat_cosine_polygon_integral,24h (03:00 UTC to 03:00 UTC / 08:30 IST to 08:30 IST)
2024-07-15,2024-07-16,SUB_23,Konkan & Goa,South Peninsula,coastal_ghats,1,16.5,73.5,1,58.2,8.5,49.7,1.0,111.7,54.3,3.9,35.0,0,None,NOAA GFS 0.25° Operational GRIB2,00Z,f003,f027,IMD 24h Daily Gridded Observation,2024-07-16,area_weighted_lat_cosine_polygon_integral,24h (03:00 UTC to 03:00 UTC / 08:30 IST to 08:30 IST)
2024-07-15,2024-07-17,SUB_23,Konkan & Goa,South Peninsula,coastal_ghats,1,16.5,73.5,2,32.9,8.5,24.4,0.667,80.5,37.3,4.4,37.8,0,None,NOAA GFS 0.25° Operational GRIB2,00Z,f027,f051,IMD 24h Daily Gridded Observation,2024-07-17,area_weighted_lat_cosine_polygon_integral,24h (03:00 UTC to 03:00 UTC / 08:30 IST to 08:30 IST)
2024-07-15,2024-07-18,SUB_23,Konkan & Goa,South Peninsula,coastal_ghats,1,16.5,73.5,3,23.6,8.5,15.1,0.667,43.5,59.7,36.1,40.6,0,None,NOAA GFS 0.25° Operational GRIB2,00Z,f051,f075,IMD 24h Daily Gridded Observation,2024-07-18,area_weighted_lat_cosine_polygon_integral,24h (03:00 UTC to 03:00 UTC / 08:30 IST to 08:30 IST)
2024-07-15,2024-07-19,SUB_23,Konkan & Goa,South Peninsula,coastal_ghats,1,16.5,73.5,4,26.5,8.5,18.0,0.667,43.5,77.0,50.5,43.4,1,Tail Error > Threshold,NOAA GFS 0.25° Operational GRIB2,00Z,f075,f099,IMD 24h Daily Gridded Observation,2024-07-19,area_weighted_lat_cosine_polygon_integral,24h (03:00 UTC to 03:00 UTC / 08:30 IST to 08:30 IST)
2024-07-15,2024-07-20,SUB_23,Konkan & Goa,South Peninsula,coastal_ghats,1,16.5,73.5,5,27.8,8.5,19.3,0.667,43.5,77.7,49.9,46.2,1,Tail Error > Threshold,NOAA GFS 0.25° Operational GRIB2,00Z,f099,f123,IMD 24h Daily Gridded Observation,2024-07-20,area_weighted_lat_cosine_polygon_integral,24h (03:00 UTC to 03:00 UTC / 08:30 IST to 08:30 IST)
2024-07-15,2024-07-21,SUB_23,Konkan & Goa,South Peninsula,coastal_ghats,1,16.5,73.5,6,46.4,8.5,37.9,1.0,98.0,39.4,7.0,49.0,0,None,NOAA GFS 0.25° Operational GRIB2,00Z,f123,f147,IMD 24h Daily Gridded Observation,2024-07-21,area_weighted_lat_cosine_polygon_integral,24h (03:00 UTC to 03:00 UTC / 08:30 IST to 08:30 IST)
2024-07-15,2024-07-22,SUB_23,Konkan & Goa,South Peninsula,coastal_ghats,1,16.5,73.5,7,25.6,8.5,17.1,0.667,43.5,40.1,14.5,51.8,0,None,NOAA GFS 0.25° Operational GRIB2,00Z,f147,f171,IMD 24h Daily Gridded Observation,2024-07-22,area_weighted_lat_cosine_polygon_integral,24h (03:00 UTC to 03:00 UTC / 08:30 IST to 08:30 IST)
2024-07-15,2024-07-23,SUB_23,Konkan & Goa,South Peninsula,coastal_ghats,1,16.5,73.5,8,22.8,8.5,14.3,0.667,43.5,52.3,29.5,54.6,0,None,NOAA GFS 0.25° Operational GRIB2,00Z,f171,f195,IMD 24h Daily Gridded Observation,2024-07-23,area_weighted_lat_cosine_polygon_integral,24h (03:00 UTC to 03:00 UTC / 08:30 IST to 08:30 IST)
2024-07-15,2024-07-24,SUB_23,Konkan & Goa,South Peninsula,coastal_ghats,1,16.5,73.5,9,24.2,8.5,15.7,0.667,43.5,38.7,14.5,57.4,0,None,NOAA GFS 0.25° Operational GRIB2,00Z,f195,f219,IMD 24h Daily Gridded Observation,2024-07-24,area_weighted_lat_cosine_polygon_integral,24h (03:00 UTC to 03:00 UTC / 08:30 IST to 08:30 IST)
2024-07-15,2024-07-25,SUB_23,Konkan & Goa,South Peninsula,coastal_ghats,1,16.5,73.5,10,36.7,8.5,28.2,1.0,65.2,44.3,7.6,60.2,0,None,NOAA GFS 0.25° Operational GRIB2,00Z,f219,f243,IMD 24h Daily Gridded Observation,2024-07-25,area_weighted_lat_cosine_polygon_integral,24h (03:00 UTC to 03:00 UTC / 08:30 IST to 08:30 IST)
2024-07-15,2024-07-16,SUB_24,Madhya Maharashtra,Central,ghats_plateau,0,18.5,74.8,1,39.8,10.0,29.8,0.667,80.5,3.9,35.9,35.0,1,Tail Error > Threshold,NOAA GFS 0.25° Operational GRIB2,00Z,f003,f027,IMD 24h Daily Gridded Observation,2024-07-16,area_weighted_lat_cosine_polygon_integral,24h (03:00 UTC to 03:00 UTC / 08:30 IST to 08:30 IST)
2024-07-15,2024-07-17,SUB_24,Madhya Maharashtra,Central,ghats_plateau,0,18.5,74.8,2,7.1,10.0,-2.9,0.667,43.5,1.6,5.5,37.8,0,None,NOAA GFS 0.25° Operational GRIB2,00Z,f027,f051,IMD 24h Daily Gridded Observation,2024-07-17,area_weighted_lat_cosine_polygon_integral,24h (03:00 UTC to 03:00 UTC / 08:30 IST to 08:30 IST)
2024-07-15,2024-07-18,SUB_24,Madhya Maharashtra,Central,ghats_plateau,0,18.5,74.8,3,6.7,10.0,-3.3,0.667,43.5,16.0,9.3,40.6,0,None,NOAA GFS 0.25° Operational GRIB2,00Z,f051,f075,IMD 24h Daily Gridded Observation,2024-07-18,area_weighted_lat_cosine_polygon_integral,24h (03:00 UTC to 03:00 UTC / 08:30 IST to 08:30 IST)
2024-07-15,2024-07-19,SUB_24,Madhya Maharashtra,Central,ghats_plateau,0,18.5,74.8,4,7.1,10.0,-2.9,0.667,43.5,6.9,0.2,43.4,0,None,NOAA GFS 0.25° Operational GRIB2,00Z,f075,f099,IMD 24h Daily Gridded Observation,2024-07-19,area_weighted_lat_cosine_polygon_integral,24h (03:00 UTC to 03:00 UTC / 08:30 IST to 08:30 IST)
2024-07-15,2024-07-20,SUB_24,Madhya Maharashtra,Central,ghats_plateau,0,18.5,74.8,5,8.5,10.0,-1.5,0.667,43.5,3.8,4.7,46.2,0,None,NOAA GFS 0.25° Operational GRIB2,00Z,f099,f123,IMD 24h Daily Gridded Observation,2024-07-20,area_weighted_lat_cosine_polygon_integral,24h (03:00 UTC to 03:00 UTC / 08:30 IST to 08:30 IST)
2024-07-15,2024-07-21,SUB_24,Madhya Maharashtra,Central,ghats_plateau,0,18.5,74.8,6,15.3,10.0,5.3,0.667,43.5,10.9,4.4,49.0,0,None,NOAA GFS 0.25° Operational GRIB2,00Z,f123,f147,IMD 24h Daily Gridded Observation,2024-07-21,area_weighted_lat_cosine_polygon_integral,24h (03:00 UTC to 03:00 UTC / 08:30 IST to 08:30 IST)
2024-07-15,2024-07-22,SUB_24,Madhya Maharashtra,Central,ghats_plateau,0,18.5,74.8,7,5.7,10.0,-4.3,0.667,43.5,11.7,6.0,51.8,0,None,NOAA GFS 0.25° Operational GRIB2,00Z,f147,f171,IMD 24h Daily Gridded Observation,2024-07-22,area_weighted_lat_cosine_polygon_integral,24h (03:00 UTC to 03:00 UTC / 08:30 IST to 08:30 IST)
2024-07-15,2024-07-23,SUB_24,Madhya Maharashtra,Central,ghats_plateau,0,18.5,74.8,8,5.4,10.0,-4.6,0.667,43.5,9.2,3.8,54.6,0,None,NOAA GFS 0.25° Operational GRIB2,00Z,f171,f195,IMD 24h Daily Gridded Observation,2024-07-23,area_weighted_lat_cosine_polygon_integral,24h (03:00 UTC to 03:00 UTC / 08:30 IST to 08:30 IST)
2024-07-15,2024-07-24,SUB_24,Madhya Maharashtra,Central,ghats_plateau,0,18.5,74.8,9,6.3,10.0,-3.7,0.667,43.5,15.4,9.1,57.4,0,None,NOAA GFS 0.25° Operational GRIB2,00Z,f195,f219,IMD 24h Daily Gridded Observation,2024-07-24,area_weighted_lat_cosine_polygon_integral,24h (03:00 UTC to 03:00 UTC / 08:30 IST to 08:30 IST)
2024-07-15,2024-07-25,SUB_24,Madhya Maharashtra,Central,ghats_plateau,0,18.5,74.8,10,8.4,10.0,-1.6,0.667,43.5,34.4,26.0,60.2,0,None,NOAA GFS 0.25° Operational GRIB2,00Z,f219,f243,IMD 24h Daily Gridded Observation,2024-07-25,area_weighted_lat_cosine_polygon_integral,24h (03:00 UTC to 03:00 UTC / 08:30 IST to 08:30 IST)
2024-07-15,2024-07-16,SUB_25,Marathwada,Central,semi_arid_plateau,0,19.1,76.5,1,37.4,10.0,27.4,0.667,80.5,34.5,2.9,35.0,0,None,NOAA GFS 0.25° Operational GRIB2,00Z,f003,f027,IMD 24h Daily Gridded Observation,2024-07-16,area_weighted_lat_cosine_polygon_integral,24h (03:00 UTC to 03:00 UTC / 08:30 IST to 08:30 IST)
2024-07-15,2024-07-17,SUB_25,Marathwada,Central,semi_arid_plateau,0,19.1,76.5,2,3.6,10.0,-6.4,0.667,43.5,6.4,2.8,37.8,0,None,NOAA GFS 0.25° Operational GRIB2,00Z,f027,f051,IMD 24h Daily Gridded Observation,2024-07-17,area_weighted_lat_cosine_polygon_integral,24h (03:00 UTC to 03:00 UTC / 08:30 IST to 08:30 IST)
2024-07-15,2024-07-18,SUB_25,Marathwada,Central,semi_arid_plateau,0,19.1,76.5,3,8.0,10.0,-2.0,0.667,43.5,14.3,6.3,40.6,0,None,NOAA GFS 0.25° Operational GRIB2,00Z,f051,f075,IMD 24h Daily Gridded Observation,2024-07-18,area_weighted_lat_cosine_polygon_integral,24h (03:00 UTC to 03:00 UTC / 08:30 IST to 08:30 IST)
2024-07-15,2024-07-19,SUB_25,Marathwada,Central,semi_arid_plateau,0,19.1,76.5,4,6.4,10.0,-3.6,0.667,43.5,17.8,11.4,43.4,0,None,NOAA GFS 0.25° Operational GRIB2,00Z,f075,f099,IMD 24h Daily Gridded Observation,2024-07-19,area_weighted_lat_cosine_polygon_integral,24h (03:00 UTC to 03:00 UTC / 08:30 IST to 08:30 IST)
2024-07-15,2024-07-20,SUB_25,Marathwada,Central,semi_arid_plateau,0,19.1,76.5,5,7.0,10.0,-3.0,0.667,43.5,8.5,1.5,46.2,0,None,NOAA GFS 0.25° Operational GRIB2,00Z,f099,f123,IMD 24h Daily Gridded Observation,2024-07-20,area_weighted_lat_cosine_polygon_integral,24h (03:00 UTC to 03:00 UTC / 08:30 IST to 08:30 IST)
2024-07-15,2024-07-21,SUB_25,Marathwada,Central,semi_arid_plateau,0,19.1,76.5,6,16.6,10.0,6.6,0.667,43.5,14.5,2.1,49.0,0,None,NOAA GFS 0.25° Operational GRIB2,00Z,f123,f147,IMD 24h Daily Gridded Observation,2024-07-21,area_weighted_lat_cosine_polygon_integral,24h (03:00 UTC to 03:00 UTC / 08:30 IST to 08:30 IST)
2024-07-15,2024-07-22,SUB_25,Marathwada,Central,semi_arid_plateau,0,19.1,76.5,7,2.9,10.0,-7.1,0.667,43.5,25.9,23.0,51.8,0,None,NOAA GFS 0.25° Operational GRIB2,00Z,f147,f171,IMD 24h Daily Gridded Observation,2024-07-22,area_weighted_lat_cosine_polygon_integral,24h (03:00 UTC to 03:00 UTC / 08:30 IST to 08:30 IST)
2024-07-15,2024-07-23,SUB_25,Marathwada,Central,semi_arid_plateau,0,19.1,76.5,8,2.0,10.0,-8.0,0.667,43.5,13.7,11.7,54.6,0,None,NOAA GFS 0.25° Operational GRIB2,00Z,f171,f195,IMD 24h Daily Gridded Observation,2024-07-23,area_weighted_lat_cosine_polygon_integral,24h (03:00 UTC to 03:00 UTC / 08:30 IST to 08:30 IST)
2024-07-15,2024-07-24,SUB_25,Marathwada,Central,semi_arid_plateau,0,19.1,76.5,9,2.6,10.0,-7.4,0.667,43.5,24.4,21.8,57.4,0,None,NOAA GFS 0.25° Operational GRIB2,00Z,f195,f219,IMD 24h Daily Gridded Observation,2024-07-24,area_weighted_lat_cosine_polygon_integral,24h (03:00 UTC to 03:00 UTC / 08:30 IST to 08:30 IST)
2024-07-15,2024-07-25,SUB_25,Marathwada,Central,semi_arid_plateau,0,19.1,76.5,10,3.2,10.0,-6.8,0.667,43.5,35.2,32.0,60.2,0,None,NOAA GFS 0.25° Operational GRIB2,00Z,f219,f243,IMD 24h Daily Gridded Observation,2024-07-25,area_weighted_lat_cosine_polygon_integral,24h (03:00 UTC to 03:00 UTC / 08:30 IST to 08:30 IST)
2024-07-15,2024-07-16,SUB_26,Vidarbha,Central,plateau,0,20.9,79.2,1,22.7,10.0,12.7,0.667,80.5,23.4,0.7,35.0,0,None,NOAA GFS 0.25° Operational GRIB2,00Z,f003,f027,IMD 24h Daily Gridded Observation,2024-07-16,area_weighted_lat_cosine_polygon_integral,24h (03:00 UTC to 03:00 UTC / 08:30 IST to 08:30 IST)
2024-07-15,2024-07-17,SUB_26,Vidarbha,Central,plateau,0,20.9,79.2,2,17.9,10.0,7.9,0.667,80.5,12.7,5.2,37.8,0,None,NOAA GFS 0.25° Operational GRIB2,00Z,f027,f051,IMD 24h Daily Gridded Observation,2024-07-17,area_weighted_lat_cosine_polygon_integral,24h (03:00 UTC to 03:00 UTC / 08:30 IST to 08:30 IST)
2024-07-15,2024-07-18,SUB_26,Vidarbha,Central,plateau,0,20.9,79.2,3,25.3,10.0,15.3,0.667,43.5,34.9,9.6,40.6,0,None,NOAA GFS 0.25° Operational GRIB2,00Z,f051,f075,IMD 24h Daily Gridded Observation,2024-07-18,area_weighted_lat_cosine_polygon_integral,24h (03:00 UTC to 03:00 UTC / 08:30 IST to 08:30 IST)
2024-07-15,2024-07-19,SUB_26,Vidarbha,Central,plateau,0,20.9,79.2,4,17.2,10.0,7.2,0.667,43.5,11.7,5.5,43.4,0,None,NOAA GFS 0.25° Operational GRIB2,00Z,f075,f099,IMD 24h Daily Gridded Observation,2024-07-19,area_weighted_lat_cosine_polygon_integral,24h (03:00 UTC to 03:00 UTC / 08:30 IST to 08:30 IST)
2024-07-15,2024-07-20,SUB_26,Vidarbha,Central,plateau,0,20.9,79.2,5,13.2,10.0,3.2,0.667,43.5,43.4,30.2,46.2,0,None,NOAA GFS 0.25° Operational GRIB2,00Z,f099,f123,IMD 24h Daily Gridded Observation,2024-07-20,area_weighted_lat_cosine_polygon_integral,24h (03:00 UTC to 03:00 UTC / 08:30 IST to 08:30 IST)
2024-07-15,2024-07-21,SUB_26,Vidarbha,Central,plateau,0,20.9,79.2,6,21.9,10.0,11.9,0.667,43.5,100.6,78.7,49.0,1,Tail Error > Threshold,NOAA GFS 0.25° Operational GRIB2,00Z,f123,f147,IMD 24h Daily Gridded Observation,2024-07-21,area_weighted_lat_cosine_polygon_integral,24h (03:00 UTC to 03:00 UTC / 08:30 IST to 08:30 IST)
2024-07-15,2024-07-22,SUB_26,Vidarbha,Central,plateau,0,20.9,79.2,7,22.7,10.0,12.7,0.667,43.5,43.3,20.6,51.8,0,None,NOAA GFS 0.25° Operational GRIB2,00Z,f147,f171,IMD 24h Daily Gridded Observation,2024-07-22,area_weighted_lat_cosine_polygon_integral,24h (03:00 UTC to 03:00 UTC / 08:30 IST to 08:30 IST)
2024-07-15,2024-07-23,SUB_26,Vidarbha,Central,plateau,0,20.9,79.2,8,14.0,10.0,4.0,0.667,43.5,54.4,40.4,54.6,0,None,NOAA GFS 0.25° Operational GRIB2,00Z,f171,f195,IMD 24h Daily Gridded Observation,2024-07-23,area_weighted_lat_cosine_polygon_integral,24h (03:00 UTC to 03:00 UTC / 08:30 IST to 08:30 IST)
2024-07-15,2024-07-24,SUB_26,Vidarbha,Central,plateau,0,20.9,79.2,9,23.2,10.0,13.2,0.667,43.5,10.2,13.0,57.4,0,None,NOAA GFS 0.25° Operational GRIB2,00Z,f195,f219,IMD 24h Daily Gridded Observation,2024-07-24,area_weighted_lat_cosine_polygon_integral,24h (03:00 UTC to 03:00 UTC / 08:30 IST to 08:30 IST)
2024-07-15,2024-07-25,SUB_26,Vidarbha,Central,plateau,0,20.9,79.2,10,20.7,10.0,10.7,0.667,43.5,9.2,11.5,60.2,0,None,NOAA GFS 0.25° Operational GRIB2,00Z,f219,f243,IMD 24h Daily Gridded Observation,2024-07-25,area_weighted_lat_cosine_polygon_integral,24h (03:00 UTC to 03:00 UTC / 08:30 IST to 08:30 IST)
2024-07-15,2024-07-16,SUB_27,Chhattisgarh,Central,plateau_forests,0,21.27,81.86,1,9.2,10.0,-0.8,0.667,80.5,16.8,7.6,35.0,0,None,NOAA GFS 0.25° Operational GRIB2,00Z,f003,f027,IMD 24h Daily Gridded Observation,2024-07-16,area_weighted_lat_cosine_polygon_integral,24h (03:00 UTC to 03:00 UTC / 08:30 IST to 08:30 IST)
2024-07-15,2024-07-17,SUB_27,Chhattisgarh,Central,plateau_forests,0,21.27,81.86,2,7.1,10.0,-2.9,0.667,43.5,2.6,4.5,37.8,0,None,NOAA GFS 0.25° Operational GRIB2,00Z,f027,f051,IMD 24h Daily Gridded Observation,2024-07-17,area_weighted_lat_cosine_polygon_integral,24h (03:00 UTC to 03:00 UTC / 08:30 IST to 08:30 IST)
2024-07-15,2024-07-18,SUB_27,Chhattisgarh,Central,plateau_forests,0,21.27,81.86,3,14.3,10.0,4.3,0.667,43.5,7.1,7.2,40.6,0,None,NOAA GFS 0.25° Operational GRIB2,00Z,f051,f075,IMD 24h Daily Gridded Observation,2024-07-18,area_weighted_lat_cosine_polygon_integral,24h (03:00 UTC to 03:00 UTC / 08:30 IST to 08:30 IST)
2024-07-15,2024-07-19,SUB_27,Chhattisgarh,Central,plateau_forests,0,21.27,81.86,4,15.3,10.0,5.3,0.667,43.5,11.1,4.2,43.4,0,None,NOAA GFS 0.25° Operational GRIB2,00Z,f075,f099,IMD 24h Daily Gridded Observation,2024-07-19,area_weighted_lat_cosine_polygon_integral,24h (03:00 UTC to 03:00 UTC / 08:30 IST to 08:30 IST)
2024-07-15,2024-07-20,SUB_27,Chhattisgarh,Central,plateau_forests,0,21.27,81.86,5,31.4,10.0,21.4,0.667,43.5,23.0,8.4,46.2,0,None,NOAA GFS 0.25° Operational GRIB2,00Z,f099,f123,IMD 24h Daily Gridded Observation,2024-07-20,area_weighted_lat_cosine_polygon_integral,24h (03:00 UTC to 03:00 UTC / 08:30 IST to 08:30 IST)
2024-07-15,2024-07-21,SUB_27,Chhattisgarh,Central,plateau_forests,0,21.27,81.86,6,15.5,10.0,5.5,0.667,43.5,29.3,13.8,49.0,0,None,NOAA GFS 0.25° Operational GRIB2,00Z,f123,f147,IMD 24h Daily Gridded Observation,2024-07-21,area_weighted_lat_cosine_polygon_integral,24h (03:00 UTC to 03:00 UTC / 08:30 IST to 08:30 IST)
2024-07-15,2024-07-22,SUB_27,Chhattisgarh,Central,plateau_forests,0,21.27,81.86,7,22.1,10.0,12.1,0.667,43.5,27.5,5.4,51.8,0,None,NOAA GFS 0.25° Operational GRIB2,00Z,f147,f171,IMD 24h Daily Gridded Observation,2024-07-22,area_weighted_lat_cosine_polygon_integral,24h (03:00 UTC to 03:00 UTC / 08:30 IST to 08:30 IST)
2024-07-15,2024-07-23,SUB_27,Chhattisgarh,Central,plateau_forests,0,21.27,81.86,8,21.3,10.0,11.3,0.667,43.5,31.7,10.4,54.6,0,None,NOAA GFS 0.25° Operational GRIB2,00Z,f171,f195,IMD 24h Daily Gridded Observation,2024-07-23,area_weighted_lat_cosine_polygon_integral,24h (03:00 UTC to 03:00 UTC / 08:30 IST to 08:30 IST)
2024-07-15,2024-07-24,SUB_27,Chhattisgarh,Central,plateau_forests,0,21.27,81.86,9,23.7,10.0,13.7,0.667,43.5,48.0,24.3,57.4,0,None,NOAA GFS 0.25° Operational GRIB2,00Z,f195,f219,IMD 24h Daily Gridded Observation,2024-07-24,area_weighted_lat_cosine_polygon_integral,24h (03:00 UTC to 03:00 UTC / 08:30 IST to 08:30 IST)
2024-07-15,2024-07-25,SUB_27,Chhattisgarh,Central,plateau_forests,0,21.27,81.86,10,36.6,10.0,26.6,1.0,65.2,26.1,10.5,60.2,0,None,NOAA GFS 0.25° Operational GRIB2,00Z,f219,f243,IMD 24h Daily Gridded Observation,2024-07-25,area_weighted_lat_cosine_polygon_integral,24h (03:00 UTC to 03:00 UTC / 08:30 IST to 08:30 IST)
2024-07-15,2024-07-16,SUB_28,Coastal Andhra Pradesh & Yanam,South Peninsula,coastal,1,16.2,81.5,1,15.1,8.5,6.6,0.667,80.5,39.1,24.0,35.0,0,None,NOAA GFS 0.25° Operational GRIB2,00Z,f003,f027,IMD 24h Daily Gridded Observation,2024-07-16,area_weighted_lat_cosine_polygon_integral,24h (03:00 UTC to 03:00 UTC / 08:30 IST to 08:30 IST)
2024-07-15,2024-07-17,SUB_28,Coastal Andhra Pradesh & Yanam,South Peninsula,coastal,1,16.2,81.5,2,3.8,8.5,-4.7,0.667,80.5,5.6,1.8,37.8,0,None,NOAA GFS 0.25° Operational GRIB2,00Z,f027,f051,IMD 24h Daily Gridded Observation,2024-07-17,area_weighted_lat_cosine_polygon_integral,24h (03:00 UTC to 03:00 UTC / 08:30 IST to 08:30 IST)
2024-07-15,2024-07-18,SUB_28,Coastal Andhra Pradesh & Yanam,South Peninsula,coastal,1,16.2,81.5,3,10.9,8.5,2.4,0.667,80.5,11.7,0.8,40.6,0,None,NOAA GFS 0.25° Operational GRIB2,00Z,f051,f075,IMD 24h Daily Gridded Observation,2024-07-18,area_weighted_lat_cosine_polygon_integral,24h (03:00 UTC to 03:00 UTC / 08:30 IST to 08:30 IST)
2024-07-15,2024-07-19,SUB_28,Coastal Andhra Pradesh & Yanam,South Peninsula,coastal,1,16.2,81.5,4,41.0,8.5,32.5,1.0,98.0,33.6,7.4,43.4,0,None,NOAA GFS 0.25° Operational GRIB2,00Z,f075,f099,IMD 24h Daily Gridded Observation,2024-07-19,area_weighted_lat_cosine_polygon_integral,24h (03:00 UTC to 03:00 UTC / 08:30 IST to 08:30 IST)
2024-07-15,2024-07-20,SUB_28,Coastal Andhra Pradesh & Yanam,South Peninsula,coastal,1,16.2,81.5,5,37.5,8.5,29.0,1.0,98.0,35.9,1.6,46.2,0,None,NOAA GFS 0.25° Operational GRIB2,00Z,f099,f123,IMD 24h Daily Gridded Observation,2024-07-20,area_weighted_lat_cosine_polygon_integral,24h (03:00 UTC to 03:00 UTC / 08:30 IST to 08:30 IST)
2024-07-15,2024-07-21,SUB_28,Coastal Andhra Pradesh & Yanam,South Peninsula,coastal,1,16.2,81.5,6,5.5,8.5,-3.0,0.667,43.5,10.2,4.7,49.0,0,None,NOAA GFS 0.25° Operational GRIB2,00Z,f123,f147,IMD 24h Daily Gridded Observation,2024-07-21,area_weighted_lat_cosine_polygon_integral,24h (03:00 UTC to 03:00 UTC / 08:30 IST to 08:30 IST)
2024-07-15,2024-07-22,SUB_28,Coastal Andhra Pradesh & Yanam,South Peninsula,coastal,1,16.2,81.5,7,3.9,8.5,-4.6,0.667,43.5,15.8,11.9,51.8,0,None,NOAA GFS 0.25° Operational GRIB2,00Z,f147,f171,IMD 24h Daily Gridded Observation,2024-07-22,area_weighted_lat_cosine_polygon_integral,24h (03:00 UTC to 03:00 UTC / 08:30 IST to 08:30 IST)
2024-07-15,2024-07-23,SUB_28,Coastal Andhra Pradesh & Yanam,South Peninsula,coastal,1,16.2,81.5,8,5.1,8.5,-3.4,0.667,43.5,6.2,1.1,54.6,0,None,NOAA GFS 0.25° Operational GRIB2,00Z,f171,f195,IMD 24h Daily Gridded Observation,2024-07-23,area_weighted_lat_cosine_polygon_integral,24h (03:00 UTC to 03:00 UTC / 08:30 IST to 08:30 IST)
2024-07-15,2024-07-24,SUB_28,Coastal Andhra Pradesh & Yanam,South Peninsula,coastal,1,16.2,81.5,9,5.9,8.5,-2.6,0.667,43.5,0.1,5.8,57.4,0,None,NOAA GFS 0.25° Operational GRIB2,00Z,f195,f219,IMD 24h Daily Gridded Observation,2024-07-24,area_weighted_lat_cosine_polygon_integral,24h (03:00 UTC to 03:00 UTC / 08:30 IST to 08:30 IST)
2024-07-15,2024-07-25,SUB_28,Coastal Andhra Pradesh & Yanam,South Peninsula,coastal,1,16.2,81.5,10,9.0,8.5,0.5,1.0,98.0,2.0,7.0,60.2,0,None,NOAA GFS 0.25° Operational GRIB2,00Z,f219,f243,IMD 24h Daily Gridded Observation,2024-07-25,area_weighted_lat_cosine_polygon_integral,24h (03:00 UTC to 03:00 UTC / 08:30 IST to 08:30 IST)
2024-07-15,2024-07-16,SUB_29,Telangana,South Peninsula,plateau,0,17.8,79.1,1,15.9,8.5,7.4,0.667,80.5,15.4,0.5,35.0,0,None,NOAA GFS 0.25° Operational GRIB2,00Z,f003,f027,IMD 24h Daily Gridded Observation,2024-07-16,area_weighted_lat_cosine_polygon_integral,24h (03:00 UTC to 03:00 UTC / 08:30 IST to 08:30 IST)
2024-07-15,2024-07-17,SUB_29,Telangana,South Peninsula,plateau,0,17.8,79.1,2,4.3,8.5,-4.2,0.667,43.5,18.7,14.4,37.8,0,None,NOAA GFS 0.25° Operational GRIB2,00Z,f027,f051,IMD 24h Daily Gridded Observation,2024-07-17,area_weighted_lat_cosine_polygon_integral,24h (03:00 UTC to 03:00 UTC / 08:30 IST to 08:30 IST)
2024-07-15,2024-07-18,SUB_29,Telangana,South Peninsula,plateau,0,17.8,79.1,3,13.9,8.5,5.4,0.667,43.5,4.1,9.8,40.6,0,None,NOAA GFS 0.25° Operational GRIB2,00Z,f051,f075,IMD 24h Daily Gridded Observation,2024-07-18,area_weighted_lat_cosine_polygon_integral,24h (03:00 UTC to 03:00 UTC / 08:30 IST to 08:30 IST)
2024-07-15,2024-07-19,SUB_29,Telangana,South Peninsula,plateau,0,17.8,79.1,4,22.3,8.5,13.8,0.667,43.5,17.3,5.0,43.4,0,None,NOAA GFS 0.25° Operational GRIB2,00Z,f075,f099,IMD 24h Daily Gridded Observation,2024-07-19,area_weighted_lat_cosine_polygon_integral,24h (03:00 UTC to 03:00 UTC / 08:30 IST to 08:30 IST)
2024-07-15,2024-07-20,SUB_29,Telangana,South Peninsula,plateau,0,17.8,79.1,5,40.6,8.5,32.1,1.0,98.0,23.8,16.8,46.2,0,None,NOAA GFS 0.25° Operational GRIB2,00Z,f099,f123,IMD 24h Daily Gridded Observation,2024-07-20,area_weighted_lat_cosine_polygon_integral,24h (03:00 UTC to 03:00 UTC / 08:30 IST to 08:30 IST)
2024-07-15,2024-07-21,SUB_29,Telangana,South Peninsula,plateau,0,17.8,79.1,6,18.0,8.5,9.5,0.667,43.5,30.2,12.2,49.0,0,None,NOAA GFS 0.25° Operational GRIB2,00Z,f123,f147,IMD 24h Daily Gridded Observation,2024-07-21,area_weighted_lat_cosine_polygon_integral,24h (03:00 UTC to 03:00 UTC / 08:30 IST to 08:30 IST)
2024-07-15,2024-07-22,SUB_29,Telangana,South Peninsula,plateau,0,17.8,79.1,7,5.5,8.5,-3.0,0.667,43.5,17.2,11.7,51.8,0,None,NOAA GFS 0.25° Operational GRIB2,00Z,f147,f171,IMD 24h Daily Gridded Observation,2024-07-22,area_weighted_lat_cosine_polygon_integral,24h (03:00 UTC to 03:00 UTC / 08:30 IST to 08:30 IST)
2024-07-15,2024-07-23,SUB_29,Telangana,South Peninsula,plateau,0,17.8,79.1,8,4.5,8.5,-4.0,0.667,43.5,8.1,3.6,54.6,0,None,NOAA GFS 0.25° Operational GRIB2,00Z,f171,f195,IMD 24h Daily Gridded Observation,2024-07-23,area_weighted_lat_cosine_polygon_integral,24h (03:00 UTC to 03:00 UTC / 08:30 IST to 08:30 IST)
2024-07-15,2024-07-24,SUB_29,Telangana,South Peninsula,plateau,0,17.8,79.1,9,6.5,8.5,-2.0,0.667,43.5,16.2,9.7,57.4,0,None,NOAA GFS 0.25° Operational GRIB2,00Z,f195,f219,IMD 24h Daily Gridded Observation,2024-07-24,area_weighted_lat_cosine_polygon_integral,24h (03:00 UTC to 03:00 UTC / 08:30 IST to 08:30 IST)
2024-07-15,2024-07-25,SUB_29,Telangana,South Peninsula,plateau,0,17.8,79.1,10,13.1,8.5,4.6,0.667,43.5,36.7,23.6,60.2,0,None,NOAA GFS 0.25° Operational GRIB2,00Z,f219,f243,IMD 24h Daily Gridded Observation,2024-07-25,area_weighted_lat_cosine_polygon_integral,24h (03:00 UTC to 03:00 UTC / 08:30 IST to 08:30 IST)
2024-07-15,2024-07-16,SUB_30,Rayalaseema,South Peninsula,semi_arid_plateau,0,14.7,78.5,1,5.4,8.5,-3.1,0.667,80.5,4.1,1.3,35.0,0,None,NOAA GFS 0.25° Operational GRIB2,00Z,f003,f027,IMD 24h Daily Gridded Observation,2024-07-16,area_weighted_lat_cosine_polygon_integral,24h (03:00 UTC to 03:00 UTC / 08:30 IST to 08:30 IST)
2024-07-15,2024-07-17,SUB_30,Rayalaseema,South Peninsula,semi_arid_plateau,0,14.7,78.5,2,0.6,8.5,-7.9,0.667,43.5,0.1,0.5,37.8,0,None,NOAA GFS 0.25° Operational GRIB2,00Z,f027,f051,IMD 24h Daily Gridded Observation,2024-07-17,area_weighted_lat_cosine_polygon_integral,24h (03:00 UTC to 03:00 UTC / 08:30 IST to 08:30 IST)
2024-07-15,2024-07-18,SUB_30,Rayalaseema,South Peninsula,semi_arid_plateau,0,14.7,78.5,3,0.8,8.5,-7.7,0.667,43.5,0.1,0.7,40.6,0,None,NOAA GFS 0.25° Operational GRIB2,00Z,f051,f075,IMD 24h Daily Gridded Observation,2024-07-18,area_weighted_lat_cosine_polygon_integral,24h (03:00 UTC to 03:00 UTC / 08:30 IST to 08:30 IST)
2024-07-15,2024-07-19,SUB_30,Rayalaseema,South Peninsula,semi_arid_plateau,0,14.7,78.5,4,4.5,8.5,-4.0,0.667,43.5,10.0,5.5,43.4,0,None,NOAA GFS 0.25° Operational GRIB2,00Z,f075,f099,IMD 24h Daily Gridded Observation,2024-07-19,area_weighted_lat_cosine_polygon_integral,24h (03:00 UTC to 03:00 UTC / 08:30 IST to 08:30 IST)
2024-07-15,2024-07-20,SUB_30,Rayalaseema,South Peninsula,semi_arid_plateau,0,14.7,78.5,5,6.8,8.5,-1.7,0.667,43.5,12.0,5.2,46.2,0,None,NOAA GFS 0.25° Operational GRIB2,00Z,f099,f123,IMD 24h Daily Gridded Observation,2024-07-20,area_weighted_lat_cosine_polygon_integral,24h (03:00 UTC to 03:00 UTC / 08:30 IST to 08:30 IST)
2024-07-15,2024-07-21,SUB_30,Rayalaseema,South Peninsula,semi_arid_plateau,0,14.7,78.5,6,0.5,8.5,-8.0,0.667,43.5,6.5,6.0,49.0,0,None,NOAA GFS 0.25° Operational GRIB2,00Z,f123,f147,IMD 24h Daily Gridded Observation,2024-07-21,area_weighted_lat_cosine_polygon_integral,24h (03:00 UTC to 03:00 UTC / 08:30 IST to 08:30 IST)
2024-07-15,2024-07-22,SUB_30,Rayalaseema,South Peninsula,semi_arid_plateau,0,14.7,78.5,7,0.4,8.5,-8.1,0.667,43.5,8.9,8.5,51.8,0,None,NOAA GFS 0.25° Operational GRIB2,00Z,f147,f171,IMD 24h Daily Gridded Observation,2024-07-22,area_weighted_lat_cosine_polygon_integral,24h (03:00 UTC to 03:00 UTC / 08:30 IST to 08:30 IST)
2024-07-15,2024-07-23,SUB_30,Rayalaseema,South Peninsula,semi_arid_plateau,0,14.7,78.5,8,0.1,8.5,-8.4,0.667,43.5,0.0,0.1,54.6,0,None,NOAA GFS 0.25° Operational GRIB2,00Z,f171,f195,IMD 24h Daily Gridded Observation,2024-07-23,area_weighted_lat_cosine_polygon_integral,24h (03:00 UTC to 03:00 UTC / 08:30 IST to 08:30 IST)
2024-07-15,2024-07-24,SUB_30,Rayalaseema,South Peninsula,semi_arid_plateau,0,14.7,78.5,9,0.1,8.5,-8.4,0.667,43.5,0.0,0.1,57.4,0,None,NOAA GFS 0.25° Operational GRIB2,00Z,f195,f219,IMD 24h Daily Gridded Observation,2024-07-24,area_weighted_lat_cosine_polygon_integral,24h (03:00 UTC to 03:00 UTC / 08:30 IST to 08:30 IST)
2024-07-15,2024-07-25,SUB_30,Rayalaseema,South Peninsula,semi_arid_plateau,0,14.7,78.5,10,1.0,8.5,-7.5,0.667,43.5,0.3,0.7,60.2,0,None,NOAA GFS 0.25° Operational GRIB2,00Z,f219,f243,IMD 24h Daily Gridded Observation,2024-07-25,area_weighted_lat_cosine_polygon_integral,24h (03:00 UTC to 03:00 UTC / 08:30 IST to 08:30 IST)
2024-07-15,2024-07-16,SUB_31,"Tamil Nadu, Puducherry & Karaikal",South Peninsula,coastal_plains,1,11.12,78.65,1,8.3,8.5,-0.2,0.667,80.5,6.3,2.0,35.0,0,None,NOAA GFS 0.25° Operational GRIB2,00Z,f003,f027,IMD 24h Daily Gridded Observation,2024-07-16,area_weighted_lat_cosine_polygon_integral,24h (03:00 UTC to 03:00 UTC / 08:30 IST to 08:30 IST)
2024-07-15,2024-07-17,SUB_31,"Tamil Nadu, Puducherry & Karaikal",South Peninsula,coastal_plains,1,11.12,78.65,2,1.8,8.5,-6.7,0.667,43.5,1.7,0.1,37.8,0,None,NOAA GFS 0.25° Operational GRIB2,00Z,f027,f051,IMD 24h Daily Gridded Observation,2024-07-17,area_weighted_lat_cosine_polygon_integral,24h (03:00 UTC to 03:00 UTC / 08:30 IST to 08:30 IST)
2024-07-15,2024-07-18,SUB_31,"Tamil Nadu, Puducherry & Karaikal",South Peninsula,coastal_plains,1,11.12,78.65,3,0.9,8.5,-7.6,0.667,43.5,1.0,0.1,40.6,0,None,NOAA GFS 0.25° Operational GRIB2,00Z,f051,f075,IMD 24h Daily Gridded Observation,2024-07-18,area_weighted_lat_cosine_polygon_integral,24h (03:00 UTC to 03:00 UTC / 08:30 IST to 08:30 IST)
2024-07-15,2024-07-19,SUB_31,"Tamil Nadu, Puducherry & Karaikal",South Peninsula,coastal_plains,1,11.12,78.65,4,2.7,8.5,-5.8,0.667,43.5,1.6,1.1,43.4,0,None,NOAA GFS 0.25° Operational GRIB2,00Z,f075,f099,IMD 24h Daily Gridded Observation,2024-07-19,area_weighted_lat_cosine_polygon_integral,24h (03:00 UTC to 03:00 UTC / 08:30 IST to 08:30 IST)
2024-07-15,2024-07-20,SUB_31,"Tamil Nadu, Puducherry & Karaikal",South Peninsula,coastal_plains,1,11.12,78.65,5,3.4,8.5,-5.1,0.667,43.5,0.0,3.4,46.2,0,None,NOAA GFS 0.25° Operational GRIB2,00Z,f099,f123,IMD 24h Daily Gridded Observation,2024-07-20,area_weighted_lat_cosine_polygon_integral,24h (03:00 UTC to 03:00 UTC / 08:30 IST to 08:30 IST)
2024-07-15,2024-07-21,SUB_31,"Tamil Nadu, Puducherry & Karaikal",South Peninsula,coastal_plains,1,11.12,78.65,6,1.8,8.5,-6.7,0.667,43.5,0.0,1.8,49.0,0,None,NOAA GFS 0.25° Operational GRIB2,00Z,f123,f147,IMD 24h Daily Gridded Observation,2024-07-21,area_weighted_lat_cosine_polygon_integral,24h (03:00 UTC to 03:00 UTC / 08:30 IST to 08:30 IST)
2024-07-15,2024-07-22,SUB_31,"Tamil Nadu, Puducherry & Karaikal",South Peninsula,coastal_plains,1,11.12,78.65,7,0.8,8.5,-7.7,0.667,43.5,0.0,0.8,51.8,0,None,NOAA GFS 0.25° Operational GRIB2,00Z,f147,f171,IMD 24h Daily Gridded Observation,2024-07-22,area_weighted_lat_cosine_polygon_integral,24h (03:00 UTC to 03:00 UTC / 08:30 IST to 08:30 IST)
2024-07-15,2024-07-23,SUB_31,"Tamil Nadu, Puducherry & Karaikal",South Peninsula,coastal_plains,1,11.12,78.65,8,0.3,8.5,-8.2,0.667,43.5,0.0,0.3,54.6,0,None,NOAA GFS 0.25° Operational GRIB2,00Z,f171,f195,IMD 24h Daily Gridded Observation,2024-07-23,area_weighted_lat_cosine_polygon_integral,24h (03:00 UTC to 03:00 UTC / 08:30 IST to 08:30 IST)
2024-07-15,2024-07-24,SUB_31,"Tamil Nadu, Puducherry & Karaikal",South Peninsula,coastal_plains,1,11.12,78.65,9,0.5,8.5,-8.0,0.667,43.5,0.1,0.4,57.4,0,None,NOAA GFS 0.25° Operational GRIB2,00Z,f195,f219,IMD 24h Daily Gridded Observation,2024-07-24,area_weighted_lat_cosine_polygon_integral,24h (03:00 UTC to 03:00 UTC / 08:30 IST to 08:30 IST)
2024-07-15,2024-07-25,SUB_31,"Tamil Nadu, Puducherry & Karaikal",South Peninsula,coastal_plains,1,11.12,78.65,10,1.0,8.5,-7.5,0.667,43.5,0.2,0.8,60.2,0,None,NOAA GFS 0.25° Operational GRIB2,00Z,f219,f243,IMD 24h Daily Gridded Observation,2024-07-25,area_weighted_lat_cosine_polygon_integral,24h (03:00 UTC to 03:00 UTC / 08:30 IST to 08:30 IST)
2024-07-15,2024-07-16,SUB_32,Coastal Karnataka,South Peninsula,coastal_ghats,1,13.8,74.8,1,78.6,8.5,70.1,1.0,108.8,118.1,39.5,35.0,1,Tail Error > Threshold,NOAA GFS 0.25° Operational GRIB2,00Z,f003,f027,IMD 24h Daily Gridded Observation,2024-07-16,area_weighted_lat_cosine_polygon_integral,24h (03:00 UTC to 03:00 UTC / 08:30 IST to 08:30 IST)
2024-07-15,2024-07-17,SUB_32,Coastal Karnataka,South Peninsula,coastal_ghats,1,13.8,74.8,2,28.0,8.5,19.5,0.667,80.5,83.3,55.3,37.8,1,Tail Error > Threshold,NOAA GFS 0.25° Operational GRIB2,00Z,f027,f051,IMD 24h Daily Gridded Observation,2024-07-17,area_weighted_lat_cosine_polygon_integral,24h (03:00 UTC to 03:00 UTC / 08:30 IST to 08:30 IST)
2024-07-15,2024-07-18,SUB_32,Coastal Karnataka,South Peninsula,coastal_ghats,1,13.8,74.8,3,28.0,8.5,19.5,0.667,80.5,63.4,35.4,40.6,0,None,NOAA GFS 0.25° Operational GRIB2,00Z,f051,f075,IMD 24h Daily Gridded Observation,2024-07-18,area_weighted_lat_cosine_polygon_integral,24h (03:00 UTC to 03:00 UTC / 08:30 IST to 08:30 IST)
2024-07-15,2024-07-19,SUB_32,Coastal Karnataka,South Peninsula,coastal_ghats,1,13.8,74.8,4,32.1,8.5,23.6,0.667,43.5,79.6,47.5,43.4,1,Tail Error > Threshold,NOAA GFS 0.25° Operational GRIB2,00Z,f075,f099,IMD 24h Daily Gridded Observation,2024-07-19,area_weighted_lat_cosine_polygon_integral,24h (03:00 UTC to 03:00 UTC / 08:30 IST to 08:30 IST)
2024-07-15,2024-07-20,SUB_32,Coastal Karnataka,South Peninsula,coastal_ghats,1,13.8,74.8,5,36.9,8.5,28.4,0.667,43.5,70.7,33.8,46.2,0,None,NOAA GFS 0.25° Operational GRIB2,00Z,f099,f123,IMD 24h Daily Gridded Observation,2024-07-20,area_weighted_lat_cosine_polygon_integral,24h (03:00 UTC to 03:00 UTC / 08:30 IST to 08:30 IST)
2024-07-15,2024-07-21,SUB_32,Coastal Karnataka,South Peninsula,coastal_ghats,1,13.8,74.8,6,24.8,8.5,16.3,0.667,43.5,67.9,43.1,49.0,0,None,NOAA GFS 0.25° Operational GRIB2,00Z,f123,f147,IMD 24h Daily Gridded Observation,2024-07-21,area_weighted_lat_cosine_polygon_integral,24h (03:00 UTC to 03:00 UTC / 08:30 IST to 08:30 IST)
2024-07-15,2024-07-22,SUB_32,Coastal Karnataka,South Peninsula,coastal_ghats,1,13.8,74.8,7,16.2,8.5,7.7,0.667,43.5,45.9,29.7,51.8,0,None,NOAA GFS 0.25° Operational GRIB2,00Z,f147,f171,IMD 24h Daily Gridded Observation,2024-07-22,area_weighted_lat_cosine_polygon_integral,24h (03:00 UTC to 03:00 UTC / 08:30 IST to 08:30 IST)
2024-07-15,2024-07-23,SUB_32,Coastal Karnataka,South Peninsula,coastal_ghats,1,13.8,74.8,8,12.8,8.5,4.3,0.667,43.5,57.9,45.1,54.6,0,None,NOAA GFS 0.25° Operational GRIB2,00Z,f171,f195,IMD 24h Daily Gridded Observation,2024-07-23,area_weighted_lat_cosine_polygon_integral,24h (03:00 UTC to 03:00 UTC / 08:30 IST to 08:30 IST)
2024-07-15,2024-07-24,SUB_32,Coastal Karnataka,South Peninsula,coastal_ghats,1,13.8,74.8,9,23.3,8.5,14.8,0.667,43.5,47.0,23.7,57.4,0,None,NOAA GFS 0.25° Operational GRIB2,00Z,f195,f219,IMD 24h Daily Gridded Observation,2024-07-24,area_weighted_lat_cosine_polygon_integral,24h (03:00 UTC to 03:00 UTC / 08:30 IST to 08:30 IST)
2024-07-15,2024-07-25,SUB_32,Coastal Karnataka,South Peninsula,coastal_ghats,1,13.8,74.8,10,37.3,8.5,28.8,1.0,65.2,53.7,16.4,60.2,0,None,NOAA GFS 0.25° Operational GRIB2,00Z,f219,f243,IMD 24h Daily Gridded Observation,2024-07-25,area_weighted_lat_cosine_polygon_integral,24h (03:00 UTC to 03:00 UTC / 08:30 IST to 08:30 IST)
2024-07-15,2024-07-16,SUB_33,North Interior Karnataka,South Peninsula,plateau,0,15.8,76.0,1,13.9,8.5,5.4,0.667,80.5,14.5,0.6,35.0,0,None,NOAA GFS 0.25° Operational GRIB2,00Z,f003,f027,IMD 24h Daily Gridded Observation,2024-07-16,area_weighted_lat_cosine_polygon_integral,24h (03:00 UTC to 03:00 UTC / 08:30 IST to 08:30 IST)
2024-07-15,2024-07-17,SUB_33,North Interior Karnataka,South Peninsula,plateau,0,15.8,76.0,2,4.1,8.5,-4.4,0.667,43.5,1.5,2.6,37.8,0,None,NOAA GFS 0.25° Operational GRIB2,00Z,f027,f051,IMD 24h Daily Gridded Observation,2024-07-17,area_weighted_lat_cosine_polygon_integral,24h (03:00 UTC to 03:00 UTC / 08:30 IST to 08:30 IST)
2024-07-15,2024-07-18,SUB_33,North Interior Karnataka,South Peninsula,plateau,0,15.8,76.0,3,3.8,8.5,-4.7,0.667,43.5,2.3,1.5,40.6,0,None,NOAA GFS 0.25° Operational GRIB2,00Z,f051,f075,IMD 24h Daily Gridded Observation,2024-07-18,area_weighted_lat_cosine_polygon_integral,24h (03:00 UTC to 03:00 UTC / 08:30 IST to 08:30 IST)
2024-07-15,2024-07-19,SUB_33,North Interior Karnataka,South Peninsula,plateau,0,15.8,76.0,4,4.4,8.5,-4.1,0.667,43.5,17.5,13.1,43.4,0,None,NOAA GFS 0.25° Operational GRIB2,00Z,f075,f099,IMD 24h Daily Gridded Observation,2024-07-19,area_weighted_lat_cosine_polygon_integral,24h (03:00 UTC to 03:00 UTC / 08:30 IST to 08:30 IST)
2024-07-15,2024-07-20,SUB_33,North Interior Karnataka,South Peninsula,plateau,0,15.8,76.0,5,13.7,8.5,5.2,0.667,43.5,13.4,0.3,46.2,0,None,NOAA GFS 0.25° Operational GRIB2,00Z,f099,f123,IMD 24h Daily Gridded Observation,2024-07-20,area_weighted_lat_cosine_polygon_integral,24h (03:00 UTC to 03:00 UTC / 08:30 IST to 08:30 IST)
2024-07-15,2024-07-21,SUB_33,North Interior Karnataka,South Peninsula,plateau,0,15.8,76.0,6,9.8,8.5,1.3,0.667,43.5,8.8,1.0,49.0,0,None,NOAA GFS 0.25° Operational GRIB2,00Z,f123,f147,IMD 24h Daily Gridded Observation,2024-07-21,area_weighted_lat_cosine_polygon_integral,24h (03:00 UTC to 03:00 UTC / 08:30 IST to 08:30 IST)
2024-07-15,2024-07-22,SUB_33,North Interior Karnataka,South Peninsula,plateau,0,15.8,76.0,7,2.1,8.5,-6.4,0.667,43.5,14.0,11.9,51.8,0,None,NOAA GFS 0.25° Operational GRIB2,00Z,f147,f171,IMD 24h Daily Gridded Observation,2024-07-22,area_weighted_lat_cosine_polygon_integral,24h (03:00 UTC to 03:00 UTC / 08:30 IST to 08:30 IST)
2024-07-15,2024-07-23,SUB_33,North Interior Karnataka,South Peninsula,plateau,0,15.8,76.0,8,1.8,8.5,-6.7,0.667,43.5,2.7,0.9,54.6,0,None,NOAA GFS 0.25° Operational GRIB2,00Z,f171,f195,IMD 24h Daily Gridded Observation,2024-07-23,area_weighted_lat_cosine_polygon_integral,24h (03:00 UTC to 03:00 UTC / 08:30 IST to 08:30 IST)
2024-07-15,2024-07-24,SUB_33,North Interior Karnataka,South Peninsula,plateau,0,15.8,76.0,9,3.2,8.5,-5.3,0.667,43.5,5.4,2.2,57.4,0,None,NOAA GFS 0.25° Operational GRIB2,00Z,f195,f219,IMD 24h Daily Gridded Observation,2024-07-24,area_weighted_lat_cosine_polygon_integral,24h (03:00 UTC to 03:00 UTC / 08:30 IST to 08:30 IST)
2024-07-15,2024-07-25,SUB_33,North Interior Karnataka,South Peninsula,plateau,0,15.8,76.0,10,5.5,8.5,-3.0,0.667,43.5,2.5,3.0,60.2,0,None,NOAA GFS 0.25° Operational GRIB2,00Z,f219,f243,IMD 24h Daily Gridded Observation,2024-07-25,area_weighted_lat_cosine_polygon_integral,24h (03:00 UTC to 03:00 UTC / 08:30 IST to 08:30 IST)
2024-07-15,2024-07-16,SUB_34,South Interior Karnataka,South Peninsula,plateau_ghats,0,13.0,76.5,1,39.9,8.5,31.4,0.667,80.5,39.0,0.9,35.0,0,None,NOAA GFS 0.25° Operational GRIB2,00Z,f003,f027,IMD 24h Daily Gridded Observation,2024-07-16,area_weighted_lat_cosine_polygon_integral,24h (03:00 UTC to 03:00 UTC / 08:30 IST to 08:30 IST)
2024-07-15,2024-07-17,SUB_34,South Interior Karnataka,South Peninsula,plateau_ghats,0,13.0,76.5,2,7.9,8.5,-0.6,0.667,43.5,4.9,3.0,37.8,0,None,NOAA GFS 0.25° Operational GRIB2,00Z,f027,f051,IMD 24h Daily Gridded Observation,2024-07-17,area_weighted_lat_cosine_polygon_integral,24h (03:00 UTC to 03:00 UTC / 08:30 IST to 08:30 IST)
2024-07-15,2024-07-18,SUB_34,South Interior Karnataka,South Peninsula,plateau_ghats,0,13.0,76.5,3,7.0,8.5,-1.5,0.667,43.5,7.4,0.4,40.6,0,None,NOAA GFS 0.25° Operational GRIB2,00Z,f051,f075,IMD 24h Daily Gridded Observation,2024-07-18,area_weighted_lat_cosine_polygon_integral,24h (03:00 UTC to 03:00 UTC / 08:30 IST to 08:30 IST)
2024-07-15,2024-07-19,SUB_34,South Interior Karnataka,South Peninsula,plateau_ghats,0,13.0,76.5,4,7.9,8.5,-0.6,0.667,43.5,23.1,15.2,43.4,0,None,NOAA GFS 0.25° Operational GRIB2,00Z,f075,f099,IMD 24h Daily Gridded Observation,2024-07-19,area_weighted_lat_cosine_polygon_integral,24h (03:00 UTC to 03:00 UTC / 08:30 IST to 08:30 IST)
2024-07-15,2024-07-20,SUB_34,South Interior Karnataka,South Peninsula,plateau_ghats,0,13.0,76.5,5,10.9,8.5,2.4,0.667,43.5,15.4,4.5,46.2,0,None,NOAA GFS 0.25° Operational GRIB2,00Z,f099,f123,IMD 24h Daily Gridded Observation,2024-07-20,area_weighted_lat_cosine_polygon_integral,24h (03:00 UTC to 03:00 UTC / 08:30 IST to 08:30 IST)
2024-07-15,2024-07-21,SUB_34,South Interior Karnataka,South Peninsula,plateau_ghats,0,13.0,76.5,6,5.8,8.5,-2.7,0.667,43.5,1.4,4.4,49.0,0,None,NOAA GFS 0.25° Operational GRIB2,00Z,f123,f147,IMD 24h Daily Gridded Observation,2024-07-21,area_weighted_lat_cosine_polygon_integral,24h (03:00 UTC to 03:00 UTC / 08:30 IST to 08:30 IST)
2024-07-15,2024-07-22,SUB_34,South Interior Karnataka,South Peninsula,plateau_ghats,0,13.0,76.5,7,3.6,8.5,-4.9,0.667,43.5,0.7,2.9,51.8,0,None,NOAA GFS 0.25° Operational GRIB2,00Z,f147,f171,IMD 24h Daily Gridded Observation,2024-07-22,area_weighted_lat_cosine_polygon_integral,24h (03:00 UTC to 03:00 UTC / 08:30 IST to 08:30 IST)
2024-07-15,2024-07-23,SUB_34,South Interior Karnataka,South Peninsula,plateau_ghats,0,13.0,76.5,8,1.2,8.5,-7.3,0.667,43.5,1.1,0.1,54.6,0,None,NOAA GFS 0.25° Operational GRIB2,00Z,f171,f195,IMD 24h Daily Gridded Observation,2024-07-23,area_weighted_lat_cosine_polygon_integral,24h (03:00 UTC to 03:00 UTC / 08:30 IST to 08:30 IST)
2024-07-15,2024-07-24,SUB_34,South Interior Karnataka,South Peninsula,plateau_ghats,0,13.0,76.5,9,3.1,8.5,-5.4,0.667,43.5,0.5,2.6,57.4,0,None,NOAA GFS 0.25° Operational GRIB2,00Z,f195,f219,IMD 24h Daily Gridded Observation,2024-07-24,area_weighted_lat_cosine_polygon_integral,24h (03:00 UTC to 03:00 UTC / 08:30 IST to 08:30 IST)
2024-07-15,2024-07-25,SUB_34,South Interior Karnataka,South Peninsula,plateau_ghats,0,13.0,76.5,10,8.4,8.5,-0.1,0.667,43.5,1.5,6.9,60.2,0,None,NOAA GFS 0.25° Operational GRIB2,00Z,f219,f243,IMD 24h Daily Gridded Observation,2024-07-25,area_weighted_lat_cosine_polygon_integral,24h (03:00 UTC to 03:00 UTC / 08:30 IST to 08:30 IST)
2024-07-15,2024-07-16,SUB_35,Kerala & Mahe,South Peninsula,coastal_ghats,1,10.85,76.27,1,32.2,8.5,23.7,0.667,80.5,51.2,19.0,35.0,0,None,NOAA GFS 0.25° Operational GRIB2,00Z,f003,f027,IMD 24h Daily Gridded Observation,2024-07-16,area_weighted_lat_cosine_polygon_integral,24h (03:00 UTC to 03:00 UTC / 08:30 IST to 08:30 IST)
2024-07-15,2024-07-17,SUB_35,Kerala & Mahe,South Peninsula,coastal_ghats,1,10.85,76.27,2,15.2,8.5,6.7,0.667,43.5,56.2,41.0,37.8,1,Tail Error > Threshold,NOAA GFS 0.25° Operational GRIB2,00Z,f027,f051,IMD 24h Daily Gridded Observation,2024-07-17,area_weighted_lat_cosine_polygon_integral,24h (03:00 UTC to 03:00 UTC / 08:30 IST to 08:30 IST)
2024-07-15,2024-07-18,SUB_35,Kerala & Mahe,South Peninsula,coastal_ghats,1,10.85,76.27,3,11.4,8.5,2.9,0.667,43.5,50.1,38.7,40.6,0,None,NOAA GFS 0.25° Operational GRIB2,00Z,f051,f075,IMD 24h Daily Gridded Observation,2024-07-18,area_weighted_lat_cosine_polygon_integral,24h (03:00 UTC to 03:00 UTC / 08:30 IST to 08:30 IST)
2024-07-15,2024-07-19,SUB_35,Kerala & Mahe,South Peninsula,coastal_ghats,1,10.85,76.27,4,13.2,8.5,4.7,0.667,43.5,26.4,13.2,43.4,0,None,NOAA GFS 0.25° Operational GRIB2,00Z,f075,f099,IMD 24h Daily Gridded Observation,2024-07-19,area_weighted_lat_cosine_polygon_integral,24h (03:00 UTC to 03:00 UTC / 08:30 IST to 08:30 IST)
2024-07-15,2024-07-20,SUB_35,Kerala & Mahe,South Peninsula,coastal_ghats,1,10.85,76.27,5,12.5,8.5,4.0,0.667,43.5,3.4,9.1,46.2,0,None,NOAA GFS 0.25° Operational GRIB2,00Z,f099,f123,IMD 24h Daily Gridded Observation,2024-07-20,area_weighted_lat_cosine_polygon_integral,24h (03:00 UTC to 03:00 UTC / 08:30 IST to 08:30 IST)
2024-07-15,2024-07-21,SUB_35,Kerala & Mahe,South Peninsula,coastal_ghats,1,10.85,76.27,6,9.8,8.5,1.3,0.667,43.5,2.9,6.9,49.0,0,None,NOAA GFS 0.25° Operational GRIB2,00Z,f123,f147,IMD 24h Daily Gridded Observation,2024-07-21,area_weighted_lat_cosine_polygon_integral,24h (03:00 UTC to 03:00 UTC / 08:30 IST to 08:30 IST)
2024-07-15,2024-07-22,SUB_35,Kerala & Mahe,South Peninsula,coastal_ghats,1,10.85,76.27,7,8.0,8.5,-0.5,0.667,43.5,3.9,4.1,51.8,0,None,NOAA GFS 0.25° Operational GRIB2,00Z,f147,f171,IMD 24h Daily Gridded Observation,2024-07-22,area_weighted_lat_cosine_polygon_integral,24h (03:00 UTC to 03:00 UTC / 08:30 IST to 08:30 IST)
2024-07-15,2024-07-23,SUB_35,Kerala & Mahe,South Peninsula,coastal_ghats,1,10.85,76.27,8,4.2,8.5,-4.3,0.667,43.5,3.3,0.9,54.6,0,None,NOAA GFS 0.25° Operational GRIB2,00Z,f171,f195,IMD 24h Daily Gridded Observation,2024-07-23,area_weighted_lat_cosine_polygon_integral,24h (03:00 UTC to 03:00 UTC / 08:30 IST to 08:30 IST)
2024-07-15,2024-07-24,SUB_35,Kerala & Mahe,South Peninsula,coastal_ghats,1,10.85,76.27,9,5.1,8.5,-3.4,0.667,43.5,6.7,1.6,57.4,0,None,NOAA GFS 0.25° Operational GRIB2,00Z,f195,f219,IMD 24h Daily Gridded Observation,2024-07-24,area_weighted_lat_cosine_polygon_integral,24h (03:00 UTC to 03:00 UTC / 08:30 IST to 08:30 IST)
2024-07-15,2024-07-25,SUB_35,Kerala & Mahe,South Peninsula,coastal_ghats,1,10.85,76.27,10,11.5,8.5,3.0,0.667,43.5,28.4,16.9,60.2,0,None,NOAA GFS 0.25° Operational GRIB2,00Z,f219,f243,IMD 24h Daily Gridded Observation,2024-07-25,area_weighted_lat_cosine_polygon_integral,24h (03:00 UTC to 03:00 UTC / 08:30 IST to 08:30 IST)
2024-07-15,2024-07-16,SUB_36,Lakshadweep,South Peninsula,island,0,10.56,72.64,1,20.4,8.5,11.9,0.667,80.5,29.0,8.6,35.0,0,None,NOAA GFS 0.25° Operational GRIB2,00Z,f003,f027,IMD 24h Daily Gridded Observation,2024-07-16,area_weighted_lat_cosine_polygon_integral,24h (03:00 UTC to 03:00 UTC / 08:30 IST to 08:30 IST)
2024-07-15,2024-07-17,SUB_36,Lakshadweep,South Peninsula,island,0,10.56,72.64,2,8.8,8.5,0.3,0.667,43.5,7.8,1.0,37.8,0,None,NOAA GFS 0.25° Operational GRIB2,00Z,f027,f051,IMD 24h Daily Gridded Observation,2024-07-17,area_weighted_lat_cosine_polygon_integral,24h (03:00 UTC to 03:00 UTC / 08:30 IST to 08:30 IST)
2024-07-15,2024-07-18,SUB_36,Lakshadweep,South Peninsula,island,0,10.56,72.64,3,9.9,8.5,1.4,0.667,43.5,16.9,7.0,40.6,0,None,NOAA GFS 0.25° Operational GRIB2,00Z,f051,f075,IMD 24h Daily Gridded Observation,2024-07-18,area_weighted_lat_cosine_polygon_integral,24h (03:00 UTC to 03:00 UTC / 08:30 IST to 08:30 IST)
2024-07-15,2024-07-19,SUB_36,Lakshadweep,South Peninsula,island,0,10.56,72.64,4,3.0,8.5,-5.5,0.667,43.5,3.1,0.1,43.4,0,None,NOAA GFS 0.25° Operational GRIB2,00Z,f075,f099,IMD 24h Daily Gridded Observation,2024-07-19,area_weighted_lat_cosine_polygon_integral,24h (03:00 UTC to 03:00 UTC / 08:30 IST to 08:30 IST)
2024-07-15,2024-07-20,SUB_36,Lakshadweep,South Peninsula,island,0,10.56,72.64,5,1.6,8.5,-6.9,0.667,43.5,1.2,0.4,46.2,0,None,NOAA GFS 0.25° Operational GRIB2,00Z,f099,f123,IMD 24h Daily Gridded Observation,2024-07-20,area_weighted_lat_cosine_polygon_integral,24h (03:00 UTC to 03:00 UTC / 08:30 IST to 08:30 IST)
2024-07-15,2024-07-21,SUB_36,Lakshadweep,South Peninsula,island,0,10.56,72.64,6,2.7,8.5,-5.8,0.667,43.5,0.0,2.7,49.0,0,None,NOAA GFS 0.25° Operational GRIB2,00Z,f123,f147,IMD 24h Daily Gridded Observation,2024-07-21,area_weighted_lat_cosine_polygon_integral,24h (03:00 UTC to 03:00 UTC / 08:30 IST to 08:30 IST)
2024-07-15,2024-07-22,SUB_36,Lakshadweep,South Peninsula,island,0,10.56,72.64,7,4.1,8.5,-4.4,0.667,43.5,4.4,0.3,51.8,0,None,NOAA GFS 0.25° Operational GRIB2,00Z,f147,f171,IMD 24h Daily Gridded Observation,2024-07-22,area_weighted_lat_cosine_polygon_integral,24h (03:00 UTC to 03:00 UTC / 08:30 IST to 08:30 IST)
2024-07-15,2024-07-23,SUB_36,Lakshadweep,South Peninsula,island,0,10.56,72.64,8,3.5,8.5,-5.0,0.667,43.5,5.3,1.8,54.6,0,None,NOAA GFS 0.25° Operational GRIB2,00Z,f171,f195,IMD 24h Daily Gridded Observation,2024-07-23,area_weighted_lat_cosine_polygon_integral,24h (03:00 UTC to 03:00 UTC / 08:30 IST to 08:30 IST)
2024-07-15,2024-07-24,SUB_36,Lakshadweep,South Peninsula,island,0,10.56,72.64,9,4.3,8.5,-4.2,0.667,43.5,2.0,2.3,57.4,0,None,NOAA GFS 0.25° Operational GRIB2,00Z,f195,f219,IMD 24h Daily Gridded Observation,2024-07-24,area_weighted_lat_cosine_polygon_integral,24h (03:00 UTC to 03:00 UTC / 08:30 IST to 08:30 IST)
2024-07-15,2024-07-25,SUB_36,Lakshadweep,South Peninsula,island,0,10.56,72.64,10,7.9,8.5,-0.6,0.667,43.5,17.2,9.3,60.2,0,None,NOAA GFS 0.25° Operational GRIB2,00Z,f219,f243,IMD 24h Daily Gridded Observation,2024-07-25,area_weighted_lat_cosine_polygon_integral,24h (03:00 UTC to 03:00 UTC / 08:30 IST to 08:30 IST)
2023-06-10,2023-06-11,SUB_01,Andaman & Nicobar Islands,South Peninsula,island,0,11.74,92.65,1,21.1,8.5,12.6,0.667,53.8,33.4,12.3,35.0,0,None,NOAA GFS 0.25° Operational GRIB2,00Z,f003,f027,IMD 24h Daily Gridded Observation,2023-06-11,area_weighted_lat_cosine_polygon_integral,24h (03:00 UTC to 03:00 UTC / 08:30 IST to 08:30 IST)
2023-06-10,2023-06-12,SUB_01,Andaman & Nicobar Islands,South Peninsula,island,0,11.74,92.65,2,4.4,8.5,-4.1,0.667,53.8,19.8,15.4,37.8,0,None,NOAA GFS 0.25° Operational GRIB2,00Z,f027,f051,IMD 24h Daily Gridded Observation,2023-06-12,area_weighted_lat_cosine_polygon_integral,24h (03:00 UTC to 03:00 UTC / 08:30 IST to 08:30 IST)
2023-06-10,2023-06-13,SUB_01,Andaman & Nicobar Islands,South Peninsula,island,0,11.74,92.65,3,5.7,8.5,-2.8,0.667,53.8,8.2,2.5,40.6,0,None,NOAA GFS 0.25° Operational GRIB2,00Z,f051,f075,IMD 24h Daily Gridded Observation,2023-06-13,area_weighted_lat_cosine_polygon_integral,24h (03:00 UTC to 03:00 UTC / 08:30 IST to 08:30 IST)
2023-06-10,2023-06-14,SUB_01,Andaman & Nicobar Islands,South Peninsula,island,0,11.74,92.65,4,3.2,8.5,-5.3,0.667,53.8,14.3,11.1,43.4,0,None,NOAA GFS 0.25° Operational GRIB2,00Z,f075,f099,IMD 24h Daily Gridded Observation,2023-06-14,area_weighted_lat_cosine_polygon_integral,24h (03:00 UTC to 03:00 UTC / 08:30 IST to 08:30 IST)
2023-06-10,2023-06-15,SUB_01,Andaman & Nicobar Islands,South Peninsula,island,0,11.74,92.65,5,7.3,8.5,-1.2,0.667,53.8,23.5,16.2,46.2,0,None,NOAA GFS 0.25° Operational GRIB2,00Z,f099,f123,IMD 24h Daily Gridded Observation,2023-06-15,area_weighted_lat_cosine_polygon_integral,24h (03:00 UTC to 03:00 UTC / 08:30 IST to 08:30 IST)
2023-06-10,2023-06-16,SUB_01,Andaman & Nicobar Islands,South Peninsula,island,0,11.74,92.65,6,10.6,8.5,2.1,0.667,53.8,15.0,4.4,49.0,0,None,NOAA GFS 0.25° Operational GRIB2,00Z,f123,f147,IMD 24h Daily Gridded Observation,2023-06-16,area_weighted_lat_cosine_polygon_integral,24h (03:00 UTC to 03:00 UTC / 08:30 IST to 08:30 IST)
2023-06-10,2023-06-17,SUB_01,Andaman & Nicobar Islands,South Peninsula,island,0,11.74,92.65,7,9.4,8.5,0.9,0.667,68.8,14.7,5.3,51.8,0,None,NOAA GFS 0.25° Operational GRIB2,00Z,f147,f171,IMD 24h Daily Gridded Observation,2023-06-17,area_weighted_lat_cosine_polygon_integral,24h (03:00 UTC to 03:00 UTC / 08:30 IST to 08:30 IST)
2023-06-10,2023-06-18,SUB_01,Andaman & Nicobar Islands,South Peninsula,island,0,11.74,92.65,8,12.6,8.5,4.1,0.667,68.8,7.1,5.5,54.6,0,None,NOAA GFS 0.25° Operational GRIB2,00Z,f171,f195,IMD 24h Daily Gridded Observation,2023-06-18,area_weighted_lat_cosine_polygon_integral,24h (03:00 UTC to 03:00 UTC / 08:30 IST to 08:30 IST)
2023-06-10,2023-06-19,SUB_01,Andaman & Nicobar Islands,South Peninsula,island,0,11.74,92.65,9,21.1,8.5,12.6,0.667,68.8,4.5,16.6,57.4,0,None,NOAA GFS 0.25° Operational GRIB2,00Z,f195,f219,IMD 24h Daily Gridded Observation,2023-06-19,area_weighted_lat_cosine_polygon_integral,24h (03:00 UTC to 03:00 UTC / 08:30 IST to 08:30 IST)
2023-06-10,2023-06-20,SUB_01,Andaman & Nicobar Islands,South Peninsula,island,0,11.74,92.65,10,18.0,8.5,9.5,0.667,68.8,2.1,15.9,60.2,1,Category Failure (>=2 Cats),NOAA GFS 0.25° Operational GRIB2,00Z,f219,f243,IMD 24h Daily Gridded Observation,2023-06-20,area_weighted_lat_cosine_polygon_integral,24h (03:00 UTC to 03:00 UTC / 08:30 IST to 08:30 IST)
2023-06-10,2023-06-11,SUB_02,Arunachal Pradesh,East & Northeast,himalayan,0,28.21,94.72,1,14.1,14.0,0.1,0.667,53.8,42.1,28.0,35.0,0,None,NOAA GFS 0.25° Operational GRIB2,00Z,f003,f027,IMD 24h Daily Gridded Observation,2023-06-11,area_weighted_lat_cosine_polygon_integral,24h (03:00 UTC to 03:00 UTC / 08:30 IST to 08:30 IST)
2023-06-10,2023-06-12,SUB_02,Arunachal Pradesh,East & Northeast,himalayan,0,28.21,94.72,2,18.3,14.0,4.3,0.667,53.8,13.7,4.6,37.8,0,None,NOAA GFS 0.25° Operational GRIB2,00Z,f027,f051,IMD 24h Daily Gridded Observation,2023-06-12,area_weighted_lat_cosine_polygon_integral,24h (03:00 UTC to 03:00 UTC / 08:30 IST to 08:30 IST)
2023-06-10,2023-06-13,SUB_02,Arunachal Pradesh,East & Northeast,himalayan,0,28.21,94.72,3,14.8,14.0,0.8,0.667,53.8,54.0,39.2,40.6,0,None,NOAA GFS 0.25° Operational GRIB2,00Z,f051,f075,IMD 24h Daily Gridded Observation,2023-06-13,area_weighted_lat_cosine_polygon_integral,24h (03:00 UTC to 03:00 UTC / 08:30 IST to 08:30 IST)
2023-06-10,2023-06-14,SUB_02,Arunachal Pradesh,East & Northeast,himalayan,0,28.21,94.72,4,22.2,14.0,8.2,0.667,53.8,86.1,63.9,43.4,1,Tail Error > Threshold,NOAA GFS 0.25° Operational GRIB2,00Z,f075,f099,IMD 24h Daily Gridded Observation,2023-06-14,area_weighted_lat_cosine_polygon_integral,24h (03:00 UTC to 03:00 UTC / 08:30 IST to 08:30 IST)
2023-06-10,2023-06-15,SUB_02,Arunachal Pradesh,East & Northeast,himalayan,0,28.21,94.72,5,23.6,14.0,9.6,0.667,53.8,52.2,28.6,46.2,0,None,NOAA GFS 0.25° Operational GRIB2,00Z,f099,f123,IMD 24h Daily Gridded Observation,2023-06-15,area_weighted_lat_cosine_polygon_integral,24h (03:00 UTC to 03:00 UTC / 08:30 IST to 08:30 IST)
2023-06-10,2023-06-16,SUB_02,Arunachal Pradesh,East & Northeast,himalayan,0,28.21,94.72,6,14.1,14.0,0.1,0.667,53.8,37.7,23.6,49.0,0,None,NOAA GFS 0.25° Operational GRIB2,00Z,f123,f147,IMD 24h Daily Gridded Observation,2023-06-16,area_weighted_lat_cosine_polygon_integral,24h (03:00 UTC to 03:00 UTC / 08:30 IST to 08:30 IST)
2023-06-10,2023-06-17,SUB_02,Arunachal Pradesh,East & Northeast,himalayan,0,28.21,94.72,7,5.2,14.0,-8.8,0.667,68.8,8.4,3.2,51.8,0,None,NOAA GFS 0.25° Operational GRIB2,00Z,f147,f171,IMD 24h Daily Gridded Observation,2023-06-17,area_weighted_lat_cosine_polygon_integral,24h (03:00 UTC to 03:00 UTC / 08:30 IST to 08:30 IST)
2023-06-10,2023-06-18,SUB_02,Arunachal Pradesh,East & Northeast,himalayan,0,28.21,94.72,8,4.7,14.0,-9.3,0.667,68.8,10.7,6.0,54.6,0,None,NOAA GFS 0.25° Operational GRIB2,00Z,f171,f195,IMD 24h Daily Gridded Observation,2023-06-18,area_weighted_lat_cosine_polygon_integral,24h (03:00 UTC to 03:00 UTC / 08:30 IST to 08:30 IST)
2023-06-10,2023-06-19,SUB_02,Arunachal Pradesh,East & Northeast,himalayan,0,28.21,94.72,9,6.0,14.0,-8.0,0.667,68.8,0.7,5.3,57.4,0,None,NOAA GFS 0.25° Operational GRIB2,00Z,f195,f219,IMD 24h Daily Gridded Observation,2023-06-19,area_weighted_lat_cosine_polygon_integral,24h (03:00 UTC to 03:00 UTC / 08:30 IST to 08:30 IST)
2023-06-10,2023-06-20,SUB_02,Arunachal Pradesh,East & Northeast,himalayan,0,28.21,94.72,10,14.0,14.0,0.0,0.667,68.8,37.3,23.3,60.2,0,None,NOAA GFS 0.25° Operational GRIB2,00Z,f219,f243,IMD 24h Daily Gridded Observation,2023-06-20,area_weighted_lat_cosine_polygon_integral,24h (03:00 UTC to 03:00 UTC / 08:30 IST to 08:30 IST)
2023-06-10,2023-06-11,SUB_03,Assam & Meghalaya,East & Northeast,hills_valleys,0,26.2,92.93,1,17.0,14.0,3.0,0.667,53.8,34.5,17.5,35.0,0,None,NOAA GFS 0.25° Operational GRIB2,00Z,f003,f027,IMD 24h Daily Gridded Observation,2023-06-11,area_weighted_lat_cosine_polygon_integral,24h (03:00 UTC to 03:00 UTC / 08:30 IST to 08:30 IST)
2023-06-10,2023-06-12,SUB_03,Assam & Meghalaya,East & Northeast,hills_valleys,0,26.2,92.93,2,15.1,14.0,1.1,0.667,53.8,15.4,0.3,37.8,0,None,NOAA GFS 0.25° Operational GRIB2,00Z,f027,f051,IMD 24h Daily Gridded Observation,2023-06-12,area_weighted_lat_cosine_polygon_integral,24h (03:00 UTC to 03:00 UTC / 08:30 IST to 08:30 IST)
2023-06-10,2023-06-13,SUB_03,Assam & Meghalaya,East & Northeast,hills_valleys,0,26.2,92.93,3,22.8,14.0,8.8,0.667,53.8,13.5,9.3,40.6,0,None,NOAA GFS 0.25° Operational GRIB2,00Z,f051,f075,IMD 24h Daily Gridded Observation,2023-06-13,area_weighted_lat_cosine_polygon_integral,24h (03:00 UTC to 03:00 UTC / 08:30 IST to 08:30 IST)
2023-06-10,2023-06-14,SUB_03,Assam & Meghalaya,East & Northeast,hills_valleys,0,26.2,92.93,4,33.9,14.0,19.9,0.667,53.8,27.0,6.9,43.4,0,None,NOAA GFS 0.25° Operational GRIB2,00Z,f075,f099,IMD 24h Daily Gridded Observation,2023-06-14,area_weighted_lat_cosine_polygon_integral,24h (03:00 UTC to 03:00 UTC / 08:30 IST to 08:30 IST)
2023-06-10,2023-06-15,SUB_03,Assam & Meghalaya,East & Northeast,hills_valleys,0,26.2,92.93,5,38.1,14.0,24.1,0.667,53.8,18.5,19.6,46.2,0,None,NOAA GFS 0.25° Operational GRIB2,00Z,f099,f123,IMD 24h Daily Gridded Observation,2023-06-15,area_weighted_lat_cosine_polygon_integral,24h (03:00 UTC to 03:00 UTC / 08:30 IST to 08:30 IST)
2023-06-10,2023-06-16,SUB_03,Assam & Meghalaya,East & Northeast,hills_valleys,0,26.2,92.93,6,27.8,14.0,13.8,0.667,53.8,13.4,14.4,49.0,0,None,NOAA GFS 0.25° Operational GRIB2,00Z,f123,f147,IMD 24h Daily Gridded Observation,2023-06-16,area_weighted_lat_cosine_polygon_integral,24h (03:00 UTC to 03:00 UTC / 08:30 IST to 08:30 IST)
2023-06-10,2023-06-17,SUB_03,Assam & Meghalaya,East & Northeast,hills_valleys,0,26.2,92.93,7,13.3,14.0,-0.7,0.667,68.8,22.0,8.7,51.8,0,None,NOAA GFS 0.25° Operational GRIB2,00Z,f147,f171,IMD 24h Daily Gridded Observation,2023-06-17,area_weighted_lat_cosine_polygon_integral,24h (03:00 UTC to 03:00 UTC / 08:30 IST to 08:30 IST)
2023-06-10,2023-06-18,SUB_03,Assam & Meghalaya,East & Northeast,hills_valleys,0,26.2,92.93,8,13.7,14.0,-0.3,0.667,68.8,16.3,2.6,54.6,0,None,NOAA GFS 0.25° Operational GRIB2,00Z,f171,f195,IMD 24h Daily Gridded Observation,2023-06-18,area_weighted_lat_cosine_polygon_integral,24h (03:00 UTC to 03:00 UTC / 08:30 IST to 08:30 IST)
2023-06-10,2023-06-19,SUB_03,Assam & Meghalaya,East & Northeast,hills_valleys,0,26.2,92.93,9,12.2,14.0,-1.8,0.667,68.8,22.0,9.8,57.4,0,None,NOAA GFS 0.25° Operational GRIB2,00Z,f195,f219,IMD 24h Daily Gridded Observation,2023-06-19,area_weighted_lat_cosine_polygon_integral,24h (03:00 UTC to 03:00 UTC / 08:30 IST to 08:30 IST)
2023-06-10,2023-06-20,SUB_03,Assam & Meghalaya,East & Northeast,hills_valleys,0,26.2,92.93,10,19.2,14.0,5.2,0.667,68.8,17.2,2.0,60.2,0,None,NOAA GFS 0.25° Operational GRIB2,00Z,f219,f243,IMD 24h Daily Gridded Observation,2023-06-20,area_weighted_lat_cosine_polygon_integral,24h (03:00 UTC to 03:00 UTC / 08:30 IST to 08:30 IST)
2023-06-10,2023-06-11,SUB_04,"Nagaland, Manipur, Mizoram & Tripura",East & Northeast,hills,0,24.81,93.93,1,19.1,14.0,5.1,0.667,53.8,20.4,1.3,35.0,0,None,NOAA GFS 0.25° Operational GRIB2,00Z,f003,f027,IMD 24h Daily Gridded Observation,2023-06-11,area_weighted_lat_cosine_polygon_integral,24h (03:00 UTC to 03:00 UTC / 08:30 IST to 08:30 IST)
2023-06-10,2023-06-12,SUB_04,"Nagaland, Manipur, Mizoram & Tripura",East & Northeast,hills,0,24.81,93.93,2,9.7,14.0,-4.3,0.667,53.8,15.7,6.0,37.8,0,None,NOAA GFS 0.25° Operational GRIB2,00Z,f027,f051,IMD 24h Daily Gridded Observation,2023-06-12,area_weighted_lat_cosine_polygon_integral,24h (03:00 UTC to 03:00 UTC / 08:30 IST to 08:30 IST)
2023-06-10,2023-06-13,SUB_04,"Nagaland, Manipur, Mizoram & Tripura",East & Northeast,hills,0,24.81,93.93,3,14.0,14.0,0.0,0.667,53.8,5.3,8.7,40.6,0,None,NOAA GFS 0.25° Operational GRIB2,00Z,f051,f075,IMD 24h Daily Gridded Observation,2023-06-13,area_weighted_lat_cosine_polygon_integral,24h (03:00 UTC to 03:00 UTC / 08:30 IST to 08:30 IST)
2023-06-10,2023-06-14,SUB_04,"Nagaland, Manipur, Mizoram & Tripura",East & Northeast,hills,0,24.81,93.93,4,19.9,14.0,5.9,0.667,53.8,16.8,3.1,43.4,0,None,NOAA GFS 0.25° Operational GRIB2,00Z,f075,f099,IMD 24h Daily Gridded Observation,2023-06-14,area_weighted_lat_cosine_polygon_integral,24h (03:00 UTC to 03:00 UTC / 08:30 IST to 08:30 IST)
2023-06-10,2023-06-15,SUB_04,"Nagaland, Manipur, Mizoram & Tripura",East & Northeast,hills,0,24.81,93.93,5,31.1,14.0,17.1,0.667,53.8,10.4,20.7,46.2,0,None,NOAA GFS 0.25° Operational GRIB2,00Z,f099,f123,IMD 24h Daily Gridded Observation,2023-06-15,area_weighted_lat_cosine_polygon_integral,24h (03:00 UTC to 03:00 UTC / 08:30 IST to 08:30 IST)
2023-06-10,2023-06-16,SUB_04,"Nagaland, Manipur, Mizoram & Tripura",East & Northeast,hills,0,24.81,93.93,6,36.5,14.0,22.5,0.667,53.8,9.7,26.8,49.0,0,None,NOAA GFS 0.25° Operational GRIB2,00Z,f123,f147,IMD 24h Daily Gridded Observation,2023-06-16,area_weighted_lat_cosine_polygon_integral,24h (03:00 UTC to 03:00 UTC / 08:30 IST to 08:30 IST)
2023-06-10,2023-06-17,SUB_04,"Nagaland, Manipur, Mizoram & Tripura",East & Northeast,hills,0,24.81,93.93,7,14.6,14.0,0.6,0.667,68.8,2.6,12.0,51.8,0,None,NOAA GFS 0.25° Operational GRIB2,00Z,f147,f171,IMD 24h Daily Gridded Observation,2023-06-17,area_weighted_lat_cosine_polygon_integral,24h (03:00 UTC to 03:00 UTC / 08:30 IST to 08:30 IST)
2023-06-10,2023-06-18,SUB_04,"Nagaland, Manipur, Mizoram & Tripura",East & Northeast,hills,0,24.81,93.93,8,16.6,14.0,2.6,0.667,68.8,4.6,12.0,54.6,0,None,NOAA GFS 0.25° Operational GRIB2,00Z,f171,f195,IMD 24h Daily Gridded Observation,2023-06-18,area_weighted_lat_cosine_polygon_integral,24h (03:00 UTC to 03:00 UTC / 08:30 IST to 08:30 IST)
2023-06-10,2023-06-19,SUB_04,"Nagaland, Manipur, Mizoram & Tripura",East & Northeast,hills,0,24.81,93.93,9,18.7,14.0,4.7,0.667,68.8,0.2,18.5,57.4,1,Category Failure (>=2 Cats),NOAA GFS 0.25° Operational GRIB2,00Z,f195,f219,IMD 24h Daily Gridded Observation,2023-06-19,area_weighted_lat_cosine_polygon_integral,24h (03:00 UTC to 03:00 UTC / 08:30 IST to 08:30 IST)
2023-06-10,2023-06-20,SUB_04,"Nagaland, Manipur, Mizoram & Tripura",East & Northeast,hills,0,24.81,93.93,10,14.8,14.0,0.8,0.667,68.8,1.0,13.8,60.2,0,None,NOAA GFS 0.25° Operational GRIB2,00Z,f219,f243,IMD 24h Daily Gridded Observation,2023-06-20,area_weighted_lat_cosine_polygon_integral,24h (03:00 UTC to 03:00 UTC / 08:30 IST to 08:30 IST)
2023-06-10,2023-06-11,SUB_05,Sub-Himalayan West Bengal & Sikkim,East & Northeast,himalayan,0,27.03,88.5,1,6.3,14.0,-7.7,0.667,53.8,13.4,7.1,35.0,0,None,NOAA GFS 0.25° Operational GRIB2,00Z,f003,f027,IMD 24h Daily Gridded Observation,2023-06-11,area_weighted_lat_cosine_polygon_integral,24h (03:00 UTC to 03:00 UTC / 08:30 IST to 08:30 IST)
2023-06-10,2023-06-12,SUB_05,Sub-Himalayan West Bengal & Sikkim,East & Northeast,himalayan,0,27.03,88.5,2,16.5,14.0,2.5,0.667,53.8,46.0,29.5,37.8,0,None,NOAA GFS 0.25° Operational GRIB2,00Z,f027,f051,IMD 24h Daily Gridded Observation,2023-06-12,area_weighted_lat_cosine_polygon_integral,24h (03:00 UTC to 03:00 UTC / 08:30 IST to 08:30 IST)
2023-06-10,2023-06-13,SUB_05,Sub-Himalayan West Bengal & Sikkim,East & Northeast,himalayan,0,27.03,88.5,3,23.8,14.0,9.8,0.667,53.8,9.6,14.2,40.6,0,None,NOAA GFS 0.25° Operational GRIB2,00Z,f051,f075,IMD 24h Daily Gridded Observation,2023-06-13,area_weighted_lat_cosine_polygon_integral,24h (03:00 UTC to 03:00 UTC / 08:30 IST to 08:30 IST)
2023-06-10,2023-06-14,SUB_05,Sub-Himalayan West Bengal & Sikkim,East & Northeast,himalayan,0,27.03,88.5,4,28.5,14.0,14.5,0.667,53.8,23.1,5.4,43.4,0,None,NOAA GFS 0.25° Operational GRIB2,00Z,f075,f099,IMD 24h Daily Gridded Observation,2023-06-14,area_weighted_lat_cosine_polygon_integral,24h (03:00 UTC to 03:00 UTC / 08:30 IST to 08:30 IST)
2023-06-10,2023-06-15,SUB_05,Sub-Himalayan West Bengal & Sikkim,East & Northeast,himalayan,0,27.03,88.5,5,23.2,14.0,9.2,0.667,53.8,49.3,26.1,46.2,0,None,NOAA GFS 0.25° Operational GRIB2,00Z,f099,f123,IMD 24h Daily Gridded Observation,2023-06-15,area_weighted_lat_cosine_polygon_integral,24h (03:00 UTC to 03:00 UTC / 08:30 IST to 08:30 IST)
2023-06-10,2023-06-16,SUB_05,Sub-Himalayan West Bengal & Sikkim,East & Northeast,himalayan,0,27.03,88.5,6,11.0,14.0,-3.0,0.667,53.8,17.5,6.5,49.0,0,None,NOAA GFS 0.25° Operational GRIB2,00Z,f123,f147,IMD 24h Daily Gridded Observation,2023-06-16,area_weighted_lat_cosine_polygon_integral,24h (03:00 UTC to 03:00 UTC / 08:30 IST to 08:30 IST)
2023-06-10,2023-06-17,SUB_05,Sub-Himalayan West Bengal & Sikkim,East & Northeast,himalayan,0,27.03,88.5,7,4.3,14.0,-9.7,0.667,68.8,14.7,10.4,51.8,0,None,NOAA GFS 0.25° Operational GRIB2,00Z,f147,f171,IMD 24h Daily Gridded Observation,2023-06-17,area_weighted_lat_cosine_polygon_integral,24h (03:00 UTC to 03:00 UTC / 08:30 IST to 08:30 IST)
2023-06-10,2023-06-18,SUB_05,Sub-Himalayan West Bengal & Sikkim,East & Northeast,himalayan,0,27.03,88.5,8,3.5,14.0,-10.5,0.667,68.8,19.9,16.4,54.6,0,None,NOAA GFS 0.25° Operational GRIB2,00Z,f171,f195,IMD 24h Daily Gridded Observation,2023-06-18,area_weighted_lat_cosine_polygon_integral,24h (03:00 UTC to 03:00 UTC / 08:30 IST to 08:30 IST)
2023-06-10,2023-06-19,SUB_05,Sub-Himalayan West Bengal & Sikkim,East & Northeast,himalayan,0,27.03,88.5,9,7.3,14.0,-6.7,0.667,68.8,46.2,38.9,57.4,0,None,NOAA GFS 0.25° Operational GRIB2,00Z,f195,f219,IMD 24h Daily Gridded Observation,2023-06-19,area_weighted_lat_cosine_polygon_integral,24h (03:00 UTC to 03:00 UTC / 08:30 IST to 08:30 IST)
2023-06-10,2023-06-20,SUB_05,Sub-Himalayan West Bengal & Sikkim,East & Northeast,himalayan,0,27.03,88.5,10,13.1,14.0,-0.9,0.667,68.8,23.0,9.9,60.2,0,None,NOAA GFS 0.25° Operational GRIB2,00Z,f219,f243,IMD 24h Daily Gridded Observation,2023-06-20,area_weighted_lat_cosine_polygon_integral,24h (03:00 UTC to 03:00 UTC / 08:30 IST to 08:30 IST)
2023-06-10,2023-06-11,SUB_06,Gangetic West Bengal,East & Northeast,plains,0,22.98,87.85,1,0.1,14.0,-13.9,0.667,53.8,0.2,0.1,35.0,0,None,NOAA GFS 0.25° Operational GRIB2,00Z,f003,f027,IMD 24h Daily Gridded Observation,2023-06-11,area_weighted_lat_cosine_polygon_integral,24h (03:00 UTC to 03:00 UTC / 08:30 IST to 08:30 IST)
2023-06-10,2023-06-12,SUB_06,Gangetic West Bengal,East & Northeast,plains,0,22.98,87.85,2,2.0,14.0,-12.0,0.667,53.8,28.4,26.4,37.8,1,Category Failure (>=2 Cats),NOAA GFS 0.25° Operational GRIB2,00Z,f027,f051,IMD 24h Daily Gridded Observation,2023-06-12,area_weighted_lat_cosine_polygon_integral,24h (03:00 UTC to 03:00 UTC / 08:30 IST to 08:30 IST)
2023-06-10,2023-06-13,SUB_06,Gangetic West Bengal,East & Northeast,plains,0,22.98,87.85,3,7.7,14.0,-6.3,0.667,53.8,20.8,13.1,40.6,0,None,NOAA GFS 0.25° Operational GRIB2,00Z,f051,f075,IMD 24h Daily Gridded Observation,2023-06-13,area_weighted_lat_cosine_polygon_integral,24h (03:00 UTC to 03:00 UTC / 08:30 IST to 08:30 IST)
2023-06-10,2023-06-14,SUB_06,Gangetic West Bengal,East & Northeast,plains,0,22.98,87.85,4,1.9,14.0,-12.1,0.667,53.8,4.1,2.2,43.4,0,None,NOAA GFS 0.25° Operational GRIB2,00Z,f075,f099,IMD 24h Daily Gridded Observation,2023-06-14,area_weighted_lat_cosine_polygon_integral,24h (03:00 UTC to 03:00 UTC / 08:30 IST to 08:30 IST)
2023-06-10,2023-06-15,SUB_06,Gangetic West Bengal,East & Northeast,plains,0,22.98,87.85,5,4.1,14.0,-9.9,0.667,53.8,1.2,2.9,46.2,0,None,NOAA GFS 0.25° Operational GRIB2,00Z,f099,f123,IMD 24h Daily Gridded Observation,2023-06-15,area_weighted_lat_cosine_polygon_integral,24h (03:00 UTC to 03:00 UTC / 08:30 IST to 08:30 IST)
2023-06-10,2023-06-16,SUB_06,Gangetic West Bengal,East & Northeast,plains,0,22.98,87.85,6,5.8,14.0,-8.2,0.667,53.8,0.3,5.5,49.0,0,None,NOAA GFS 0.25° Operational GRIB2,00Z,f123,f147,IMD 24h Daily Gridded Observation,2023-06-16,area_weighted_lat_cosine_polygon_integral,24h (03:00 UTC to 03:00 UTC / 08:30 IST to 08:30 IST)
2023-06-10,2023-06-17,SUB_06,Gangetic West Bengal,East & Northeast,plains,0,22.98,87.85,7,9.3,14.0,-4.7,0.667,68.8,4.3,5.0,51.8,0,None,NOAA GFS 0.25° Operational GRIB2,00Z,f147,f171,IMD 24h Daily Gridded Observation,2023-06-17,area_weighted_lat_cosine_polygon_integral,24h (03:00 UTC to 03:00 UTC / 08:30 IST to 08:30 IST)
2023-06-10,2023-06-18,SUB_06,Gangetic West Bengal,East & Northeast,plains,0,22.98,87.85,8,9.6,14.0,-4.4,0.667,68.8,0.7,8.9,54.6,0,None,NOAA GFS 0.25° Operational GRIB2,00Z,f171,f195,IMD 24h Daily Gridded Observation,2023-06-18,area_weighted_lat_cosine_polygon_integral,24h (03:00 UTC to 03:00 UTC / 08:30 IST to 08:30 IST)
2023-06-10,2023-06-19,SUB_06,Gangetic West Bengal,East & Northeast,plains,0,22.98,87.85,9,12.0,14.0,-2.0,0.667,68.8,10.6,1.4,57.4,0,None,NOAA GFS 0.25° Operational GRIB2,00Z,f195,f219,IMD 24h Daily Gridded Observation,2023-06-19,area_weighted_lat_cosine_polygon_integral,24h (03:00 UTC to 03:00 UTC / 08:30 IST to 08:30 IST)
2023-06-10,2023-06-20,SUB_06,Gangetic West Bengal,East & Northeast,plains,0,22.98,87.85,10,8.4,14.0,-5.6,0.667,68.8,0.0,8.4,60.2,0,None,NOAA GFS 0.25° Operational GRIB2,00Z,f219,f243,IMD 24h Daily Gridded Observation,2023-06-20,area_weighted_lat_cosine_polygon_integral,24h (03:00 UTC to 03:00 UTC / 08:30 IST to 08:30 IST)
2023-06-10,2023-06-11,SUB_07,Odisha,East & Northeast,coastal_plateau,1,20.95,85.09,1,1.0,14.0,-13.0,0.667,53.8,18.6,17.6,35.0,1,Category Failure (>=2 Cats),NOAA GFS 0.25° Operational GRIB2,00Z,f003,f027,IMD 24h Daily Gridded Observation,2023-06-11,area_weighted_lat_cosine_polygon_integral,24h (03:00 UTC to 03:00 UTC / 08:30 IST to 08:30 IST)
2023-06-10,2023-06-12,SUB_07,Odisha,East & Northeast,coastal_plateau,1,20.95,85.09,2,0.0,14.0,-14.0,0.667,53.8,0.0,0.0,37.8,0,None,NOAA GFS 0.25° Operational GRIB2,00Z,f027,f051,IMD 24h Daily Gridded Observation,2023-06-12,area_weighted_lat_cosine_polygon_integral,24h (03:00 UTC to 03:00 UTC / 08:30 IST to 08:30 IST)
2023-06-10,2023-06-13,SUB_07,Odisha,East & Northeast,coastal_plateau,1,20.95,85.09,3,0.5,14.0,-13.5,0.667,53.8,0.0,0.5,40.6,0,None,NOAA GFS 0.25° Operational GRIB2,00Z,f051,f075,IMD 24h Daily Gridded Observation,2023-06-13,area_weighted_lat_cosine_polygon_integral,24h (03:00 UTC to 03:00 UTC / 08:30 IST to 08:30 IST)
2023-06-10,2023-06-14,SUB_07,Odisha,East & Northeast,coastal_plateau,1,20.95,85.09,4,1.1,14.0,-12.9,0.667,53.8,0.0,1.1,43.4,0,None,NOAA GFS 0.25° Operational GRIB2,00Z,f075,f099,IMD 24h Daily Gridded Observation,2023-06-14,area_weighted_lat_cosine_polygon_integral,24h (03:00 UTC to 03:00 UTC / 08:30 IST to 08:30 IST)
2023-06-10,2023-06-15,SUB_07,Odisha,East & Northeast,coastal_plateau,1,20.95,85.09,5,0.6,14.0,-13.4,0.667,53.8,0.9,0.3,46.2,0,None,NOAA GFS 0.25° Operational GRIB2,00Z,f099,f123,IMD 24h Daily Gridded Observation,2023-06-15,area_weighted_lat_cosine_polygon_integral,24h (03:00 UTC to 03:00 UTC / 08:30 IST to 08:30 IST)
2023-06-10,2023-06-16,SUB_07,Odisha,East & Northeast,coastal_plateau,1,20.95,85.09,6,0.4,14.0,-13.6,0.667,68.8,0.0,0.4,49.0,0,None,NOAA GFS 0.25° Operational GRIB2,00Z,f123,f147,IMD 24h Daily Gridded Observation,2023-06-16,area_weighted_lat_cosine_polygon_integral,24h (03:00 UTC to 03:00 UTC / 08:30 IST to 08:30 IST)
2023-06-10,2023-06-17,SUB_07,Odisha,East & Northeast,coastal_plateau,1,20.95,85.09,7,0.1,14.0,-13.9,0.667,68.8,0.0,0.1,51.8,0,None,NOAA GFS 0.25° Operational GRIB2,00Z,f147,f171,IMD 24h Daily Gridded Observation,2023-06-17,area_weighted_lat_cosine_polygon_integral,24h (03:00 UTC to 03:00 UTC / 08:30 IST to 08:30 IST)
2023-06-10,2023-06-18,SUB_07,Odisha,East & Northeast,coastal_plateau,1,20.95,85.09,8,0.5,14.0,-13.5,0.667,68.8,0.3,0.2,54.6,0,None,NOAA GFS 0.25° Operational GRIB2,00Z,f171,f195,IMD 24h Daily Gridded Observation,2023-06-18,area_weighted_lat_cosine_polygon_integral,24h (03:00 UTC to 03:00 UTC / 08:30 IST to 08:30 IST)
2023-06-10,2023-06-19,SUB_07,Odisha,East & Northeast,coastal_plateau,1,20.95,85.09,9,1.8,14.0,-12.2,0.667,68.8,0.0,1.8,57.4,0,None,NOAA GFS 0.25° Operational GRIB2,00Z,f195,f219,IMD 24h Daily Gridded Observation,2023-06-19,area_weighted_lat_cosine_polygon_integral,24h (03:00 UTC to 03:00 UTC / 08:30 IST to 08:30 IST)
2023-06-10,2023-06-20,SUB_07,Odisha,East & Northeast,coastal_plateau,1,20.95,85.09,10,2.0,14.0,-12.0,0.667,68.8,2.1,0.1,60.2,0,None,NOAA GFS 0.25° Operational GRIB2,00Z,f219,f243,IMD 24h Daily Gridded Observation,2023-06-20,area_weighted_lat_cosine_polygon_integral,24h (03:00 UTC to 03:00 UTC / 08:30 IST to 08:30 IST)
2023-06-10,2023-06-11,SUB_08,Jharkhand,East & Northeast,plateau,0,23.61,85.27,1,0.0,14.0,-14.0,0.667,53.8,0.0,0.0,35.0,0,None,NOAA GFS 0.25° Operational GRIB2,00Z,f003,f027,IMD 24h Daily Gridded Observation,2023-06-11,area_weighted_lat_cosine_polygon_integral,24h (03:00 UTC to 03:00 UTC / 08:30 IST to 08:30 IST)
2023-06-10,2023-06-12,SUB_08,Jharkhand,East & Northeast,plateau,0,23.61,85.27,2,0.1,14.0,-13.9,0.667,53.8,0.0,0.1,37.8,0,None,NOAA GFS 0.25° Operational GRIB2,00Z,f027,f051,IMD 24h Daily Gridded Observation,2023-06-12,area_weighted_lat_cosine_polygon_integral,24h (03:00 UTC to 03:00 UTC / 08:30 IST to 08:30 IST)
2023-06-10,2023-06-13,SUB_08,Jharkhand,East & Northeast,plateau,0,23.61,85.27,3,1.3,14.0,-12.7,0.667,53.8,0.0,1.3,40.6,0,None,NOAA GFS 0.25° Operational GRIB2,00Z,f051,f075,IMD 24h Daily Gridded Observation,2023-06-13,area_weighted_lat_cosine_polygon_integral,24h (03:00 UTC to 03:00 UTC / 08:30 IST to 08:30 IST)
2023-06-10,2023-06-14,SUB_08,Jharkhand,East & Northeast,plateau,0,23.61,85.27,4,0.5,14.0,-13.5,0.667,53.8,0.0,0.5,43.4,0,None,NOAA GFS 0.25° Operational GRIB2,00Z,f075,f099,IMD 24h Daily Gridded Observation,2023-06-14,area_weighted_lat_cosine_polygon_integral,24h (03:00 UTC to 03:00 UTC / 08:30 IST to 08:30 IST)
2023-06-10,2023-06-15,SUB_08,Jharkhand,East & Northeast,plateau,0,23.61,85.27,5,0.6,14.0,-13.4,0.667,53.8,0.2,0.4,46.2,0,None,NOAA GFS 0.25° Operational GRIB2,00Z,f099,f123,IMD 24h Daily Gridded Observation,2023-06-15,area_weighted_lat_cosine_polygon_integral,24h (03:00 UTC to 03:00 UTC / 08:30 IST to 08:30 IST)
2023-06-10,2023-06-16,SUB_08,Jharkhand,East & Northeast,plateau,0,23.61,85.27,6,1.0,14.0,-13.0,0.667,68.8,0.0,1.0,49.0,0,None,NOAA GFS 0.25° Operational GRIB2,00Z,f123,f147,IMD 24h Daily Gridded Observation,2023-06-16,area_weighted_lat_cosine_polygon_integral,24h (03:00 UTC to 03:00 UTC / 08:30 IST to 08:30 IST)
2023-06-10,2023-06-17,SUB_08,Jharkhand,East & Northeast,plateau,0,23.61,85.27,7,1.5,14.0,-12.5,0.667,68.8,0.0,1.5,51.8,0,None,NOAA GFS 0.25° Operational GRIB2,00Z,f147,f171,IMD 24h Daily Gridded Observation,2023-06-17,area_weighted_lat_cosine_polygon_integral,24h (03:00 UTC to 03:00 UTC / 08:30 IST to 08:30 IST)
2023-06-10,2023-06-18,SUB_08,Jharkhand,East & Northeast,plateau,0,23.61,85.27,8,4.2,14.0,-9.8,0.667,68.8,0.0,4.2,54.6,0,None,NOAA GFS 0.25° Operational GRIB2,00Z,f171,f195,IMD 24h Daily Gridded Observation,2023-06-18,area_weighted_lat_cosine_polygon_integral,24h (03:00 UTC to 03:00 UTC / 08:30 IST to 08:30 IST)
2023-06-10,2023-06-19,SUB_08,Jharkhand,East & Northeast,plateau,0,23.61,85.27,9,4.9,14.0,-9.1,0.667,68.8,0.1,4.8,57.4,0,None,NOAA GFS 0.25° Operational GRIB2,00Z,f195,f219,IMD 24h Daily Gridded Observation,2023-06-19,area_weighted_lat_cosine_polygon_integral,24h (03:00 UTC to 03:00 UTC / 08:30 IST to 08:30 IST)
2023-06-10,2023-06-20,SUB_08,Jharkhand,East & Northeast,plateau,0,23.61,85.27,10,2.4,14.0,-11.6,0.667,68.8,6.9,4.5,60.2,0,None,NOAA GFS 0.25° Operational GRIB2,00Z,f219,f243,IMD 24h Daily Gridded Observation,2023-06-20,area_weighted_lat_cosine_polygon_integral,24h (03:00 UTC to 03:00 UTC / 08:30 IST to 08:30 IST)
2023-06-10,2023-06-11,SUB_09,Bihar,East & Northeast,plains,0,25.09,85.31,1,1.1,14.0,-12.9,0.667,53.8,0.0,1.1,35.0,0,None,NOAA GFS 0.25° Operational GRIB2,00Z,f003,f027,IMD 24h Daily Gridded Observation,2023-06-11,area_weighted_lat_cosine_polygon_integral,24h (03:00 UTC to 03:00 UTC / 08:30 IST to 08:30 IST)
2023-06-10,2023-06-12,SUB_09,Bihar,East & Northeast,plains,0,25.09,85.31,2,2.8,14.0,-11.2,0.667,53.8,0.0,2.8,37.8,0,None,NOAA GFS 0.25° Operational GRIB2,00Z,f027,f051,IMD 24h Daily Gridded Observation,2023-06-12,area_weighted_lat_cosine_polygon_integral,24h (03:00 UTC to 03:00 UTC / 08:30 IST to 08:30 IST)
2023-06-10,2023-06-13,SUB_09,Bihar,East & Northeast,plains,0,25.09,85.31,3,4.2,14.0,-9.8,0.667,53.8,0.0,4.2,40.6,0,None,NOAA GFS 0.25° Operational GRIB2,00Z,f051,f075,IMD 24h Daily Gridded Observation,2023-06-13,area_weighted_lat_cosine_polygon_integral,24h (03:00 UTC to 03:00 UTC / 08:30 IST to 08:30 IST)
2023-06-10,2023-06-14,SUB_09,Bihar,East & Northeast,plains,0,25.09,85.31,4,5.2,14.0,-8.8,0.667,53.8,0.0,5.2,43.4,0,None,NOAA GFS 0.25° Operational GRIB2,00Z,f075,f099,IMD 24h Daily Gridded Observation,2023-06-14,area_weighted_lat_cosine_polygon_integral,24h (03:00 UTC to 03:00 UTC / 08:30 IST to 08:30 IST)
2023-06-10,2023-06-15,SUB_09,Bihar,East & Northeast,plains,0,25.09,85.31,5,5.6,14.0,-8.4,0.667,53.8,0.0,5.6,46.2,0,None,NOAA GFS 0.25° Operational GRIB2,00Z,f099,f123,IMD 24h Daily Gridded Observation,2023-06-15,area_weighted_lat_cosine_polygon_integral,24h (03:00 UTC to 03:00 UTC / 08:30 IST to 08:30 IST)
2023-06-10,2023-06-16,SUB_09,Bihar,East & Northeast,plains,0,25.09,85.31,6,4.6,14.0,-9.4,0.667,53.8,0.0,4.6,49.0,0,None,NOAA GFS 0.25° Operational GRIB2,00Z,f123,f147,IMD 24h Daily Gridded Observation,2023-06-16,area_weighted_lat_cosine_polygon_integral,24h (03:00 UTC to 03:00 UTC / 08:30 IST to 08:30 IST)
2023-06-10,2023-06-17,SUB_09,Bihar,East & Northeast,plains,0,25.09,85.31,7,5.2,14.0,-8.8,0.667,68.8,0.0,5.2,51.8,0,None,NOAA GFS 0.25° Operational GRIB2,00Z,f147,f171,IMD 24h Daily Gridded Observation,2023-06-17,area_weighted_lat_cosine_polygon_integral,24h (03:00 UTC to 03:00 UTC / 08:30 IST to 08:30 IST)
2023-06-10,2023-06-18,SUB_09,Bihar,East & Northeast,plains,0,25.09,85.31,8,3.8,14.0,-10.2,0.667,68.8,0.0,3.8,54.6,0,None,NOAA GFS 0.25° Operational GRIB2,00Z,f171,f195,IMD 24h Daily Gridded Observation,2023-06-18,area_weighted_lat_cosine_polygon_integral,24h (03:00 UTC to 03:00 UTC / 08:30 IST to 08:30 IST)
2023-06-10,2023-06-19,SUB_09,Bihar,East & Northeast,plains,0,25.09,85.31,9,3.9,14.0,-10.1,0.667,68.8,0.0,3.9,57.4,0,None,NOAA GFS 0.25° Operational GRIB2,00Z,f195,f219,IMD 24h Daily Gridded Observation,2023-06-19,area_weighted_lat_cosine_polygon_integral,24h (03:00 UTC to 03:00 UTC / 08:30 IST to 08:30 IST)
2023-06-10,2023-06-20,SUB_09,Bihar,East & Northeast,plains,0,25.09,85.31,10,3.9,14.0,-10.1,0.667,68.8,0.1,3.8,60.2,0,None,NOAA GFS 0.25° Operational GRIB2,00Z,f219,f243,IMD 24h Daily Gridded Observation,2023-06-20,area_weighted_lat_cosine_polygon_integral,24h (03:00 UTC to 03:00 UTC / 08:30 IST to 08:30 IST)
2023-06-10,2023-06-11,SUB_10,East Uttar Pradesh,Northwest,plains,0,26.5,82.5,1,0.1,10.0,-9.9,0.667,53.8,0.0,0.1,35.0,0,None,NOAA GFS 0.25° Operational GRIB2,00Z,f003,f027,IMD 24h Daily Gridded Observation,2023-06-11,area_weighted_lat_cosine_polygon_integral,24h (03:00 UTC to 03:00 UTC / 08:30 IST to 08:30 IST)
2023-06-10,2023-06-12,SUB_10,East Uttar Pradesh,Northwest,plains,0,26.5,82.5,2,0.5,10.0,-9.5,0.667,53.8,0.0,0.5,37.8,0,None,NOAA GFS 0.25° Operational GRIB2,00Z,f027,f051,IMD 24h Daily Gridded Observation,2023-06-12,area_weighted_lat_cosine_polygon_integral,24h (03:00 UTC to 03:00 UTC / 08:30 IST to 08:30 IST)
2023-06-10,2023-06-13,SUB_10,East Uttar Pradesh,Northwest,plains,0,26.5,82.5,3,0.5,10.0,-9.5,0.667,53.8,0.0,0.5,40.6,0,None,NOAA GFS 0.25° Operational GRIB2,00Z,f051,f075,IMD 24h Daily Gridded Observation,2023-06-13,area_weighted_lat_cosine_polygon_integral,24h (03:00 UTC to 03:00 UTC / 08:30 IST to 08:30 IST)
2023-06-10,2023-06-14,SUB_10,East Uttar Pradesh,Northwest,plains,0,26.5,82.5,4,0.5,10.0,-9.5,0.667,53.8,0.0,0.5,43.4,0,None,NOAA GFS 0.25° Operational GRIB2,00Z,f075,f099,IMD 24h Daily Gridded Observation,2023-06-14,area_weighted_lat_cosine_polygon_integral,24h (03:00 UTC to 03:00 UTC / 08:30 IST to 08:30 IST)
2023-06-10,2023-06-15,SUB_10,East Uttar Pradesh,Northwest,plains,0,26.5,82.5,5,0.6,10.0,-9.4,0.667,53.8,0.0,0.6,46.2,0,None,NOAA GFS 0.25° Operational GRIB2,00Z,f099,f123,IMD 24h Daily Gridded Observation,2023-06-15,area_weighted_lat_cosine_polygon_integral,24h (03:00 UTC to 03:00 UTC / 08:30 IST to 08:30 IST)
2023-06-10,2023-06-16,SUB_10,East Uttar Pradesh,Northwest,plains,0,26.5,82.5,6,0.7,10.0,-9.3,0.667,68.8,0.0,0.7,49.0,0,None,NOAA GFS 0.25° Operational GRIB2,00Z,f123,f147,IMD 24h Daily Gridded Observation,2023-06-16,area_weighted_lat_cosine_polygon_integral,24h (03:00 UTC to 03:00 UTC / 08:30 IST to 08:30 IST)
2023-06-10,2023-06-17,SUB_10,East Uttar Pradesh,Northwest,plains,0,26.5,82.5,7,1.8,10.0,-8.2,0.667,68.8,0.0,1.8,51.8,0,None,NOAA GFS 0.25° Operational GRIB2,00Z,f147,f171,IMD 24h Daily Gridded Observation,2023-06-17,area_weighted_lat_cosine_polygon_integral,24h (03:00 UTC to 03:00 UTC / 08:30 IST to 08:30 IST)
2023-06-10,2023-06-18,SUB_10,East Uttar Pradesh,Northwest,plains,0,26.5,82.5,8,2.2,10.0,-7.8,0.667,68.8,0.1,2.1,54.6,0,None,NOAA GFS 0.25° Operational GRIB2,00Z,f171,f195,IMD 24h Daily Gridded Observation,2023-06-18,area_weighted_lat_cosine_polygon_integral,24h (03:00 UTC to 03:00 UTC / 08:30 IST to 08:30 IST)
2023-06-10,2023-06-19,SUB_10,East Uttar Pradesh,Northwest,plains,0,26.5,82.5,9,6.3,10.0,-3.7,0.667,68.8,0.1,6.2,57.4,0,None,NOAA GFS 0.25° Operational GRIB2,00Z,f195,f219,IMD 24h Daily Gridded Observation,2023-06-19,area_weighted_lat_cosine_polygon_integral,24h (03:00 UTC to 03:00 UTC / 08:30 IST to 08:30 IST)
2023-06-10,2023-06-20,SUB_10,East Uttar Pradesh,Northwest,plains,0,26.5,82.5,10,3.0,10.0,-7.0,0.667,68.8,0.0,3.0,60.2,0,None,NOAA GFS 0.25° Operational GRIB2,00Z,f219,f243,IMD 24h Daily Gridded Observation,2023-06-20,area_weighted_lat_cosine_polygon_integral,24h (03:00 UTC to 03:00 UTC / 08:30 IST to 08:30 IST)
2023-06-10,2023-06-11,SUB_11,West Uttar Pradesh,Northwest,plains,0,27.8,78.5,1,0.2,10.0,-9.8,0.667,53.8,0.0,0.2,35.0,0,None,NOAA GFS 0.25° Operational GRIB2,00Z,f003,f027,IMD 24h Daily Gridded Observation,2023-06-11,area_weighted_lat_cosine_polygon_integral,24h (03:00 UTC to 03:00 UTC / 08:30 IST to 08:30 IST)
2023-06-10,2023-06-12,SUB_11,West Uttar Pradesh,Northwest,plains,0,27.8,78.5,2,0.1,10.0,-9.9,0.667,53.8,0.0,0.1,37.8,0,None,NOAA GFS 0.25° Operational GRIB2,00Z,f027,f051,IMD 24h Daily Gridded Observation,2023-06-12,area_weighted_lat_cosine_polygon_integral,24h (03:00 UTC to 03:00 UTC / 08:30 IST to 08:30 IST)
2023-06-10,2023-06-13,SUB_11,West Uttar Pradesh,Northwest,plains,0,27.8,78.5,3,0.4,10.0,-9.6,0.667,53.8,0.0,0.4,40.6,0,None,NOAA GFS 0.25° Operational GRIB2,00Z,f051,f075,IMD 24h Daily Gridded Observation,2023-06-13,area_weighted_lat_cosine_polygon_integral,24h (03:00 UTC to 03:00 UTC / 08:30 IST to 08:30 IST)
2023-06-10,2023-06-14,SUB_11,West Uttar Pradesh,Northwest,plains,0,27.8,78.5,4,0.2,10.0,-9.8,0.667,53.8,0.0,0.2,43.4,0,None,NOAA GFS 0.25° Operational GRIB2,00Z,f075,f099,IMD 24h Daily Gridded Observation,2023-06-14,area_weighted_lat_cosine_polygon_integral,24h (03:00 UTC to 03:00 UTC / 08:30 IST to 08:30 IST)
2023-06-10,2023-06-15,SUB_11,West Uttar Pradesh,Northwest,plains,0,27.8,78.5,5,0.1,10.0,-9.9,0.667,53.8,0.0,0.1,46.2,0,None,NOAA GFS 0.25° Operational GRIB2,00Z,f099,f123,IMD 24h Daily Gridded Observation,2023-06-15,area_weighted_lat_cosine_polygon_integral,24h (03:00 UTC to 03:00 UTC / 08:30 IST to 08:30 IST)
2023-06-10,2023-06-16,SUB_11,West Uttar Pradesh,Northwest,plains,0,27.8,78.5,6,0.1,10.0,-9.9,0.667,68.8,0.5,0.4,49.0,0,None,NOAA GFS 0.25° Operational GRIB2,00Z,f123,f147,IMD 24h Daily Gridded Observation,2023-06-16,area_weighted_lat_cosine_polygon_integral,24h (03:00 UTC to 03:00 UTC / 08:30 IST to 08:30 IST)
2023-06-10,2023-06-17,SUB_11,West Uttar Pradesh,Northwest,plains,0,27.8,78.5,7,0.8,10.0,-9.2,0.667,68.8,4.9,4.1,51.8,0,None,NOAA GFS 0.25° Operational GRIB2,00Z,f147,f171,IMD 24h Daily Gridded Observation,2023-06-17,area_weighted_lat_cosine_polygon_integral,24h (03:00 UTC to 03:00 UTC / 08:30 IST to 08:30 IST)
2023-06-10,2023-06-18,SUB_11,West Uttar Pradesh,Northwest,plains,0,27.8,78.5,8,10.1,10.0,0.1,0.667,68.8,0.0,10.1,54.6,0,None,NOAA GFS 0.25° Operational GRIB2,00Z,f171,f195,IMD 24h Daily Gridded Observation,2023-06-18,area_weighted_lat_cosine_polygon_integral,24h (03:00 UTC to 03:00 UTC / 08:30 IST to 08:30 IST)
2023-06-10,2023-06-19,SUB_11,West Uttar Pradesh,Northwest,plains,0,27.8,78.5,9,21.7,10.0,11.7,0.667,68.8,0.0,21.7,57.4,1,Category Failure (>=2 Cats),NOAA GFS 0.25° Operational GRIB2,00Z,f195,f219,IMD 24h Daily Gridded Observation,2023-06-19,area_weighted_lat_cosine_polygon_integral,24h (03:00 UTC to 03:00 UTC / 08:30 IST to 08:30 IST)
2023-06-10,2023-06-20,SUB_11,West Uttar Pradesh,Northwest,plains,0,27.8,78.5,10,4.4,10.0,-5.6,0.667,68.8,22.9,18.5,60.2,0,None,NOAA GFS 0.25° Operational GRIB2,00Z,f219,f243,IMD 24h Daily Gridded Observation,2023-06-20,area_weighted_lat_cosine_polygon_integral,24h (03:00 UTC to 03:00 UTC / 08:30 IST to 08:30 IST)
2023-06-10,2023-06-11,SUB_12,Uttarakhand,Northwest,himalayan,0,30.06,79.01,1,1.4,10.0,-8.6,0.667,53.8,8.0,6.6,35.0,0,None,NOAA GFS 0.25° Operational GRIB2,00Z,f003,f027,IMD 24h Daily Gridded Observation,2023-06-11,area_weighted_lat_cosine_polygon_integral,24h (03:00 UTC to 03:00 UTC / 08:30 IST to 08:30 IST)
2023-06-10,2023-06-12,SUB_12,Uttarakhand,Northwest,himalayan,0,30.06,79.01,2,0.5,10.0,-9.5,0.667,53.8,0.2,0.3,37.8,0,None,NOAA GFS 0.25° Operational GRIB2,00Z,f027,f051,IMD 24h Daily Gridded Observation,2023-06-12,area_weighted_lat_cosine_polygon_integral,24h (03:00 UTC to 03:00 UTC / 08:30 IST to 08:30 IST)
2023-06-10,2023-06-13,SUB_12,Uttarakhand,Northwest,himalayan,0,30.06,79.01,3,1.4,10.0,-8.6,0.667,53.8,2.5,1.1,40.6,0,None,NOAA GFS 0.25° Operational GRIB2,00Z,f051,f075,IMD 24h Daily Gridded Observation,2023-06-13,area_weighted_lat_cosine_polygon_integral,24h (03:00 UTC to 03:00 UTC / 08:30 IST to 08:30 IST)
2023-06-10,2023-06-14,SUB_12,Uttarakhand,Northwest,himalayan,0,30.06,79.01,4,1.4,10.0,-8.6,0.667,53.8,2.3,0.9,43.4,0,None,NOAA GFS 0.25° Operational GRIB2,00Z,f075,f099,IMD 24h Daily Gridded Observation,2023-06-14,area_weighted_lat_cosine_polygon_integral,24h (03:00 UTC to 03:00 UTC / 08:30 IST to 08:30 IST)
2023-06-10,2023-06-15,SUB_12,Uttarakhand,Northwest,himalayan,0,30.06,79.01,5,1.0,10.0,-9.0,0.667,53.8,3.4,2.4,46.2,0,None,NOAA GFS 0.25° Operational GRIB2,00Z,f099,f123,IMD 24h Daily Gridded Observation,2023-06-15,area_weighted_lat_cosine_polygon_integral,24h (03:00 UTC to 03:00 UTC / 08:30 IST to 08:30 IST)
2023-06-10,2023-06-16,SUB_12,Uttarakhand,Northwest,himalayan,0,30.06,79.01,6,0.9,10.0,-9.1,0.667,68.8,0.2,0.7,49.0,0,None,NOAA GFS 0.25° Operational GRIB2,00Z,f123,f147,IMD 24h Daily Gridded Observation,2023-06-16,area_weighted_lat_cosine_polygon_integral,24h (03:00 UTC to 03:00 UTC / 08:30 IST to 08:30 IST)
2023-06-10,2023-06-17,SUB_12,Uttarakhand,Northwest,himalayan,0,30.06,79.01,7,3.3,10.0,-6.7,0.667,68.8,2.7,0.6,51.8,0,None,NOAA GFS 0.25° Operational GRIB2,00Z,f147,f171,IMD 24h Daily Gridded Observation,2023-06-17,area_weighted_lat_cosine_polygon_integral,24h (03:00 UTC to 03:00 UTC / 08:30 IST to 08:30 IST)
2023-06-10,2023-06-18,SUB_12,Uttarakhand,Northwest,himalayan,0,30.06,79.01,8,2.4,10.0,-7.6,0.667,68.8,3.8,1.4,54.6,0,None,NOAA GFS 0.25° Operational GRIB2,00Z,f171,f195,IMD 24h Daily Gridded Observation,2023-06-18,area_weighted_lat_cosine_polygon_integral,24h (03:00 UTC to 03:00 UTC / 08:30 IST to 08:30 IST)
2023-06-10,2023-06-19,SUB_12,Uttarakhand,Northwest,himalayan,0,30.06,79.01,9,19.8,10.0,9.8,0.667,68.8,8.6,11.2,57.4,0,None,NOAA GFS 0.25° Operational GRIB2,00Z,f195,f219,IMD 24h Daily Gridded Observation,2023-06-19,area_weighted_lat_cosine_polygon_integral,24h (03:00 UTC to 03:00 UTC / 08:30 IST to 08:30 IST)
2023-06-10,2023-06-20,SUB_12,Uttarakhand,Northwest,himalayan,0,30.06,79.01,10,5.9,10.0,-4.1,0.667,68.8,2.5,3.4,60.2,0,None,NOAA GFS 0.25° Operational GRIB2,00Z,f219,f243,IMD 24h Daily Gridded Observation,2023-06-20,area_weighted_lat_cosine_polygon_integral,24h (03:00 UTC to 03:00 UTC / 08:30 IST to 08:30 IST)
2023-06-10,2023-06-11,SUB_13,"Haryana, Chandigarh & Delhi",Northwest,plains,0,29.05,76.08,1,0.4,10.0,-9.6,0.667,53.8,0.4,0.0,35.0,0,None,NOAA GFS 0.25° Operational GRIB2,00Z,f003,f027,IMD 24h Daily Gridded Observation,2023-06-11,area_weighted_lat_cosine_polygon_integral,24h (03:00 UTC to 03:00 UTC / 08:30 IST to 08:30 IST)
2023-06-10,2023-06-12,SUB_13,"Haryana, Chandigarh & Delhi",Northwest,plains,0,29.05,76.08,2,0.3,10.0,-9.7,0.667,53.8,0.0,0.3,37.8,0,None,NOAA GFS 0.25° Operational GRIB2,00Z,f027,f051,IMD 24h Daily Gridded Observation,2023-06-12,area_weighted_lat_cosine_polygon_integral,24h (03:00 UTC to 03:00 UTC / 08:30 IST to 08:30 IST)
2023-06-10,2023-06-13,SUB_13,"Haryana, Chandigarh & Delhi",Northwest,plains,0,29.05,76.08,3,0.7,10.0,-9.3,0.667,53.8,0.0,0.7,40.6,0,None,NOAA GFS 0.25° Operational GRIB2,00Z,f051,f075,IMD 24h Daily Gridded Observation,2023-06-13,area_weighted_lat_cosine_polygon_integral,24h (03:00 UTC to 03:00 UTC / 08:30 IST to 08:30 IST)
2023-06-10,2023-06-14,SUB_13,"Haryana, Chandigarh & Delhi",Northwest,plains,0,29.05,76.08,4,0.1,10.0,-9.9,0.667,53.8,0.0,0.1,43.4,0,None,NOAA GFS 0.25° Operational GRIB2,00Z,f075,f099,IMD 24h Daily Gridded Observation,2023-06-14,area_weighted_lat_cosine_polygon_integral,24h (03:00 UTC to 03:00 UTC / 08:30 IST to 08:30 IST)
2023-06-10,2023-06-15,SUB_13,"Haryana, Chandigarh & Delhi",Northwest,plains,0,29.05,76.08,5,0.4,10.0,-9.6,0.667,53.8,0.1,0.3,46.2,0,None,NOAA GFS 0.25° Operational GRIB2,00Z,f099,f123,IMD 24h Daily Gridded Observation,2023-06-15,area_weighted_lat_cosine_polygon_integral,24h (03:00 UTC to 03:00 UTC / 08:30 IST to 08:30 IST)
2023-06-10,2023-06-16,SUB_13,"Haryana, Chandigarh & Delhi",Northwest,plains,0,29.05,76.08,6,1.1,10.0,-8.9,0.667,68.8,0.2,0.9,49.0,0,None,NOAA GFS 0.25° Operational GRIB2,00Z,f123,f147,IMD 24h Daily Gridded Observation,2023-06-16,area_weighted_lat_cosine_polygon_integral,24h (03:00 UTC to 03:00 UTC / 08:30 IST to 08:30 IST)
2023-06-10,2023-06-17,SUB_13,"Haryana, Chandigarh & Delhi",Northwest,plains,0,29.05,76.08,7,1.5,10.0,-8.5,0.667,68.8,2.1,0.6,51.8,0,None,NOAA GFS 0.25° Operational GRIB2,00Z,f147,f171,IMD 24h Daily Gridded Observation,2023-06-17,area_weighted_lat_cosine_polygon_integral,24h (03:00 UTC to 03:00 UTC / 08:30 IST to 08:30 IST)
2023-06-10,2023-06-18,SUB_13,"Haryana, Chandigarh & Delhi",Northwest,plains,0,29.05,76.08,8,5.2,10.0,-4.8,0.667,68.8,1.3,3.9,54.6,0,None,NOAA GFS 0.25° Operational GRIB2,00Z,f171,f195,IMD 24h Daily Gridded Observation,2023-06-18,area_weighted_lat_cosine_polygon_integral,24h (03:00 UTC to 03:00 UTC / 08:30 IST to 08:30 IST)
2023-06-10,2023-06-19,SUB_13,"Haryana, Chandigarh & Delhi",Northwest,plains,0,29.05,76.08,9,2.3,10.0,-7.7,0.667,68.8,0.5,1.8,57.4,0,None,NOAA GFS 0.25° Operational GRIB2,00Z,f195,f219,IMD 24h Daily Gridded Observation,2023-06-19,area_weighted_lat_cosine_polygon_integral,24h (03:00 UTC to 03:00 UTC / 08:30 IST to 08:30 IST)
2023-06-10,2023-06-20,SUB_13,"Haryana, Chandigarh & Delhi",Northwest,plains,0,29.05,76.08,10,6.6,10.0,-3.4,0.667,68.8,0.0,6.6,60.2,0,None,NOAA GFS 0.25° Operational GRIB2,00Z,f219,f243,IMD 24h Daily Gridded Observation,2023-06-20,area_weighted_lat_cosine_polygon_integral,24h (03:00 UTC to 03:00 UTC / 08:30 IST to 08:30 IST)
2023-06-10,2023-06-11,SUB_14,Punjab,Northwest,plains,0,31.14,75.34,1,0.9,10.0,-9.1,0.667,53.8,0.0,0.9,35.0,0,None,NOAA GFS 0.25° Operational GRIB2,00Z,f003,f027,IMD 24h Daily Gridded Observation,2023-06-11,area_weighted_lat_cosine_polygon_integral,24h (03:00 UTC to 03:00 UTC / 08:30 IST to 08:30 IST)
2023-06-10,2023-06-12,SUB_14,Punjab,Northwest,plains,0,31.14,75.34,2,0.9,10.0,-9.1,0.667,53.8,0.0,0.9,37.8,0,None,NOAA GFS 0.25° Operational GRIB2,00Z,f027,f051,IMD 24h Daily Gridded Observation,2023-06-12,area_weighted_lat_cosine_polygon_integral,24h (03:00 UTC to 03:00 UTC / 08:30 IST to 08:30 IST)
2023-06-10,2023-06-13,SUB_14,Punjab,Northwest,plains,0,31.14,75.34,3,1.4,10.0,-8.6,0.667,53.8,0.0,1.4,40.6,0,None,NOAA GFS 0.25° Operational GRIB2,00Z,f051,f075,IMD 24h Daily Gridded Observation,2023-06-13,area_weighted_lat_cosine_polygon_integral,24h (03:00 UTC to 03:00 UTC / 08:30 IST to 08:30 IST)
2023-06-10,2023-06-14,SUB_14,Punjab,Northwest,plains,0,31.14,75.34,4,1.2,10.0,-8.8,0.667,53.8,0.0,1.2,43.4,0,None,NOAA GFS 0.25° Operational GRIB2,00Z,f075,f099,IMD 24h Daily Gridded Observation,2023-06-14,area_weighted_lat_cosine_polygon_integral,24h (03:00 UTC to 03:00 UTC / 08:30 IST to 08:30 IST)
2023-06-10,2023-06-15,SUB_14,Punjab,Northwest,plains,0,31.14,75.34,5,2.5,10.0,-7.5,0.667,53.8,7.8,5.3,46.2,0,None,NOAA GFS 0.25° Operational GRIB2,00Z,f099,f123,IMD 24h Daily Gridded Observation,2023-06-15,area_weighted_lat_cosine_polygon_integral,24h (03:00 UTC to 03:00 UTC / 08:30 IST to 08:30 IST)
2023-06-10,2023-06-16,SUB_14,Punjab,Northwest,plains,0,31.14,75.34,6,5.3,10.0,-4.7,0.667,68.8,1.0,4.3,49.0,0,None,NOAA GFS 0.25° Operational GRIB2,00Z,f123,f147,IMD 24h Daily Gridded Observation,2023-06-16,area_weighted_lat_cosine_polygon_integral,24h (03:00 UTC to 03:00 UTC / 08:30 IST to 08:30 IST)
2023-06-10,2023-06-17,SUB_14,Punjab,Northwest,plains,0,31.14,75.34,7,3.4,10.0,-6.6,0.667,68.8,0.1,3.3,51.8,0,None,NOAA GFS 0.25° Operational GRIB2,00Z,f147,f171,IMD 24h Daily Gridded Observation,2023-06-17,area_weighted_lat_cosine_polygon_integral,24h (03:00 UTC to 03:00 UTC / 08:30 IST to 08:30 IST)
2023-06-10,2023-06-18,SUB_14,Punjab,Northwest,plains,0,31.14,75.34,8,1.2,10.0,-8.8,0.667,68.8,0.0,1.2,54.6,0,None,NOAA GFS 0.25° Operational GRIB2,00Z,f171,f195,IMD 24h Daily Gridded Observation,2023-06-18,area_weighted_lat_cosine_polygon_integral,24h (03:00 UTC to 03:00 UTC / 08:30 IST to 08:30 IST)
2023-06-10,2023-06-19,SUB_14,Punjab,Northwest,plains,0,31.14,75.34,9,3.2,10.0,-6.8,0.667,68.8,0.8,2.4,57.4,0,None,NOAA GFS 0.25° Operational GRIB2,00Z,f195,f219,IMD 24h Daily Gridded Observation,2023-06-19,area_weighted_lat_cosine_polygon_integral,24h (03:00 UTC to 03:00 UTC / 08:30 IST to 08:30 IST)
2023-06-10,2023-06-20,SUB_14,Punjab,Northwest,plains,0,31.14,75.34,10,9.6,10.0,-0.4,0.667,68.8,0.0,9.6,60.2,0,None,NOAA GFS 0.25° Operational GRIB2,00Z,f219,f243,IMD 24h Daily Gridded Observation,2023-06-20,area_weighted_lat_cosine_polygon_integral,24h (03:00 UTC to 03:00 UTC / 08:30 IST to 08:30 IST)
2023-06-10,2023-06-11,SUB_15,Himachal Pradesh,Northwest,himalayan,0,31.9,77.2,1,2.8,10.0,-7.2,0.667,53.8,3.6,0.8,35.0,0,None,NOAA GFS 0.25° Operational GRIB2,00Z,f003,f027,IMD 24h Daily Gridded Observation,2023-06-11,area_weighted_lat_cosine_polygon_integral,24h (03:00 UTC to 03:00 UTC / 08:30 IST to 08:30 IST)
2023-06-10,2023-06-12,SUB_15,Himachal Pradesh,Northwest,himalayan,0,31.9,77.2,2,1.9,10.0,-8.1,0.667,53.8,1.4,0.5,37.8,0,None,NOAA GFS 0.25° Operational GRIB2,00Z,f027,f051,IMD 24h Daily Gridded Observation,2023-06-12,area_weighted_lat_cosine_polygon_integral,24h (03:00 UTC to 03:00 UTC / 08:30 IST to 08:30 IST)
2023-06-10,2023-06-13,SUB_15,Himachal Pradesh,Northwest,himalayan,0,31.9,77.2,3,3.1,10.0,-6.9,0.667,53.8,0.4,2.7,40.6,0,None,NOAA GFS 0.25° Operational GRIB2,00Z,f051,f075,IMD 24h Daily Gridded Observation,2023-06-13,area_weighted_lat_cosine_polygon_integral,24h (03:00 UTC to 03:00 UTC / 08:30 IST to 08:30 IST)
2023-06-10,2023-06-14,SUB_15,Himachal Pradesh,Northwest,himalayan,0,31.9,77.2,4,3.5,10.0,-6.5,0.667,53.8,1.4,2.1,43.4,0,None,NOAA GFS 0.25° Operational GRIB2,00Z,f075,f099,IMD 24h Daily Gridded Observation,2023-06-14,area_weighted_lat_cosine_polygon_integral,24h (03:00 UTC to 03:00 UTC / 08:30 IST to 08:30 IST)
2023-06-10,2023-06-15,SUB_15,Himachal Pradesh,Northwest,himalayan,0,31.9,77.2,5,3.1,10.0,-6.9,0.667,53.8,9.9,6.8,46.2,0,None,NOAA GFS 0.25° Operational GRIB2,00Z,f099,f123,IMD 24h Daily Gridded Observation,2023-06-15,area_weighted_lat_cosine_polygon_integral,24h (03:00 UTC to 03:00 UTC / 08:30 IST to 08:30 IST)
2023-06-10,2023-06-16,SUB_15,Himachal Pradesh,Northwest,himalayan,0,31.9,77.2,6,4.7,10.0,-5.3,0.667,68.8,1.8,2.9,49.0,0,None,NOAA GFS 0.25° Operational GRIB2,00Z,f123,f147,IMD 24h Daily Gridded Observation,2023-06-16,area_weighted_lat_cosine_polygon_integral,24h (03:00 UTC to 03:00 UTC / 08:30 IST to 08:30 IST)
2023-06-10,2023-06-17,SUB_15,Himachal Pradesh,Northwest,himalayan,0,31.9,77.2,7,5.7,10.0,-4.3,0.667,68.8,0.4,5.3,51.8,0,None,NOAA GFS 0.25° Operational GRIB2,00Z,f147,f171,IMD 24h Daily Gridded Observation,2023-06-17,area_weighted_lat_cosine_polygon_integral,24h (03:00 UTC to 03:00 UTC / 08:30 IST to 08:30 IST)
2023-06-10,2023-06-18,SUB_15,Himachal Pradesh,Northwest,himalayan,0,31.9,77.2,8,4.6,10.0,-5.4,0.667,68.8,0.7,3.9,54.6,0,None,NOAA GFS 0.25° Operational GRIB2,00Z,f171,f195,IMD 24h Daily Gridded Observation,2023-06-18,area_weighted_lat_cosine_polygon_integral,24h (03:00 UTC to 03:00 UTC / 08:30 IST to 08:30 IST)
2023-06-10,2023-06-19,SUB_15,Himachal Pradesh,Northwest,himalayan,0,31.9,77.2,9,5.6,10.0,-4.4,0.667,68.8,3.1,2.5,57.4,0,None,NOAA GFS 0.25° Operational GRIB2,00Z,f195,f219,IMD 24h Daily Gridded Observation,2023-06-19,area_weighted_lat_cosine_polygon_integral,24h (03:00 UTC to 03:00 UTC / 08:30 IST to 08:30 IST)
2023-06-10,2023-06-20,SUB_15,Himachal Pradesh,Northwest,himalayan,0,31.9,77.2,10,5.7,10.0,-4.3,0.667,68.8,0.1,5.6,60.2,0,None,NOAA GFS 0.25° Operational GRIB2,00Z,f219,f243,IMD 24h Daily Gridded Observation,2023-06-20,area_weighted_lat_cosine_polygon_integral,24h (03:00 UTC to 03:00 UTC / 08:30 IST to 08:30 IST)
2023-06-10,2023-06-11,SUB_16,Jammu & Kashmir and Ladakh,Northwest,himalayan,0,34.08,76.5,1,1.3,10.0,-8.7,0.667,53.8,0.8,0.5,35.0,0,None,NOAA GFS 0.25° Operational GRIB2,00Z,f003,f027,IMD 24h Daily Gridded Observation,2023-06-11,area_weighted_lat_cosine_polygon_integral,24h (03:00 UTC to 03:00 UTC / 08:30 IST to 08:30 IST)
2023-06-10,2023-06-12,SUB_16,Jammu & Kashmir and Ladakh,Northwest,himalayan,0,34.08,76.5,2,1.0,10.0,-9.0,0.667,53.8,1.4,0.4,37.8,0,None,NOAA GFS 0.25° Operational GRIB2,00Z,f027,f051,IMD 24h Daily Gridded Observation,2023-06-12,area_weighted_lat_cosine_polygon_integral,24h (03:00 UTC to 03:00 UTC / 08:30 IST to 08:30 IST)
2023-06-10,2023-06-13,SUB_16,Jammu & Kashmir and Ladakh,Northwest,himalayan,0,34.08,76.5,3,1.5,10.0,-8.5,0.667,53.8,0.1,1.4,40.6,0,None,NOAA GFS 0.25° Operational GRIB2,00Z,f051,f075,IMD 24h Daily Gridded Observation,2023-06-13,area_weighted_lat_cosine_polygon_integral,24h (03:00 UTC to 03:00 UTC / 08:30 IST to 08:30 IST)
2023-06-10,2023-06-14,SUB_16,Jammu & Kashmir and Ladakh,Northwest,himalayan,0,34.08,76.5,4,4.2,10.0,-5.8,0.667,53.8,0.0,4.2,43.4,0,None,NOAA GFS 0.25° Operational GRIB2,00Z,f075,f099,IMD 24h Daily Gridded Observation,2023-06-14,area_weighted_lat_cosine_polygon_integral,24h (03:00 UTC to 03:00 UTC / 08:30 IST to 08:30 IST)
2023-06-10,2023-06-15,SUB_16,Jammu & Kashmir and Ladakh,Northwest,himalayan,0,34.08,76.5,5,4.2,10.0,-5.8,0.667,53.8,0.1,4.1,46.2,0,None,NOAA GFS 0.25° Operational GRIB2,00Z,f099,f123,IMD 24h Daily Gridded Observation,2023-06-15,area_weighted_lat_cosine_polygon_integral,24h (03:00 UTC to 03:00 UTC / 08:30 IST to 08:30 IST)
2023-06-10,2023-06-16,SUB_16,Jammu & Kashmir and Ladakh,Northwest,himalayan,0,34.08,76.5,6,7.0,10.0,-3.0,0.667,53.8,0.0,7.0,49.0,0,None,NOAA GFS 0.25° Operational GRIB2,00Z,f123,f147,IMD 24h Daily Gridded Observation,2023-06-16,area_weighted_lat_cosine_polygon_integral,24h (03:00 UTC to 03:00 UTC / 08:30 IST to 08:30 IST)
2023-06-10,2023-06-17,SUB_16,Jammu & Kashmir and Ladakh,Northwest,himalayan,0,34.08,76.5,7,4.9,10.0,-5.1,0.667,68.8,0.0,4.9,51.8,0,None,NOAA GFS 0.25° Operational GRIB2,00Z,f147,f171,IMD 24h Daily Gridded Observation,2023-06-17,area_weighted_lat_cosine_polygon_integral,24h (03:00 UTC to 03:00 UTC / 08:30 IST to 08:30 IST)
2023-06-10,2023-06-18,SUB_16,Jammu & Kashmir and Ladakh,Northwest,himalayan,0,34.08,76.5,8,7.6,10.0,-2.4,0.667,68.8,0.0,7.6,54.6,0,None,NOAA GFS 0.25° Operational GRIB2,00Z,f171,f195,IMD 24h Daily Gridded Observation,2023-06-18,area_weighted_lat_cosine_polygon_integral,24h (03:00 UTC to 03:00 UTC / 08:30 IST to 08:30 IST)
2023-06-10,2023-06-19,SUB_16,Jammu & Kashmir and Ladakh,Northwest,himalayan,0,34.08,76.5,9,8.2,10.0,-1.8,0.667,68.8,0.0,8.2,57.4,0,None,NOAA GFS 0.25° Operational GRIB2,00Z,f195,f219,IMD 24h Daily Gridded Observation,2023-06-19,area_weighted_lat_cosine_polygon_integral,24h (03:00 UTC to 03:00 UTC / 08:30 IST to 08:30 IST)
2023-06-10,2023-06-20,SUB_16,Jammu & Kashmir and Ladakh,Northwest,himalayan,0,34.08,76.5,10,4.3,10.0,-5.7,0.667,68.8,0.0,4.3,60.2,0,None,NOAA GFS 0.25° Operational GRIB2,00Z,f219,f243,IMD 24h Daily Gridded Observation,2023-06-20,area_weighted_lat_cosine_polygon_integral,24h (03:00 UTC to 03:00 UTC / 08:30 IST to 08:30 IST)
2023-06-10,2023-06-11,SUB_17,West Rajasthan,Northwest,arid_desert,0,26.8,72.0,1,0.1,10.0,-9.9,0.667,53.8,0.0,0.1,35.0,0,None,NOAA GFS 0.25° Operational GRIB2,00Z,f003,f027,IMD 24h Daily Gridded Observation,2023-06-11,area_weighted_lat_cosine_polygon_integral,24h (03:00 UTC to 03:00 UTC / 08:30 IST to 08:30 IST)
2023-06-10,2023-06-12,SUB_17,West Rajasthan,Northwest,arid_desert,0,26.8,72.0,2,0.0,10.0,-10.0,0.667,53.8,0.0,0.0,37.8,0,None,NOAA GFS 0.25° Operational GRIB2,00Z,f027,f051,IMD 24h Daily Gridded Observation,2023-06-12,area_weighted_lat_cosine_polygon_integral,24h (03:00 UTC to 03:00 UTC / 08:30 IST to 08:30 IST)
2023-06-10,2023-06-13,SUB_17,West Rajasthan,Northwest,arid_desert,0,26.8,72.0,3,0.0,10.0,-10.0,0.667,53.8,0.0,0.0,40.6,0,None,NOAA GFS 0.25° Operational GRIB2,00Z,f051,f075,IMD 24h Daily Gridded Observation,2023-06-13,area_weighted_lat_cosine_polygon_integral,24h (03:00 UTC to 03:00 UTC / 08:30 IST to 08:30 IST)
2023-06-10,2023-06-14,SUB_17,West Rajasthan,Northwest,arid_desert,0,26.8,72.0,4,0.3,10.0,-9.7,0.667,53.8,0.0,0.3,43.4,0,None,NOAA GFS 0.25° Operational GRIB2,00Z,f075,f099,IMD 24h Daily Gridded Observation,2023-06-14,area_weighted_lat_cosine_polygon_integral,24h (03:00 UTC to 03:00 UTC / 08:30 IST to 08:30 IST)
2023-06-10,2023-06-15,SUB_17,West Rajasthan,Northwest,arid_desert,0,26.8,72.0,5,1.8,10.0,-8.2,0.667,53.8,0.0,1.8,46.2,0,None,NOAA GFS 0.25° Operational GRIB2,00Z,f099,f123,IMD 24h Daily Gridded Observation,2023-06-15,area_weighted_lat_cosine_polygon_integral,24h (03:00 UTC to 03:00 UTC / 08:30 IST to 08:30 IST)
2023-06-10,2023-06-16,SUB_17,West Rajasthan,Northwest,arid_desert,0,26.8,72.0,6,6.4,10.0,-3.6,0.667,53.8,9.0,2.6,49.0,0,None,NOAA GFS 0.25° Operational GRIB2,00Z,f123,f147,IMD 24h Daily Gridded Observation,2023-06-16,area_weighted_lat_cosine_polygon_integral,24h (03:00 UTC to 03:00 UTC / 08:30 IST to 08:30 IST)
2023-06-10,2023-06-17,SUB_17,West Rajasthan,Northwest,arid_desert,0,26.8,72.0,7,18.5,10.0,8.5,0.667,68.8,38.6,20.1,51.8,0,None,NOAA GFS 0.25° Operational GRIB2,00Z,f147,f171,IMD 24h Daily Gridded Observation,2023-06-17,area_weighted_lat_cosine_polygon_integral,24h (03:00 UTC to 03:00 UTC / 08:30 IST to 08:30 IST)
2023-06-10,2023-06-18,SUB_17,West Rajasthan,Northwest,arid_desert,0,26.8,72.0,8,4.3,10.0,-5.7,0.667,68.8,51.3,47.0,54.6,0,None,NOAA GFS 0.25° Operational GRIB2,00Z,f171,f195,IMD 24h Daily Gridded Observation,2023-06-18,area_weighted_lat_cosine_polygon_integral,24h (03:00 UTC to 03:00 UTC / 08:30 IST to 08:30 IST)
2023-06-10,2023-06-19,SUB_17,West Rajasthan,Northwest,arid_desert,0,26.8,72.0,9,0.2,10.0,-9.8,0.667,68.8,0.8,0.6,57.4,0,None,NOAA GFS 0.25° Operational GRIB2,00Z,f195,f219,IMD 24h Daily Gridded Observation,2023-06-19,area_weighted_lat_cosine_polygon_integral,24h (03:00 UTC to 03:00 UTC / 08:30 IST to 08:30 IST)
2023-06-10,2023-06-20,SUB_17,West Rajasthan,Northwest,arid_desert,0,26.8,72.0,10,0.0,10.0,-10.0,0.667,68.8,0.0,0.0,60.2,0,None,NOAA GFS 0.25° Operational GRIB2,00Z,f219,f243,IMD 24h Daily Gridded Observation,2023-06-20,area_weighted_lat_cosine_polygon_integral,24h (03:00 UTC to 03:00 UTC / 08:30 IST to 08:30 IST)
2023-06-10,2023-06-11,SUB_18,East Rajasthan,Northwest,semi_arid,0,26.2,75.8,1,0.0,10.0,-10.0,0.667,53.8,0.0,0.0,35.0,0,None,NOAA GFS 0.25° Operational GRIB2,00Z,f003,f027,IMD 24h Daily Gridded Observation,2023-06-11,area_weighted_lat_cosine_polygon_integral,24h (03:00 UTC to 03:00 UTC / 08:30 IST to 08:30 IST)
2023-06-10,2023-06-12,SUB_18,East Rajasthan,Northwest,semi_arid,0,26.2,75.8,2,0.0,10.0,-10.0,0.667,53.8,0.0,0.0,37.8,0,None,NOAA GFS 0.25° Operational GRIB2,00Z,f027,f051,IMD 24h Daily Gridded Observation,2023-06-12,area_weighted_lat_cosine_polygon_integral,24h (03:00 UTC to 03:00 UTC / 08:30 IST to 08:30 IST)
2023-06-10,2023-06-13,SUB_18,East Rajasthan,Northwest,semi_arid,0,26.2,75.8,3,0.1,10.0,-9.9,0.667,53.8,0.0,0.1,40.6,0,None,NOAA GFS 0.25° Operational GRIB2,00Z,f051,f075,IMD 24h Daily Gridded Observation,2023-06-13,area_weighted_lat_cosine_polygon_integral,24h (03:00 UTC to 03:00 UTC / 08:30 IST to 08:30 IST)
2023-06-10,2023-06-14,SUB_18,East Rajasthan,Northwest,semi_arid,0,26.2,75.8,4,0.0,10.0,-10.0,0.667,53.8,0.0,0.0,43.4,0,None,NOAA GFS 0.25° Operational GRIB2,00Z,f075,f099,IMD 24h Daily Gridded Observation,2023-06-14,area_weighted_lat_cosine_polygon_integral,24h (03:00 UTC to 03:00 UTC / 08:30 IST to 08:30 IST)
2023-06-10,2023-06-15,SUB_18,East Rajasthan,Northwest,semi_arid,0,26.2,75.8,5,0.0,10.0,-10.0,0.667,53.8,0.0,0.0,46.2,0,None,NOAA GFS 0.25° Operational GRIB2,00Z,f099,f123,IMD 24h Daily Gridded Observation,2023-06-15,area_weighted_lat_cosine_polygon_integral,24h (03:00 UTC to 03:00 UTC / 08:30 IST to 08:30 IST)
2023-06-10,2023-06-16,SUB_18,East Rajasthan,Northwest,semi_arid,0,26.2,75.8,6,0.1,10.0,-9.9,0.667,68.8,0.2,0.1,49.0,0,None,NOAA GFS 0.25° Operational GRIB2,00Z,f123,f147,IMD 24h Daily Gridded Observation,2023-06-16,area_weighted_lat_cosine_polygon_integral,24h (03:00 UTC to 03:00 UTC / 08:30 IST to 08:30 IST)
2023-06-10,2023-06-17,SUB_18,East Rajasthan,Northwest,semi_arid,0,26.2,75.8,7,5.5,10.0,-4.5,0.667,68.8,0.8,4.7,51.8,0,None,NOAA GFS 0.25° Operational GRIB2,00Z,f147,f171,IMD 24h Daily Gridded Observation,2023-06-17,area_weighted_lat_cosine_polygon_integral,24h (03:00 UTC to 03:00 UTC / 08:30 IST to 08:30 IST)
2023-06-10,2023-06-18,SUB_18,East Rajasthan,Northwest,semi_arid,0,26.2,75.8,8,19.9,10.0,9.9,0.667,68.8,13.3,6.6,54.6,0,None,NOAA GFS 0.25° Operational GRIB2,00Z,f171,f195,IMD 24h Daily Gridded Observation,2023-06-18,area_weighted_lat_cosine_polygon_integral,24h (03:00 UTC to 03:00 UTC / 08:30 IST to 08:30 IST)
2023-06-10,2023-06-19,SUB_18,East Rajasthan,Northwest,semi_arid,0,26.2,75.8,9,2.0,10.0,-8.0,0.667,68.8,38.2,36.2,57.4,1,Category Failure (>=2 Cats),NOAA GFS 0.25° Operational GRIB2,00Z,f195,f219,IMD 24h Daily Gridded Observation,2023-06-19,area_weighted_lat_cosine_polygon_integral,24h (03:00 UTC to 03:00 UTC / 08:30 IST to 08:30 IST)
2023-06-10,2023-06-20,SUB_18,East Rajasthan,Northwest,semi_arid,0,26.2,75.8,10,0.9,10.0,-9.1,0.667,68.8,37.6,36.7,60.2,1,Category Failure (>=2 Cats),NOAA GFS 0.25° Operational GRIB2,00Z,f219,f243,IMD 24h Daily Gridded Observation,2023-06-20,area_weighted_lat_cosine_polygon_integral,24h (03:00 UTC to 03:00 UTC / 08:30 IST to 08:30 IST)
2023-06-10,2023-06-11,SUB_19,West Madhya Pradesh,Central,plateau,0,23.3,76.8,1,0.1,10.0,-9.9,0.667,53.8,0.0,0.1,35.0,0,None,NOAA GFS 0.25° Operational GRIB2,00Z,f003,f027,IMD 24h Daily Gridded Observation,2023-06-11,area_weighted_lat_cosine_polygon_integral,24h (03:00 UTC to 03:00 UTC / 08:30 IST to 08:30 IST)
2023-06-10,2023-06-12,SUB_19,West Madhya Pradesh,Central,plateau,0,23.3,76.8,2,0.3,10.0,-9.7,0.667,53.8,0.0,0.3,37.8,0,None,NOAA GFS 0.25° Operational GRIB2,00Z,f027,f051,IMD 24h Daily Gridded Observation,2023-06-12,area_weighted_lat_cosine_polygon_integral,24h (03:00 UTC to 03:00 UTC / 08:30 IST to 08:30 IST)
2023-06-10,2023-06-13,SUB_19,West Madhya Pradesh,Central,plateau,0,23.3,76.8,3,0.2,10.0,-9.8,0.667,53.8,0.1,0.1,40.6,0,None,NOAA GFS 0.25° Operational GRIB2,00Z,f051,f075,IMD 24h Daily Gridded Observation,2023-06-13,area_weighted_lat_cosine_polygon_integral,24h (03:00 UTC to 03:00 UTC / 08:30 IST to 08:30 IST)
2023-06-10,2023-06-14,SUB_19,West Madhya Pradesh,Central,plateau,0,23.3,76.8,4,0.0,10.0,-10.0,0.667,53.8,0.0,0.0,43.4,0,None,NOAA GFS 0.25° Operational GRIB2,00Z,f075,f099,IMD 24h Daily Gridded Observation,2023-06-14,area_weighted_lat_cosine_polygon_integral,24h (03:00 UTC to 03:00 UTC / 08:30 IST to 08:30 IST)
2023-06-10,2023-06-15,SUB_19,West Madhya Pradesh,Central,plateau,0,23.3,76.8,5,0.0,10.0,-10.0,0.667,53.8,0.0,0.0,46.2,0,None,NOAA GFS 0.25° Operational GRIB2,00Z,f099,f123,IMD 24h Daily Gridded Observation,2023-06-15,area_weighted_lat_cosine_polygon_integral,24h (03:00 UTC to 03:00 UTC / 08:30 IST to 08:30 IST)
2023-06-10,2023-06-16,SUB_19,West Madhya Pradesh,Central,plateau,0,23.3,76.8,6,0.1,10.0,-9.9,0.667,68.8,0.0,0.1,49.0,0,None,NOAA GFS 0.25° Operational GRIB2,00Z,f123,f147,IMD 24h Daily Gridded Observation,2023-06-16,area_weighted_lat_cosine_polygon_integral,24h (03:00 UTC to 03:00 UTC / 08:30 IST to 08:30 IST)
2023-06-10,2023-06-17,SUB_19,West Madhya Pradesh,Central,plateau,0,23.3,76.8,7,3.0,10.0,-7.0,0.667,68.8,0.0,3.0,51.8,0,None,NOAA GFS 0.25° Operational GRIB2,00Z,f147,f171,IMD 24h Daily Gridded Observation,2023-06-17,area_weighted_lat_cosine_polygon_integral,24h (03:00 UTC to 03:00 UTC / 08:30 IST to 08:30 IST)
2023-06-10,2023-06-18,SUB_19,West Madhya Pradesh,Central,plateau,0,23.3,76.8,8,10.3,10.0,0.3,0.667,68.8,0.5,9.8,54.6,0,None,NOAA GFS 0.25° Operational GRIB2,00Z,f171,f195,IMD 24h Daily Gridded Observation,2023-06-18,area_weighted_lat_cosine_polygon_integral,24h (03:00 UTC to 03:00 UTC / 08:30 IST to 08:30 IST)
2023-06-10,2023-06-19,SUB_19,West Madhya Pradesh,Central,plateau,0,23.3,76.8,9,0.9,10.0,-9.1,0.667,68.8,0.4,0.5,57.4,0,None,NOAA GFS 0.25° Operational GRIB2,00Z,f195,f219,IMD 24h Daily Gridded Observation,2023-06-19,area_weighted_lat_cosine_polygon_integral,24h (03:00 UTC to 03:00 UTC / 08:30 IST to 08:30 IST)
2023-06-10,2023-06-20,SUB_19,West Madhya Pradesh,Central,plateau,0,23.3,76.8,10,0.2,10.0,-9.8,0.667,68.8,0.6,0.4,60.2,0,None,NOAA GFS 0.25° Operational GRIB2,00Z,f219,f243,IMD 24h Daily Gridded Observation,2023-06-20,area_weighted_lat_cosine_polygon_integral,24h (03:00 UTC to 03:00 UTC / 08:30 IST to 08:30 IST)
2023-06-10,2023-06-11,SUB_20,East Madhya Pradesh,Central,plateau,0,23.5,80.5,1,0.0,10.0,-10.0,0.667,53.8,0.0,0.0,35.0,0,None,NOAA GFS 0.25° Operational GRIB2,00Z,f003,f027,IMD 24h Daily Gridded Observation,2023-06-11,area_weighted_lat_cosine_polygon_integral,24h (03:00 UTC to 03:00 UTC / 08:30 IST to 08:30 IST)
2023-06-10,2023-06-12,SUB_20,East Madhya Pradesh,Central,plateau,0,23.5,80.5,2,0.0,10.0,-10.0,0.667,53.8,0.0,0.0,37.8,0,None,NOAA GFS 0.25° Operational GRIB2,00Z,f027,f051,IMD 24h Daily Gridded Observation,2023-06-12,area_weighted_lat_cosine_polygon_integral,24h (03:00 UTC to 03:00 UTC / 08:30 IST to 08:30 IST)
2023-06-10,2023-06-13,SUB_20,East Madhya Pradesh,Central,plateau,0,23.5,80.5,3,0.4,10.0,-9.6,0.667,53.8,0.1,0.3,40.6,0,None,NOAA GFS 0.25° Operational GRIB2,00Z,f051,f075,IMD 24h Daily Gridded Observation,2023-06-13,area_weighted_lat_cosine_polygon_integral,24h (03:00 UTC to 03:00 UTC / 08:30 IST to 08:30 IST)
2023-06-10,2023-06-14,SUB_20,East Madhya Pradesh,Central,plateau,0,23.5,80.5,4,0.4,10.0,-9.6,0.667,53.8,2.3,1.9,43.4,0,None,NOAA GFS 0.25° Operational GRIB2,00Z,f075,f099,IMD 24h Daily Gridded Observation,2023-06-14,area_weighted_lat_cosine_polygon_integral,24h (03:00 UTC to 03:00 UTC / 08:30 IST to 08:30 IST)
2023-06-10,2023-06-15,SUB_20,East Madhya Pradesh,Central,plateau,0,23.5,80.5,5,0.0,10.0,-10.0,0.667,53.8,0.0,0.0,46.2,0,None,NOAA GFS 0.25° Operational GRIB2,00Z,f099,f123,IMD 24h Daily Gridded Observation,2023-06-15,area_weighted_lat_cosine_polygon_integral,24h (03:00 UTC to 03:00 UTC / 08:30 IST to 08:30 IST)
2023-06-10,2023-06-16,SUB_20,East Madhya Pradesh,Central,plateau,0,23.5,80.5,6,0.0,10.0,-10.0,0.667,68.8,0.0,0.0,49.0,0,None,NOAA GFS 0.25° Operational GRIB2,00Z,f123,f147,IMD 24h Daily Gridded Observation,2023-06-16,area_weighted_lat_cosine_polygon_integral,24h (03:00 UTC to 03:00 UTC / 08:30 IST to 08:30 IST)
2023-06-10,2023-06-17,SUB_20,East Madhya Pradesh,Central,plateau,0,23.5,80.5,7,0.0,10.0,-10.0,0.667,68.8,0.0,0.0,51.8,0,None,NOAA GFS 0.25° Operational GRIB2,00Z,f147,f171,IMD 24h Daily Gridded Observation,2023-06-17,area_weighted_lat_cosine_polygon_integral,24h (03:00 UTC to 03:00 UTC / 08:30 IST to 08:30 IST)
2023-06-10,2023-06-18,SUB_20,East Madhya Pradesh,Central,plateau,0,23.5,80.5,8,0.1,10.0,-9.9,0.667,68.8,0.0,0.1,54.6,0,None,NOAA GFS 0.25° Operational GRIB2,00Z,f171,f195,IMD 24h Daily Gridded Observation,2023-06-18,area_weighted_lat_cosine_polygon_integral,24h (03:00 UTC to 03:00 UTC / 08:30 IST to 08:30 IST)
2023-06-10,2023-06-19,SUB_20,East Madhya Pradesh,Central,plateau,0,23.5,80.5,9,0.7,10.0,-9.3,0.667,68.8,0.0,0.7,57.4,0,None,NOAA GFS 0.25° Operational GRIB2,00Z,f195,f219,IMD 24h Daily Gridded Observation,2023-06-19,area_weighted_lat_cosine_polygon_integral,24h (03:00 UTC to 03:00 UTC / 08:30 IST to 08:30 IST)
2023-06-10,2023-06-20,SUB_20,East Madhya Pradesh,Central,plateau,0,23.5,80.5,10,0.8,10.0,-9.2,0.667,68.8,0.0,0.8,60.2,0,None,NOAA GFS 0.25° Operational GRIB2,00Z,f219,f243,IMD 24h Daily Gridded Observation,2023-06-20,area_weighted_lat_cosine_polygon_integral,24h (03:00 UTC to 03:00 UTC / 08:30 IST to 08:30 IST)
2023-06-10,2023-06-11,SUB_21,Gujarat Region,Northwest,plains_hills,0,22.8,73.0,1,3.7,10.0,-6.3,0.667,53.8,0.2,3.5,35.0,0,None,NOAA GFS 0.25° Operational GRIB2,00Z,f003,f027,IMD 24h Daily Gridded Observation,2023-06-11,area_weighted_lat_cosine_polygon_integral,24h (03:00 UTC to 03:00 UTC / 08:30 IST to 08:30 IST)
2023-06-10,2023-06-12,SUB_21,Gujarat Region,Northwest,plains_hills,0,22.8,73.0,2,0.5,10.0,-9.5,0.667,53.8,0.7,0.2,37.8,0,None,NOAA GFS 0.25° Operational GRIB2,00Z,f027,f051,IMD 24h Daily Gridded Observation,2023-06-12,area_weighted_lat_cosine_polygon_integral,24h (03:00 UTC to 03:00 UTC / 08:30 IST to 08:30 IST)
2023-06-10,2023-06-13,SUB_21,Gujarat Region,Northwest,plains_hills,0,22.8,73.0,3,0.9,10.0,-9.1,0.667,53.8,0.6,0.3,40.6,0,None,NOAA GFS 0.25° Operational GRIB2,00Z,f051,f075,IMD 24h Daily Gridded Observation,2023-06-13,area_weighted_lat_cosine_polygon_integral,24h (03:00 UTC to 03:00 UTC / 08:30 IST to 08:30 IST)
2023-06-10,2023-06-14,SUB_21,Gujarat Region,Northwest,plains_hills,0,22.8,73.0,4,1.0,10.0,-9.0,0.667,53.8,0.6,0.4,43.4,0,None,NOAA GFS 0.25° Operational GRIB2,00Z,f075,f099,IMD 24h Daily Gridded Observation,2023-06-14,area_weighted_lat_cosine_polygon_integral,24h (03:00 UTC to 03:00 UTC / 08:30 IST to 08:30 IST)
2023-06-10,2023-06-15,SUB_21,Gujarat Region,Northwest,plains_hills,0,22.8,73.0,5,0.9,10.0,-9.1,0.667,53.8,0.3,0.6,46.2,0,None,NOAA GFS 0.25° Operational GRIB2,00Z,f099,f123,IMD 24h Daily Gridded Observation,2023-06-15,area_weighted_lat_cosine_polygon_integral,24h (03:00 UTC to 03:00 UTC / 08:30 IST to 08:30 IST)
2023-06-10,2023-06-16,SUB_21,Gujarat Region,Northwest,plains_hills,0,22.8,73.0,6,1.2,10.0,-8.8,0.667,68.8,4.1,2.9,49.0,0,None,NOAA GFS 0.25° Operational GRIB2,00Z,f123,f147,IMD 24h Daily Gridded Observation,2023-06-16,area_weighted_lat_cosine_polygon_integral,24h (03:00 UTC to 03:00 UTC / 08:30 IST to 08:30 IST)
2023-06-10,2023-06-17,SUB_21,Gujarat Region,Northwest,plains_hills,0,22.8,73.0,7,2.4,10.0,-7.6,0.667,68.8,3.8,1.4,51.8,0,None,NOAA GFS 0.25° Operational GRIB2,00Z,f147,f171,IMD 24h Daily Gridded Observation,2023-06-17,area_weighted_lat_cosine_polygon_integral,24h (03:00 UTC to 03:00 UTC / 08:30 IST to 08:30 IST)
2023-06-10,2023-06-18,SUB_21,Gujarat Region,Northwest,plains_hills,0,22.8,73.0,8,0.6,10.0,-9.4,0.667,68.8,4.4,3.8,54.6,0,None,NOAA GFS 0.25° Operational GRIB2,00Z,f171,f195,IMD 24h Daily Gridded Observation,2023-06-18,area_weighted_lat_cosine_polygon_integral,24h (03:00 UTC to 03:00 UTC / 08:30 IST to 08:30 IST)
2023-06-10,2023-06-19,SUB_21,Gujarat Region,Northwest,plains_hills,0,22.8,73.0,9,0.4,10.0,-9.6,0.667,68.8,0.2,0.2,57.4,0,None,NOAA GFS 0.25° Operational GRIB2,00Z,f195,f219,IMD 24h Daily Gridded Observation,2023-06-19,area_weighted_lat_cosine_polygon_integral,24h (03:00 UTC to 03:00 UTC / 08:30 IST to 08:30 IST)
2023-06-10,2023-06-20,SUB_21,Gujarat Region,Northwest,plains_hills,0,22.8,73.0,10,0.5,10.0,-9.5,0.667,68.8,0.1,0.4,60.2,0,None,NOAA GFS 0.25° Operational GRIB2,00Z,f219,f243,IMD 24h Daily Gridded Observation,2023-06-20,area_weighted_lat_cosine_polygon_integral,24h (03:00 UTC to 03:00 UTC / 08:30 IST to 08:30 IST)
2023-06-10,2023-06-11,SUB_22,Saurashtra & Kutch,Northwest,coastal_arid,1,22.3,70.3,1,0.6,10.0,-9.4,0.667,68.8,0.0,0.6,35.0,0,None,NOAA GFS 0.25° Operational GRIB2,00Z,f003,f027,IMD 24h Daily Gridded Observation,2023-06-11,area_weighted_lat_cosine_polygon_integral,24h (03:00 UTC to 03:00 UTC / 08:30 IST to 08:30 IST)
2023-06-10,2023-06-12,SUB_22,Saurashtra & Kutch,Northwest,coastal_arid,1,22.3,70.3,2,2.3,10.0,-7.7,0.667,68.8,0.4,1.9,37.8,0,None,NOAA GFS 0.25° Operational GRIB2,00Z,f027,f051,IMD 24h Daily Gridded Observation,2023-06-12,area_weighted_lat_cosine_polygon_integral,24h (03:00 UTC to 03:00 UTC / 08:30 IST to 08:30 IST)
2023-06-10,2023-06-13,SUB_22,Saurashtra & Kutch,Northwest,coastal_arid,1,22.3,70.3,3,7.2,10.0,-2.8,0.667,68.8,8.5,1.3,40.6,0,None,NOAA GFS 0.25° Operational GRIB2,00Z,f051,f075,IMD 24h Daily Gridded Observation,2023-06-13,area_weighted_lat_cosine_polygon_integral,24h (03:00 UTC to 03:00 UTC / 08:30 IST to 08:30 IST)
2023-06-10,2023-06-14,SUB_22,Saurashtra & Kutch,Northwest,coastal_arid,1,22.3,70.3,4,10.9,10.0,0.9,0.667,68.8,8.5,2.4,43.4,0,None,NOAA GFS 0.25° Operational GRIB2,00Z,f075,f099,IMD 24h Daily Gridded Observation,2023-06-14,area_weighted_lat_cosine_polygon_integral,24h (03:00 UTC to 03:00 UTC / 08:30 IST to 08:30 IST)
2023-06-10,2023-06-15,SUB_22,Saurashtra & Kutch,Northwest,coastal_arid,1,22.3,70.3,5,6.5,10.0,-3.5,0.667,68.8,6.2,0.3,46.2,0,None,NOAA GFS 0.25° Operational GRIB2,00Z,f099,f123,IMD 24h Daily Gridded Observation,2023-06-15,area_weighted_lat_cosine_polygon_integral,24h (03:00 UTC to 03:00 UTC / 08:30 IST to 08:30 IST)
2023-06-10,2023-06-16,SUB_22,Saurashtra & Kutch,Northwest,coastal_arid,1,22.3,70.3,6,2.5,10.0,-7.5,0.667,68.8,18.9,16.4,49.0,0,None,NOAA GFS 0.25° Operational GRIB2,00Z,f123,f147,IMD 24h Daily Gridded Observation,2023-06-16,area_weighted_lat_cosine_polygon_integral,24h (03:00 UTC to 03:00 UTC / 08:30 IST to 08:30 IST)
2023-06-10,2023-06-17,SUB_22,Saurashtra & Kutch,Northwest,coastal_arid,1,22.3,70.3,7,1.6,10.0,-8.4,0.667,68.8,23.8,22.2,51.8,1,Category Failure (>=2 Cats),NOAA GFS 0.25° Operational GRIB2,00Z,f147,f171,IMD 24h Daily Gridded Observation,2023-06-17,area_weighted_lat_cosine_polygon_integral,24h (03:00 UTC to 03:00 UTC / 08:30 IST to 08:30 IST)
2023-06-10,2023-06-18,SUB_22,Saurashtra & Kutch,Northwest,coastal_arid,1,22.3,70.3,8,0.5,10.0,-9.5,0.667,68.8,0.2,0.3,54.6,0,None,NOAA GFS 0.25° Operational GRIB2,00Z,f171,f195,IMD 24h Daily Gridded Observation,2023-06-18,area_weighted_lat_cosine_polygon_integral,24h (03:00 UTC to 03:00 UTC / 08:30 IST to 08:30 IST)
2023-06-10,2023-06-19,SUB_22,Saurashtra & Kutch,Northwest,coastal_arid,1,22.3,70.3,9,0.6,10.0,-9.4,0.667,68.8,0.1,0.5,57.4,0,None,NOAA GFS 0.25° Operational GRIB2,00Z,f195,f219,IMD 24h Daily Gridded Observation,2023-06-19,area_weighted_lat_cosine_polygon_integral,24h (03:00 UTC to 03:00 UTC / 08:30 IST to 08:30 IST)
2023-06-10,2023-06-20,SUB_22,Saurashtra & Kutch,Northwest,coastal_arid,1,22.3,70.3,10,0.5,10.0,-9.5,0.667,68.8,0.1,0.4,60.2,0,None,NOAA GFS 0.25° Operational GRIB2,00Z,f219,f243,IMD 24h Daily Gridded Observation,2023-06-20,area_weighted_lat_cosine_polygon_integral,24h (03:00 UTC to 03:00 UTC / 08:30 IST to 08:30 IST)
2023-06-10,2023-06-11,SUB_23,Konkan & Goa,South Peninsula,coastal_ghats,1,16.5,73.5,1,13.6,8.5,5.1,0.667,53.8,17.0,3.4,35.0,0,None,NOAA GFS 0.25° Operational GRIB2,00Z,f003,f027,IMD 24h Daily Gridded Observation,2023-06-11,area_weighted_lat_cosine_polygon_integral,24h (03:00 UTC to 03:00 UTC / 08:30 IST to 08:30 IST)
2023-06-10,2023-06-12,SUB_23,Konkan & Goa,South Peninsula,coastal_ghats,1,16.5,73.5,2,5.9,8.5,-2.6,0.667,53.8,7.2,1.3,37.8,0,None,NOAA GFS 0.25° Operational GRIB2,00Z,f027,f051,IMD 24h Daily Gridded Observation,2023-06-12,area_weighted_lat_cosine_polygon_integral,24h (03:00 UTC to 03:00 UTC / 08:30 IST to 08:30 IST)
2023-06-10,2023-06-13,SUB_23,Konkan & Goa,South Peninsula,coastal_ghats,1,16.5,73.5,3,6.8,8.5,-1.7,0.667,53.8,6.2,0.6,40.6,0,None,NOAA GFS 0.25° Operational GRIB2,00Z,f051,f075,IMD 24h Daily Gridded Observation,2023-06-13,area_weighted_lat_cosine_polygon_integral,24h (03:00 UTC to 03:00 UTC / 08:30 IST to 08:30 IST)
2023-06-10,2023-06-14,SUB_23,Konkan & Goa,South Peninsula,coastal_ghats,1,16.5,73.5,4,7.0,8.5,-1.5,0.667,53.8,7.3,0.3,43.4,0,None,NOAA GFS 0.25° Operational GRIB2,00Z,f075,f099,IMD 24h Daily Gridded Observation,2023-06-14,area_weighted_lat_cosine_polygon_integral,24h (03:00 UTC to 03:00 UTC / 08:30 IST to 08:30 IST)
2023-06-10,2023-06-15,SUB_23,Konkan & Goa,South Peninsula,coastal_ghats,1,16.5,73.5,5,5.2,8.5,-3.3,0.667,53.8,4.9,0.3,46.2,0,None,NOAA GFS 0.25° Operational GRIB2,00Z,f099,f123,IMD 24h Daily Gridded Observation,2023-06-15,area_weighted_lat_cosine_polygon_integral,24h (03:00 UTC to 03:00 UTC / 08:30 IST to 08:30 IST)
2023-06-10,2023-06-16,SUB_23,Konkan & Goa,South Peninsula,coastal_ghats,1,16.5,73.5,6,2.3,8.5,-6.2,0.667,53.8,2.7,0.4,49.0,0,None,NOAA GFS 0.25° Operational GRIB2,00Z,f123,f147,IMD 24h Daily Gridded Observation,2023-06-16,area_weighted_lat_cosine_polygon_integral,24h (03:00 UTC to 03:00 UTC / 08:30 IST to 08:30 IST)
2023-06-10,2023-06-17,SUB_23,Konkan & Goa,South Peninsula,coastal_ghats,1,16.5,73.5,7,6.3,8.5,-2.2,0.667,53.8,10.2,3.9,51.8,0,None,NOAA GFS 0.25° Operational GRIB2,00Z,f147,f171,IMD 24h Daily Gridded Observation,2023-06-17,area_weighted_lat_cosine_polygon_integral,24h (03:00 UTC to 03:00 UTC / 08:30 IST to 08:30 IST)
2023-06-10,2023-06-18,SUB_23,Konkan & Goa,South Peninsula,coastal_ghats,1,16.5,73.5,8,7.8,8.5,-0.7,0.667,53.8,4.7,3.1,54.6,0,None,NOAA GFS 0.25° Operational GRIB2,00Z,f171,f195,IMD 24h Daily Gridded Observation,2023-06-18,area_weighted_lat_cosine_polygon_integral,24h (03:00 UTC to 03:00 UTC / 08:30 IST to 08:30 IST)
2023-06-10,2023-06-19,SUB_23,Konkan & Goa,South Peninsula,coastal_ghats,1,16.5,73.5,9,6.0,8.5,-2.5,0.667,53.8,3.3,2.7,57.4,0,None,NOAA GFS 0.25° Operational GRIB2,00Z,f195,f219,IMD 24h Daily Gridded Observation,2023-06-19,area_weighted_lat_cosine_polygon_integral,24h (03:00 UTC to 03:00 UTC / 08:30 IST to 08:30 IST)
2023-06-10,2023-06-20,SUB_23,Konkan & Goa,South Peninsula,coastal_ghats,1,16.5,73.5,10,6.1,8.5,-2.4,0.667,53.8,1.1,5.0,60.2,0,None,NOAA GFS 0.25° Operational GRIB2,00Z,f219,f243,IMD 24h Daily Gridded Observation,2023-06-20,area_weighted_lat_cosine_polygon_integral,24h (03:00 UTC to 03:00 UTC / 08:30 IST to 08:30 IST)
2023-06-10,2023-06-11,SUB_24,Madhya Maharashtra,Central,ghats_plateau,0,18.5,74.8,1,6.5,10.0,-3.5,0.667,53.8,11.7,5.2,35.0,0,None,NOAA GFS 0.25° Operational GRIB2,00Z,f003,f027,IMD 24h Daily Gridded Observation,2023-06-11,area_weighted_lat_cosine_polygon_integral,24h (03:00 UTC to 03:00 UTC / 08:30 IST to 08:30 IST)
2023-06-10,2023-06-12,SUB_24,Madhya Maharashtra,Central,ghats_plateau,0,18.5,74.8,2,1.2,10.0,-8.8,0.667,53.8,2.3,1.1,37.8,0,None,NOAA GFS 0.25° Operational GRIB2,00Z,f027,f051,IMD 24h Daily Gridded Observation,2023-06-12,area_weighted_lat_cosine_polygon_integral,24h (03:00 UTC to 03:00 UTC / 08:30 IST to 08:30 IST)
2023-06-10,2023-06-13,SUB_24,Madhya Maharashtra,Central,ghats_plateau,0,18.5,74.8,3,0.7,10.0,-9.3,0.667,53.8,0.0,0.7,40.6,0,None,NOAA GFS 0.25° Operational GRIB2,00Z,f051,f075,IMD 24h Daily Gridded Observation,2023-06-13,area_weighted_lat_cosine_polygon_integral,24h (03:00 UTC to 03:00 UTC / 08:30 IST to 08:30 IST)
2023-06-10,2023-06-14,SUB_24,Madhya Maharashtra,Central,ghats_plateau,0,18.5,74.8,4,0.8,10.0,-9.2,0.667,53.8,0.0,0.8,43.4,0,None,NOAA GFS 0.25° Operational GRIB2,00Z,f075,f099,IMD 24h Daily Gridded Observation,2023-06-14,area_weighted_lat_cosine_polygon_integral,24h (03:00 UTC to 03:00 UTC / 08:30 IST to 08:30 IST)
2023-06-10,2023-06-15,SUB_24,Madhya Maharashtra,Central,ghats_plateau,0,18.5,74.8,5,0.6,10.0,-9.4,0.667,53.8,0.4,0.2,46.2,0,None,NOAA GFS 0.25° Operational GRIB2,00Z,f099,f123,IMD 24h Daily Gridded Observation,2023-06-15,area_weighted_lat_cosine_polygon_integral,24h (03:00 UTC to 03:00 UTC / 08:30 IST to 08:30 IST)
2023-06-10,2023-06-16,SUB_24,Madhya Maharashtra,Central,ghats_plateau,0,18.5,74.8,6,0.3,10.0,-9.7,0.667,68.8,0.0,0.3,49.0,0,None,NOAA GFS 0.25° Operational GRIB2,00Z,f123,f147,IMD 24h Daily Gridded Observation,2023-06-16,area_weighted_lat_cosine_polygon_integral,24h (03:00 UTC to 03:00 UTC / 08:30 IST to 08:30 IST)
2023-06-10,2023-06-17,SUB_24,Madhya Maharashtra,Central,ghats_plateau,0,18.5,74.8,7,0.7,10.0,-9.3,0.667,68.8,0.0,0.7,51.8,0,None,NOAA GFS 0.25° Operational GRIB2,00Z,f147,f171,IMD 24h Daily Gridded Observation,2023-06-17,area_weighted_lat_cosine_polygon_integral,24h (03:00 UTC to 03:00 UTC / 08:30 IST to 08:30 IST)
2023-06-10,2023-06-18,SUB_24,Madhya Maharashtra,Central,ghats_plateau,0,18.5,74.8,8,0.7,10.0,-9.3,0.667,68.8,0.2,0.5,54.6,0,None,NOAA GFS 0.25° Operational GRIB2,00Z,f171,f195,IMD 24h Daily Gridded Observation,2023-06-18,area_weighted_lat_cosine_polygon_integral,24h (03:00 UTC to 03:00 UTC / 08:30 IST to 08:30 IST)
2023-06-10,2023-06-19,SUB_24,Madhya Maharashtra,Central,ghats_plateau,0,18.5,74.8,9,0.5,10.0,-9.5,0.667,68.8,0.0,0.5,57.4,0,None,NOAA GFS 0.25° Operational GRIB2,00Z,f195,f219,IMD 24h Daily Gridded Observation,2023-06-19,area_weighted_lat_cosine_polygon_integral,24h (03:00 UTC to 03:00 UTC / 08:30 IST to 08:30 IST)
2023-06-10,2023-06-20,SUB_24,Madhya Maharashtra,Central,ghats_plateau,0,18.5,74.8,10,0.6,10.0,-9.4,0.667,68.8,0.0,0.6,60.2,0,None,NOAA GFS 0.25° Operational GRIB2,00Z,f219,f243,IMD 24h Daily Gridded Observation,2023-06-20,area_weighted_lat_cosine_polygon_integral,24h (03:00 UTC to 03:00 UTC / 08:30 IST to 08:30 IST)
2023-06-10,2023-06-11,SUB_25,Marathwada,Central,semi_arid_plateau,0,19.1,76.5,1,1.7,10.0,-8.3,0.667,53.8,1.9,0.2,35.0,0,None,NOAA GFS 0.25° Operational GRIB2,00Z,f003,f027,IMD 24h Daily Gridded Observation,2023-06-11,area_weighted_lat_cosine_polygon_integral,24h (03:00 UTC to 03:00 UTC / 08:30 IST to 08:30 IST)
2023-06-10,2023-06-12,SUB_25,Marathwada,Central,semi_arid_plateau,0,19.1,76.5,2,0.7,10.0,-9.3,0.667,53.8,4.2,3.5,37.8,0,None,NOAA GFS 0.25° Operational GRIB2,00Z,f027,f051,IMD 24h Daily Gridded Observation,2023-06-12,area_weighted_lat_cosine_polygon_integral,24h (03:00 UTC to 03:00 UTC / 08:30 IST to 08:30 IST)
2023-06-10,2023-06-13,SUB_25,Marathwada,Central,semi_arid_plateau,0,19.1,76.5,3,0.0,10.0,-10.0,0.667,53.8,0.0,0.0,40.6,0,None,NOAA GFS 0.25° Operational GRIB2,00Z,f051,f075,IMD 24h Daily Gridded Observation,2023-06-13,area_weighted_lat_cosine_polygon_integral,24h (03:00 UTC to 03:00 UTC / 08:30 IST to 08:30 IST)
2023-06-10,2023-06-14,SUB_25,Marathwada,Central,semi_arid_plateau,0,19.1,76.5,4,0.1,10.0,-9.9,0.667,53.8,0.0,0.1,43.4,0,None,NOAA GFS 0.25° Operational GRIB2,00Z,f075,f099,IMD 24h Daily Gridded Observation,2023-06-14,area_weighted_lat_cosine_polygon_integral,24h (03:00 UTC to 03:00 UTC / 08:30 IST to 08:30 IST)
2023-06-10,2023-06-15,SUB_25,Marathwada,Central,semi_arid_plateau,0,19.1,76.5,5,0.0,10.0,-10.0,0.667,53.8,0.1,0.1,46.2,0,None,NOAA GFS 0.25° Operational GRIB2,00Z,f099,f123,IMD 24h Daily Gridded Observation,2023-06-15,area_weighted_lat_cosine_polygon_integral,24h (03:00 UTC to 03:00 UTC / 08:30 IST to 08:30 IST)
2023-06-10,2023-06-16,SUB_25,Marathwada,Central,semi_arid_plateau,0,19.1,76.5,6,0.0,10.0,-10.0,0.667,68.8,0.0,0.0,49.0,0,None,NOAA GFS 0.25° Operational GRIB2,00Z,f123,f147,IMD 24h Daily Gridded Observation,2023-06-16,area_weighted_lat_cosine_polygon_integral,24h (03:00 UTC to 03:00 UTC / 08:30 IST to 08:30 IST)
2023-06-10,2023-06-17,SUB_25,Marathwada,Central,semi_arid_plateau,0,19.1,76.5,7,0.1,10.0,-9.9,0.667,68.8,0.0,0.1,51.8,0,None,NOAA GFS 0.25° Operational GRIB2,00Z,f147,f171,IMD 24h Daily Gridded Observation,2023-06-17,area_weighted_lat_cosine_polygon_integral,24h (03:00 UTC to 03:00 UTC / 08:30 IST to 08:30 IST)
2023-06-10,2023-06-18,SUB_25,Marathwada,Central,semi_arid_plateau,0,19.1,76.5,8,0.5,10.0,-9.5,0.667,68.8,0.0,0.5,54.6,0,None,NOAA GFS 0.25° Operational GRIB2,00Z,f171,f195,IMD 24h Daily Gridded Observation,2023-06-18,area_weighted_lat_cosine_polygon_integral,24h (03:00 UTC to 03:00 UTC / 08:30 IST to 08:30 IST)
2023-06-10,2023-06-19,SUB_25,Marathwada,Central,semi_arid_plateau,0,19.1,76.5,9,0.4,10.0,-9.6,0.667,68.8,0.0,0.4,57.4,0,None,NOAA GFS 0.25° Operational GRIB2,00Z,f195,f219,IMD 24h Daily Gridded Observation,2023-06-19,area_weighted_lat_cosine_polygon_integral,24h (03:00 UTC to 03:00 UTC / 08:30 IST to 08:30 IST)
2023-06-10,2023-06-20,SUB_25,Marathwada,Central,semi_arid_plateau,0,19.1,76.5,10,0.1,10.0,-9.9,0.667,68.8,0.0,0.1,60.2,0,None,NOAA GFS 0.25° Operational GRIB2,00Z,f219,f243,IMD 24h Daily Gridded Observation,2023-06-20,area_weighted_lat_cosine_polygon_integral,24h (03:00 UTC to 03:00 UTC / 08:30 IST to 08:30 IST)
2023-06-10,2023-06-11,SUB_26,Vidarbha,Central,plateau,0,20.9,79.2,1,0.1,10.0,-9.9,0.667,53.8,0.4,0.3,35.0,0,None,NOAA GFS 0.25° Operational GRIB2,00Z,f003,f027,IMD 24h Daily Gridded Observation,2023-06-11,area_weighted_lat_cosine_polygon_integral,24h (03:00 UTC to 03:00 UTC / 08:30 IST to 08:30 IST)
2023-06-10,2023-06-12,SUB_26,Vidarbha,Central,plateau,0,20.9,79.2,2,0.3,10.0,-9.7,0.667,53.8,0.0,0.3,37.8,0,None,NOAA GFS 0.25° Operational GRIB2,00Z,f027,f051,IMD 24h Daily Gridded Observation,2023-06-12,area_weighted_lat_cosine_polygon_integral,24h (03:00 UTC to 03:00 UTC / 08:30 IST to 08:30 IST)
2023-06-10,2023-06-13,SUB_26,Vidarbha,Central,plateau,0,20.9,79.2,3,0.7,10.0,-9.3,0.667,53.8,0.4,0.3,40.6,0,None,NOAA GFS 0.25° Operational GRIB2,00Z,f051,f075,IMD 24h Daily Gridded Observation,2023-06-13,area_weighted_lat_cosine_polygon_integral,24h (03:00 UTC to 03:00 UTC / 08:30 IST to 08:30 IST)
2023-06-10,2023-06-14,SUB_26,Vidarbha,Central,plateau,0,20.9,79.2,4,0.4,10.0,-9.6,0.667,53.8,4.0,3.6,43.4,0,None,NOAA GFS 0.25° Operational GRIB2,00Z,f075,f099,IMD 24h Daily Gridded Observation,2023-06-14,area_weighted_lat_cosine_polygon_integral,24h (03:00 UTC to 03:00 UTC / 08:30 IST to 08:30 IST)
2023-06-10,2023-06-15,SUB_26,Vidarbha,Central,plateau,0,20.9,79.2,5,0.0,10.0,-10.0,0.667,53.8,0.0,0.0,46.2,0,None,NOAA GFS 0.25° Operational GRIB2,00Z,f099,f123,IMD 24h Daily Gridded Observation,2023-06-15,area_weighted_lat_cosine_polygon_integral,24h (03:00 UTC to 03:00 UTC / 08:30 IST to 08:30 IST)
2023-06-10,2023-06-16,SUB_26,Vidarbha,Central,plateau,0,20.9,79.2,6,0.0,10.0,-10.0,0.667,68.8,0.0,0.0,49.0,0,None,NOAA GFS 0.25° Operational GRIB2,00Z,f123,f147,IMD 24h Daily Gridded Observation,2023-06-16,area_weighted_lat_cosine_polygon_integral,24h (03:00 UTC to 03:00 UTC / 08:30 IST to 08:30 IST)
2023-06-10,2023-06-17,SUB_26,Vidarbha,Central,plateau,0,20.9,79.2,7,0.1,10.0,-9.9,0.667,68.8,0.1,0.0,51.8,0,None,NOAA GFS 0.25° Operational GRIB2,00Z,f147,f171,IMD 24h Daily Gridded Observation,2023-06-17,area_weighted_lat_cosine_polygon_integral,24h (03:00 UTC to 03:00 UTC / 08:30 IST to 08:30 IST)
2023-06-10,2023-06-18,SUB_26,Vidarbha,Central,plateau,0,20.9,79.2,8,0.1,10.0,-9.9,0.667,68.8,0.0,0.1,54.6,0,None,NOAA GFS 0.25° Operational GRIB2,00Z,f171,f195,IMD 24h Daily Gridded Observation,2023-06-18,area_weighted_lat_cosine_polygon_integral,24h (03:00 UTC to 03:00 UTC / 08:30 IST to 08:30 IST)
2023-06-10,2023-06-19,SUB_26,Vidarbha,Central,plateau,0,20.9,79.2,9,0.0,10.0,-10.0,0.667,68.8,0.0,0.0,57.4,0,None,NOAA GFS 0.25° Operational GRIB2,00Z,f195,f219,IMD 24h Daily Gridded Observation,2023-06-19,area_weighted_lat_cosine_polygon_integral,24h (03:00 UTC to 03:00 UTC / 08:30 IST to 08:30 IST)
2023-06-10,2023-06-20,SUB_26,Vidarbha,Central,plateau,0,20.9,79.2,10,0.2,10.0,-9.8,0.667,68.8,0.0,0.2,60.2,0,None,NOAA GFS 0.25° Operational GRIB2,00Z,f219,f243,IMD 24h Daily Gridded Observation,2023-06-20,area_weighted_lat_cosine_polygon_integral,24h (03:00 UTC to 03:00 UTC / 08:30 IST to 08:30 IST)
2023-06-10,2023-06-11,SUB_27,Chhattisgarh,Central,plateau_forests,0,21.27,81.86,1,0.1,10.0,-9.9,0.667,53.8,0.1,0.0,35.0,0,None,NOAA GFS 0.25° Operational GRIB2,00Z,f003,f027,IMD 24h Daily Gridded Observation,2023-06-11,area_weighted_lat_cosine_polygon_integral,24h (03:00 UTC to 03:00 UTC / 08:30 IST to 08:30 IST)
2023-06-10,2023-06-12,SUB_27,Chhattisgarh,Central,plateau_forests,0,21.27,81.86,2,0.1,10.0,-9.9,0.667,53.8,0.0,0.1,37.8,0,None,NOAA GFS 0.25° Operational GRIB2,00Z,f027,f051,IMD 24h Daily Gridded Observation,2023-06-12,area_weighted_lat_cosine_polygon_integral,24h (03:00 UTC to 03:00 UTC / 08:30 IST to 08:30 IST)
2023-06-10,2023-06-13,SUB_27,Chhattisgarh,Central,plateau_forests,0,21.27,81.86,3,0.7,10.0,-9.3,0.667,53.8,8.1,7.4,40.6,0,None,NOAA GFS 0.25° Operational GRIB2,00Z,f051,f075,IMD 24h Daily Gridded Observation,2023-06-13,area_weighted_lat_cosine_polygon_integral,24h (03:00 UTC to 03:00 UTC / 08:30 IST to 08:30 IST)
2023-06-10,2023-06-14,SUB_27,Chhattisgarh,Central,plateau_forests,0,21.27,81.86,4,1.5,10.0,-8.5,0.667,53.8,1.7,0.2,43.4,0,None,NOAA GFS 0.25° Operational GRIB2,00Z,f075,f099,IMD 24h Daily Gridded Observation,2023-06-14,area_weighted_lat_cosine_polygon_integral,24h (03:00 UTC to 03:00 UTC / 08:30 IST to 08:30 IST)
2023-06-10,2023-06-15,SUB_27,Chhattisgarh,Central,plateau_forests,0,21.27,81.86,5,0.5,10.0,-9.5,0.667,53.8,1.0,0.5,46.2,0,None,NOAA GFS 0.25° Operational GRIB2,00Z,f099,f123,IMD 24h Daily Gridded Observation,2023-06-15,area_weighted_lat_cosine_polygon_integral,24h (03:00 UTC to 03:00 UTC / 08:30 IST to 08:30 IST)
2023-06-10,2023-06-16,SUB_27,Chhattisgarh,Central,plateau_forests,0,21.27,81.86,6,0.2,10.0,-9.8,0.667,68.8,0.7,0.5,49.0,0,None,NOAA GFS 0.25° Operational GRIB2,00Z,f123,f147,IMD 24h Daily Gridded Observation,2023-06-16,area_weighted_lat_cosine_polygon_integral,24h (03:00 UTC to 03:00 UTC / 08:30 IST to 08:30 IST)
2023-06-10,2023-06-17,SUB_27,Chhattisgarh,Central,plateau_forests,0,21.27,81.86,7,0.1,10.0,-9.9,0.667,68.8,0.0,0.1,51.8,0,None,NOAA GFS 0.25° Operational GRIB2,00Z,f147,f171,IMD 24h Daily Gridded Observation,2023-06-17,area_weighted_lat_cosine_polygon_integral,24h (03:00 UTC to 03:00 UTC / 08:30 IST to 08:30 IST)
2023-06-10,2023-06-18,SUB_27,Chhattisgarh,Central,plateau_forests,0,21.27,81.86,8,0.3,10.0,-9.7,0.667,68.8,0.0,0.3,54.6,0,None,NOAA GFS 0.25° Operational GRIB2,00Z,f171,f195,IMD 24h Daily Gridded Observation,2023-06-18,area_weighted_lat_cosine_polygon_integral,24h (03:00 UTC to 03:00 UTC / 08:30 IST to 08:30 IST)
2023-06-10,2023-06-19,SUB_27,Chhattisgarh,Central,plateau_forests,0,21.27,81.86,9,0.7,10.0,-9.3,0.667,68.8,0.0,0.7,57.4,0,None,NOAA GFS 0.25° Operational GRIB2,00Z,f195,f219,IMD 24h Daily Gridded Observation,2023-06-19,area_weighted_lat_cosine_polygon_integral,24h (03:00 UTC to 03:00 UTC / 08:30 IST to 08:30 IST)
2023-06-10,2023-06-20,SUB_27,Chhattisgarh,Central,plateau_forests,0,21.27,81.86,10,0.9,10.0,-9.1,0.667,68.8,0.0,0.9,60.2,0,None,NOAA GFS 0.25° Operational GRIB2,00Z,f219,f243,IMD 24h Daily Gridded Observation,2023-06-20,area_weighted_lat_cosine_polygon_integral,24h (03:00 UTC to 03:00 UTC / 08:30 IST to 08:30 IST)
2023-06-10,2023-06-11,SUB_28,Coastal Andhra Pradesh & Yanam,South Peninsula,coastal,1,16.2,81.5,1,0.9,8.5,-7.6,0.667,53.8,3.8,2.9,35.0,0,None,NOAA GFS 0.25° Operational GRIB2,00Z,f003,f027,IMD 24h Daily Gridded Observation,2023-06-11,area_weighted_lat_cosine_polygon_integral,24h (03:00 UTC to 03:00 UTC / 08:30 IST to 08:30 IST)
2023-06-10,2023-06-12,SUB_28,Coastal Andhra Pradesh & Yanam,South Peninsula,coastal,1,16.2,81.5,2,0.2,8.5,-8.3,0.667,53.8,0.0,0.2,37.8,0,None,NOAA GFS 0.25° Operational GRIB2,00Z,f027,f051,IMD 24h Daily Gridded Observation,2023-06-12,area_weighted_lat_cosine_polygon_integral,24h (03:00 UTC to 03:00 UTC / 08:30 IST to 08:30 IST)
2023-06-10,2023-06-13,SUB_28,Coastal Andhra Pradesh & Yanam,South Peninsula,coastal,1,16.2,81.5,3,0.7,8.5,-7.8,0.667,53.8,0.0,0.7,40.6,0,None,NOAA GFS 0.25° Operational GRIB2,00Z,f051,f075,IMD 24h Daily Gridded Observation,2023-06-13,area_weighted_lat_cosine_polygon_integral,24h (03:00 UTC to 03:00 UTC / 08:30 IST to 08:30 IST)
2023-06-10,2023-06-14,SUB_28,Coastal Andhra Pradesh & Yanam,South Peninsula,coastal,1,16.2,81.5,4,1.7,8.5,-6.8,0.667,53.8,0.0,1.7,43.4,0,None,NOAA GFS 0.25° Operational GRIB2,00Z,f075,f099,IMD 24h Daily Gridded Observation,2023-06-14,area_weighted_lat_cosine_polygon_integral,24h (03:00 UTC to 03:00 UTC / 08:30 IST to 08:30 IST)
2023-06-10,2023-06-15,SUB_28,Coastal Andhra Pradesh & Yanam,South Peninsula,coastal,1,16.2,81.5,5,4.2,8.5,-4.3,0.667,53.8,0.0,4.2,46.2,0,None,NOAA GFS 0.25° Operational GRIB2,00Z,f099,f123,IMD 24h Daily Gridded Observation,2023-06-15,area_weighted_lat_cosine_polygon_integral,24h (03:00 UTC to 03:00 UTC / 08:30 IST to 08:30 IST)
2023-06-10,2023-06-16,SUB_28,Coastal Andhra Pradesh & Yanam,South Peninsula,coastal,1,16.2,81.5,6,0.7,8.5,-7.8,0.667,68.8,0.0,0.7,49.0,0,None,NOAA GFS 0.25° Operational GRIB2,00Z,f123,f147,IMD 24h Daily Gridded Observation,2023-06-16,area_weighted_lat_cosine_polygon_integral,24h (03:00 UTC to 03:00 UTC / 08:30 IST to 08:30 IST)
2023-06-10,2023-06-17,SUB_28,Coastal Andhra Pradesh & Yanam,South Peninsula,coastal,1,16.2,81.5,7,0.5,8.5,-8.0,0.667,68.8,0.0,0.5,51.8,0,None,NOAA GFS 0.25° Operational GRIB2,00Z,f147,f171,IMD 24h Daily Gridded Observation,2023-06-17,area_weighted_lat_cosine_polygon_integral,24h (03:00 UTC to 03:00 UTC / 08:30 IST to 08:30 IST)
2023-06-10,2023-06-18,SUB_28,Coastal Andhra Pradesh & Yanam,South Peninsula,coastal,1,16.2,81.5,8,1.9,8.5,-6.6,0.667,68.8,0.5,1.4,54.6,0,None,NOAA GFS 0.25° Operational GRIB2,00Z,f171,f195,IMD 24h Daily Gridded Observation,2023-06-18,area_weighted_lat_cosine_polygon_integral,24h (03:00 UTC to 03:00 UTC / 08:30 IST to 08:30 IST)
2023-06-10,2023-06-19,SUB_28,Coastal Andhra Pradesh & Yanam,South Peninsula,coastal,1,16.2,81.5,9,0.7,8.5,-7.8,0.667,68.8,2.9,2.2,57.4,0,None,NOAA GFS 0.25° Operational GRIB2,00Z,f195,f219,IMD 24h Daily Gridded Observation,2023-06-19,area_weighted_lat_cosine_polygon_integral,24h (03:00 UTC to 03:00 UTC / 08:30 IST to 08:30 IST)
2023-06-10,2023-06-20,SUB_28,Coastal Andhra Pradesh & Yanam,South Peninsula,coastal,1,16.2,81.5,10,0.7,8.5,-7.8,0.667,68.8,5.8,5.1,60.2,0,None,NOAA GFS 0.25° Operational GRIB2,00Z,f219,f243,IMD 24h Daily Gridded Observation,2023-06-20,area_weighted_lat_cosine_polygon_integral,24h (03:00 UTC to 03:00 UTC / 08:30 IST to 08:30 IST)
2023-06-10,2023-06-11,SUB_29,Telangana,South Peninsula,plateau,0,17.8,79.1,1,3.7,8.5,-4.8,0.667,53.8,0.3,3.4,35.0,0,None,NOAA GFS 0.25° Operational GRIB2,00Z,f003,f027,IMD 24h Daily Gridded Observation,2023-06-11,area_weighted_lat_cosine_polygon_integral,24h (03:00 UTC to 03:00 UTC / 08:30 IST to 08:30 IST)
2023-06-10,2023-06-12,SUB_29,Telangana,South Peninsula,plateau,0,17.8,79.1,2,0.8,8.5,-7.7,0.667,53.8,0.0,0.8,37.8,0,None,NOAA GFS 0.25° Operational GRIB2,00Z,f027,f051,IMD 24h Daily Gridded Observation,2023-06-12,area_weighted_lat_cosine_polygon_integral,24h (03:00 UTC to 03:00 UTC / 08:30 IST to 08:30 IST)
2023-06-10,2023-06-13,SUB_29,Telangana,South Peninsula,plateau,0,17.8,79.1,3,0.9,8.5,-7.6,0.667,53.8,0.6,0.3,40.6,0,None,NOAA GFS 0.25° Operational GRIB2,00Z,f051,f075,IMD 24h Daily Gridded Observation,2023-06-13,area_weighted_lat_cosine_polygon_integral,24h (03:00 UTC to 03:00 UTC / 08:30 IST to 08:30 IST)
2023-06-10,2023-06-14,SUB_29,Telangana,South Peninsula,plateau,0,17.8,79.1,4,0.9,8.5,-7.6,0.667,53.8,0.0,0.9,43.4,0,None,NOAA GFS 0.25° Operational GRIB2,00Z,f075,f099,IMD 24h Daily Gridded Observation,2023-06-14,area_weighted_lat_cosine_polygon_integral,24h (03:00 UTC to 03:00 UTC / 08:30 IST to 08:30 IST)
2023-06-10,2023-06-15,SUB_29,Telangana,South Peninsula,plateau,0,17.8,79.1,5,0.5,8.5,-8.0,0.667,53.8,0.0,0.5,46.2,0,None,NOAA GFS 0.25° Operational GRIB2,00Z,f099,f123,IMD 24h Daily Gridded Observation,2023-06-15,area_weighted_lat_cosine_polygon_integral,24h (03:00 UTC to 03:00 UTC / 08:30 IST to 08:30 IST)
2023-06-10,2023-06-16,SUB_29,Telangana,South Peninsula,plateau,0,17.8,79.1,6,0.2,8.5,-8.3,0.667,68.8,0.0,0.2,49.0,0,None,NOAA GFS 0.25° Operational GRIB2,00Z,f123,f147,IMD 24h Daily Gridded Observation,2023-06-16,area_weighted_lat_cosine_polygon_integral,24h (03:00 UTC to 03:00 UTC / 08:30 IST to 08:30 IST)
2023-06-10,2023-06-17,SUB_29,Telangana,South Peninsula,plateau,0,17.8,79.1,7,0.1,8.5,-8.4,0.667,68.8,0.0,0.1,51.8,0,None,NOAA GFS 0.25° Operational GRIB2,00Z,f147,f171,IMD 24h Daily Gridded Observation,2023-06-17,area_weighted_lat_cosine_polygon_integral,24h (03:00 UTC to 03:00 UTC / 08:30 IST to 08:30 IST)
2023-06-10,2023-06-18,SUB_29,Telangana,South Peninsula,plateau,0,17.8,79.1,8,0.4,8.5,-8.1,0.667,68.8,0.0,0.4,54.6,0,None,NOAA GFS 0.25° Operational GRIB2,00Z,f171,f195,IMD 24h Daily Gridded Observation,2023-06-18,area_weighted_lat_cosine_polygon_integral,24h (03:00 UTC to 03:00 UTC / 08:30 IST to 08:30 IST)
2023-06-10,2023-06-19,SUB_29,Telangana,South Peninsula,plateau,0,17.8,79.1,9,0.2,8.5,-8.3,0.667,68.8,0.0,0.2,57.4,0,None,NOAA GFS 0.25° Operational GRIB2,00Z,f195,f219,IMD 24h Daily Gridded Observation,2023-06-19,area_weighted_lat_cosine_polygon_integral,24h (03:00 UTC to 03:00 UTC / 08:30 IST to 08:30 IST)
2023-06-10,2023-06-20,SUB_29,Telangana,South Peninsula,plateau,0,17.8,79.1,10,0.4,8.5,-8.1,0.667,68.8,0.8,0.4,60.2,0,None,NOAA GFS 0.25° Operational GRIB2,00Z,f219,f243,IMD 24h Daily Gridded Observation,2023-06-20,area_weighted_lat_cosine_polygon_integral,24h (03:00 UTC to 03:00 UTC / 08:30 IST to 08:30 IST)
2023-06-10,2023-06-11,SUB_30,Rayalaseema,South Peninsula,semi_arid_plateau,0,14.7,78.5,1,2.5,8.5,-6.0,0.667,53.8,0.4,2.1,35.0,0,None,NOAA GFS 0.25° Operational GRIB2,00Z,f003,f027,IMD 24h Daily Gridded Observation,2023-06-11,area_weighted_lat_cosine_polygon_integral,24h (03:00 UTC to 03:00 UTC / 08:30 IST to 08:30 IST)
2023-06-10,2023-06-12,SUB_30,Rayalaseema,South Peninsula,semi_arid_plateau,0,14.7,78.5,2,0.6,8.5,-7.9,0.667,53.8,0.9,0.3,37.8,0,None,NOAA GFS 0.25° Operational GRIB2,00Z,f027,f051,IMD 24h Daily Gridded Observation,2023-06-12,area_weighted_lat_cosine_polygon_integral,24h (03:00 UTC to 03:00 UTC / 08:30 IST to 08:30 IST)
2023-06-10,2023-06-13,SUB_30,Rayalaseema,South Peninsula,semi_arid_plateau,0,14.7,78.5,3,0.2,8.5,-8.3,0.667,53.8,0.0,0.2,40.6,0,None,NOAA GFS 0.25° Operational GRIB2,00Z,f051,f075,IMD 24h Daily Gridded Observation,2023-06-13,area_weighted_lat_cosine_polygon_integral,24h (03:00 UTC to 03:00 UTC / 08:30 IST to 08:30 IST)
2023-06-10,2023-06-14,SUB_30,Rayalaseema,South Peninsula,semi_arid_plateau,0,14.7,78.5,4,1.0,8.5,-7.5,0.667,53.8,0.0,1.0,43.4,0,None,NOAA GFS 0.25° Operational GRIB2,00Z,f075,f099,IMD 24h Daily Gridded Observation,2023-06-14,area_weighted_lat_cosine_polygon_integral,24h (03:00 UTC to 03:00 UTC / 08:30 IST to 08:30 IST)
2023-06-10,2023-06-15,SUB_30,Rayalaseema,South Peninsula,semi_arid_plateau,0,14.7,78.5,5,2.1,8.5,-6.4,0.667,53.8,0.0,2.1,46.2,0,None,NOAA GFS 0.25° Operational GRIB2,00Z,f099,f123,IMD 24h Daily Gridded Observation,2023-06-15,area_weighted_lat_cosine_polygon_integral,24h (03:00 UTC to 03:00 UTC / 08:30 IST to 08:30 IST)
2023-06-10,2023-06-16,SUB_30,Rayalaseema,South Peninsula,semi_arid_plateau,0,14.7,78.5,6,3.0,8.5,-5.5,0.667,68.8,0.0,3.0,49.0,0,None,NOAA GFS 0.25° Operational GRIB2,00Z,f123,f147,IMD 24h Daily Gridded Observation,2023-06-16,area_weighted_lat_cosine_polygon_integral,24h (03:00 UTC to 03:00 UTC / 08:30 IST to 08:30 IST)
2023-06-10,2023-06-17,SUB_30,Rayalaseema,South Peninsula,semi_arid_plateau,0,14.7,78.5,7,0.8,8.5,-7.7,0.667,68.8,0.0,0.8,51.8,0,None,NOAA GFS 0.25° Operational GRIB2,00Z,f147,f171,IMD 24h Daily Gridded Observation,2023-06-17,area_weighted_lat_cosine_polygon_integral,24h (03:00 UTC to 03:00 UTC / 08:30 IST to 08:30 IST)
2023-06-10,2023-06-18,SUB_30,Rayalaseema,South Peninsula,semi_arid_plateau,0,14.7,78.5,8,1.9,8.5,-6.6,0.667,68.8,0.0,1.9,54.6,0,None,NOAA GFS 0.25° Operational GRIB2,00Z,f171,f195,IMD 24h Daily Gridded Observation,2023-06-18,area_weighted_lat_cosine_polygon_integral,24h (03:00 UTC to 03:00 UTC / 08:30 IST to 08:30 IST)
2023-06-10,2023-06-19,SUB_30,Rayalaseema,South Peninsula,semi_arid_plateau,0,14.7,78.5,9,5.2,8.5,-3.3,0.667,68.8,0.0,5.2,57.4,0,None,NOAA GFS 0.25° Operational GRIB2,00Z,f195,f219,IMD 24h Daily Gridded Observation,2023-06-19,area_weighted_lat_cosine_polygon_integral,24h (03:00 UTC to 03:00 UTC / 08:30 IST to 08:30 IST)
2023-06-10,2023-06-20,SUB_30,Rayalaseema,South Peninsula,semi_arid_plateau,0,14.7,78.5,10,5.7,8.5,-2.8,0.667,68.8,1.6,4.1,60.2,0,None,NOAA GFS 0.25° Operational GRIB2,00Z,f219,f243,IMD 24h Daily Gridded Observation,2023-06-20,area_weighted_lat_cosine_polygon_integral,24h (03:00 UTC to 03:00 UTC / 08:30 IST to 08:30 IST)
2023-06-10,2023-06-11,SUB_31,"Tamil Nadu, Puducherry & Karaikal",South Peninsula,coastal_plains,1,11.12,78.65,1,0.9,8.5,-7.6,0.667,53.8,0.4,0.5,35.0,0,None,NOAA GFS 0.25° Operational GRIB2,00Z,f003,f027,IMD 24h Daily Gridded Observation,2023-06-11,area_weighted_lat_cosine_polygon_integral,24h (03:00 UTC to 03:00 UTC / 08:30 IST to 08:30 IST)
2023-06-10,2023-06-12,SUB_31,"Tamil Nadu, Puducherry & Karaikal",South Peninsula,coastal_plains,1,11.12,78.65,2,2.2,8.5,-6.3,0.667,53.8,0.5,1.7,37.8,0,None,NOAA GFS 0.25° Operational GRIB2,00Z,f027,f051,IMD 24h Daily Gridded Observation,2023-06-12,area_weighted_lat_cosine_polygon_integral,24h (03:00 UTC to 03:00 UTC / 08:30 IST to 08:30 IST)
2023-06-10,2023-06-13,SUB_31,"Tamil Nadu, Puducherry & Karaikal",South Peninsula,coastal_plains,1,11.12,78.65,3,2.3,8.5,-6.2,0.667,53.8,9.9,7.6,40.6,0,None,NOAA GFS 0.25° Operational GRIB2,00Z,f051,f075,IMD 24h Daily Gridded Observation,2023-06-13,area_weighted_lat_cosine_polygon_integral,24h (03:00 UTC to 03:00 UTC / 08:30 IST to 08:30 IST)
2023-06-10,2023-06-14,SUB_31,"Tamil Nadu, Puducherry & Karaikal",South Peninsula,coastal_plains,1,11.12,78.65,4,2.2,8.5,-6.3,0.667,53.8,0.4,1.8,43.4,0,None,NOAA GFS 0.25° Operational GRIB2,00Z,f075,f099,IMD 24h Daily Gridded Observation,2023-06-14,area_weighted_lat_cosine_polygon_integral,24h (03:00 UTC to 03:00 UTC / 08:30 IST to 08:30 IST)
2023-06-10,2023-06-15,SUB_31,"Tamil Nadu, Puducherry & Karaikal",South Peninsula,coastal_plains,1,11.12,78.65,5,6.6,8.5,-1.9,0.667,53.8,0.7,5.9,46.2,0,None,NOAA GFS 0.25° Operational GRIB2,00Z,f099,f123,IMD 24h Daily Gridded Observation,2023-06-15,area_weighted_lat_cosine_polygon_integral,24h (03:00 UTC to 03:00 UTC / 08:30 IST to 08:30 IST)
2023-06-10,2023-06-16,SUB_31,"Tamil Nadu, Puducherry & Karaikal",South Peninsula,coastal_plains,1,11.12,78.65,6,4.5,8.5,-4.0,0.667,68.8,0.0,4.5,49.0,0,None,NOAA GFS 0.25° Operational GRIB2,00Z,f123,f147,IMD 24h Daily Gridded Observation,2023-06-16,area_weighted_lat_cosine_polygon_integral,24h (03:00 UTC to 03:00 UTC / 08:30 IST to 08:30 IST)
2023-06-10,2023-06-17,SUB_31,"Tamil Nadu, Puducherry & Karaikal",South Peninsula,coastal_plains,1,11.12,78.65,7,2.7,8.5,-5.8,0.667,68.8,0.0,2.7,51.8,0,None,NOAA GFS 0.25° Operational GRIB2,00Z,f147,f171,IMD 24h Daily Gridded Observation,2023-06-17,area_weighted_lat_cosine_polygon_integral,24h (03:00 UTC to 03:00 UTC / 08:30 IST to 08:30 IST)
2023-06-10,2023-06-18,SUB_31,"Tamil Nadu, Puducherry & Karaikal",South Peninsula,coastal_plains,1,11.12,78.65,8,3.0,8.5,-5.5,0.667,68.8,0.4,2.6,54.6,0,None,NOAA GFS 0.25° Operational GRIB2,00Z,f171,f195,IMD 24h Daily Gridded Observation,2023-06-18,area_weighted_lat_cosine_polygon_integral,24h (03:00 UTC to 03:00 UTC / 08:30 IST to 08:30 IST)
2023-06-10,2023-06-19,SUB_31,"Tamil Nadu, Puducherry & Karaikal",South Peninsula,coastal_plains,1,11.12,78.65,9,10.2,8.5,1.7,0.667,68.8,10.3,0.1,57.4,0,None,NOAA GFS 0.25° Operational GRIB2,00Z,f195,f219,IMD 24h Daily Gridded Observation,2023-06-19,area_weighted_lat_cosine_polygon_integral,24h (03:00 UTC to 03:00 UTC / 08:30 IST to 08:30 IST)
2023-06-10,2023-06-20,SUB_31,"Tamil Nadu, Puducherry & Karaikal",South Peninsula,coastal_plains,1,11.12,78.65,10,5.9,8.5,-2.6,0.667,68.8,2.7,3.2,60.2,0,None,NOAA GFS 0.25° Operational GRIB2,00Z,f219,f243,IMD 24h Daily Gridded Observation,2023-06-20,area_weighted_lat_cosine_polygon_integral,24h (03:00 UTC to 03:00 UTC / 08:30 IST to 08:30 IST)
2023-06-10,2023-06-11,SUB_32,Coastal Karnataka,South Peninsula,coastal_ghats,1,13.8,74.8,1,14.7,8.5,6.2,0.667,53.8,21.4,6.7,35.0,0,None,NOAA GFS 0.25° Operational GRIB2,00Z,f003,f027,IMD 24h Daily Gridded Observation,2023-06-11,area_weighted_lat_cosine_polygon_integral,24h (03:00 UTC to 03:00 UTC / 08:30 IST to 08:30 IST)
2023-06-10,2023-06-12,SUB_32,Coastal Karnataka,South Peninsula,coastal_ghats,1,13.8,74.8,2,15.0,8.5,6.5,0.667,53.8,10.3,4.7,37.8,0,None,NOAA GFS 0.25° Operational GRIB2,00Z,f027,f051,IMD 24h Daily Gridded Observation,2023-06-12,area_weighted_lat_cosine_polygon_integral,24h (03:00 UTC to 03:00 UTC / 08:30 IST to 08:30 IST)
2023-06-10,2023-06-13,SUB_32,Coastal Karnataka,South Peninsula,coastal_ghats,1,13.8,74.8,3,13.0,8.5,4.5,0.667,53.8,11.2,1.8,40.6,0,None,NOAA GFS 0.25° Operational GRIB2,00Z,f051,f075,IMD 24h Daily Gridded Observation,2023-06-13,area_weighted_lat_cosine_polygon_integral,24h (03:00 UTC to 03:00 UTC / 08:30 IST to 08:30 IST)
2023-06-10,2023-06-14,SUB_32,Coastal Karnataka,South Peninsula,coastal_ghats,1,13.8,74.8,4,12.5,8.5,4.0,0.667,53.8,6.4,6.1,43.4,0,None,NOAA GFS 0.25° Operational GRIB2,00Z,f075,f099,IMD 24h Daily Gridded Observation,2023-06-14,area_weighted_lat_cosine_polygon_integral,24h (03:00 UTC to 03:00 UTC / 08:30 IST to 08:30 IST)
2023-06-10,2023-06-15,SUB_32,Coastal Karnataka,South Peninsula,coastal_ghats,1,13.8,74.8,5,13.7,8.5,5.2,0.667,53.8,16.2,2.5,46.2,0,None,NOAA GFS 0.25° Operational GRIB2,00Z,f099,f123,IMD 24h Daily Gridded Observation,2023-06-15,area_weighted_lat_cosine_polygon_integral,24h (03:00 UTC to 03:00 UTC / 08:30 IST to 08:30 IST)
2023-06-10,2023-06-16,SUB_32,Coastal Karnataka,South Peninsula,coastal_ghats,1,13.8,74.8,6,7.9,8.5,-0.6,0.667,53.8,4.1,3.8,49.0,0,None,NOAA GFS 0.25° Operational GRIB2,00Z,f123,f147,IMD 24h Daily Gridded Observation,2023-06-16,area_weighted_lat_cosine_polygon_integral,24h (03:00 UTC to 03:00 UTC / 08:30 IST to 08:30 IST)
2023-06-10,2023-06-17,SUB_32,Coastal Karnataka,South Peninsula,coastal_ghats,1,13.8,74.8,7,7.9,8.5,-0.6,0.667,68.8,2.4,5.5,51.8,0,None,NOAA GFS 0.25° Operational GRIB2,00Z,f147,f171,IMD 24h Daily Gridded Observation,2023-06-17,area_weighted_lat_cosine_polygon_integral,24h (03:00 UTC to 03:00 UTC / 08:30 IST to 08:30 IST)
2023-06-10,2023-06-18,SUB_32,Coastal Karnataka,South Peninsula,coastal_ghats,1,13.8,74.8,8,8.3,8.5,-0.2,0.667,68.8,5.5,2.8,54.6,0,None,NOAA GFS 0.25° Operational GRIB2,00Z,f171,f195,IMD 24h Daily Gridded Observation,2023-06-18,area_weighted_lat_cosine_polygon_integral,24h (03:00 UTC to 03:00 UTC / 08:30 IST to 08:30 IST)
2023-06-10,2023-06-19,SUB_32,Coastal Karnataka,South Peninsula,coastal_ghats,1,13.8,74.8,9,9.0,8.5,0.5,0.667,68.8,3.7,5.3,57.4,0,None,NOAA GFS 0.25° Operational GRIB2,00Z,f195,f219,IMD 24h Daily Gridded Observation,2023-06-19,area_weighted_lat_cosine_polygon_integral,24h (03:00 UTC to 03:00 UTC / 08:30 IST to 08:30 IST)
2023-06-10,2023-06-20,SUB_32,Coastal Karnataka,South Peninsula,coastal_ghats,1,13.8,74.8,10,13.7,8.5,5.2,0.667,68.8,10.5,3.2,60.2,0,None,NOAA GFS 0.25° Operational GRIB2,00Z,f219,f243,IMD 24h Daily Gridded Observation,2023-06-20,area_weighted_lat_cosine_polygon_integral,24h (03:00 UTC to 03:00 UTC / 08:30 IST to 08:30 IST)
2023-06-10,2023-06-11,SUB_33,North Interior Karnataka,South Peninsula,plateau,0,15.8,76.0,1,3.0,8.5,-5.5,0.667,53.8,1.0,2.0,35.0,0,None,NOAA GFS 0.25° Operational GRIB2,00Z,f003,f027,IMD 24h Daily Gridded Observation,2023-06-11,area_weighted_lat_cosine_polygon_integral,24h (03:00 UTC to 03:00 UTC / 08:30 IST to 08:30 IST)
2023-06-10,2023-06-12,SUB_33,North Interior Karnataka,South Peninsula,plateau,0,15.8,76.0,2,0.6,8.5,-7.9,0.667,53.8,1.0,0.4,37.8,0,None,NOAA GFS 0.25° Operational GRIB2,00Z,f027,f051,IMD 24h Daily Gridded Observation,2023-06-12,area_weighted_lat_cosine_polygon_integral,24h (03:00 UTC to 03:00 UTC / 08:30 IST to 08:30 IST)
2023-06-10,2023-06-13,SUB_33,North Interior Karnataka,South Peninsula,plateau,0,15.8,76.0,3,0.4,8.5,-8.1,0.667,53.8,0.0,0.4,40.6,0,None,NOAA GFS 0.25° Operational GRIB2,00Z,f051,f075,IMD 24h Daily Gridded Observation,2023-06-13,area_weighted_lat_cosine_polygon_integral,24h (03:00 UTC to 03:00 UTC / 08:30 IST to 08:30 IST)
2023-06-10,2023-06-14,SUB_33,North Interior Karnataka,South Peninsula,plateau,0,15.8,76.0,4,0.4,8.5,-8.1,0.667,53.8,0.4,0.0,43.4,0,None,NOAA GFS 0.25° Operational GRIB2,00Z,f075,f099,IMD 24h Daily Gridded Observation,2023-06-14,area_weighted_lat_cosine_polygon_integral,24h (03:00 UTC to 03:00 UTC / 08:30 IST to 08:30 IST)
2023-06-10,2023-06-15,SUB_33,North Interior Karnataka,South Peninsula,plateau,0,15.8,76.0,5,0.3,8.5,-8.2,0.667,53.8,0.1,0.2,46.2,0,None,NOAA GFS 0.25° Operational GRIB2,00Z,f099,f123,IMD 24h Daily Gridded Observation,2023-06-15,area_weighted_lat_cosine_polygon_integral,24h (03:00 UTC to 03:00 UTC / 08:30 IST to 08:30 IST)
2023-06-10,2023-06-16,SUB_33,North Interior Karnataka,South Peninsula,plateau,0,15.8,76.0,6,0.2,8.5,-8.3,0.667,68.8,0.0,0.2,49.0,0,None,NOAA GFS 0.25° Operational GRIB2,00Z,f123,f147,IMD 24h Daily Gridded Observation,2023-06-16,area_weighted_lat_cosine_polygon_integral,24h (03:00 UTC to 03:00 UTC / 08:30 IST to 08:30 IST)
2023-06-10,2023-06-17,SUB_33,North Interior Karnataka,South Peninsula,plateau,0,15.8,76.0,7,0.2,8.5,-8.3,0.667,68.8,0.2,0.0,51.8,0,None,NOAA GFS 0.25° Operational GRIB2,00Z,f147,f171,IMD 24h Daily Gridded Observation,2023-06-17,area_weighted_lat_cosine_polygon_integral,24h (03:00 UTC to 03:00 UTC / 08:30 IST to 08:30 IST)
2023-06-10,2023-06-18,SUB_33,North Interior Karnataka,South Peninsula,plateau,0,15.8,76.0,8,0.6,8.5,-7.9,0.667,68.8,0.1,0.5,54.6,0,None,NOAA GFS 0.25° Operational GRIB2,00Z,f171,f195,IMD 24h Daily Gridded Observation,2023-06-18,area_weighted_lat_cosine_polygon_integral,24h (03:00 UTC to 03:00 UTC / 08:30 IST to 08:30 IST)
2023-06-10,2023-06-19,SUB_33,North Interior Karnataka,South Peninsula,plateau,0,15.8,76.0,9,0.8,8.5,-7.7,0.667,68.8,0.1,0.7,57.4,0,None,NOAA GFS 0.25° Operational GRIB2,00Z,f195,f219,IMD 24h Daily Gridded Observation,2023-06-19,area_weighted_lat_cosine_polygon_integral,24h (03:00 UTC to 03:00 UTC / 08:30 IST to 08:30 IST)
2023-06-10,2023-06-20,SUB_33,North Interior Karnataka,South Peninsula,plateau,0,15.8,76.0,10,0.7,8.5,-7.8,0.667,68.8,0.4,0.3,60.2,0,None,NOAA GFS 0.25° Operational GRIB2,00Z,f219,f243,IMD 24h Daily Gridded Observation,2023-06-20,area_weighted_lat_cosine_polygon_integral,24h (03:00 UTC to 03:00 UTC / 08:30 IST to 08:30 IST)
2023-06-10,2023-06-11,SUB_34,South Interior Karnataka,South Peninsula,plateau_ghats,0,13.0,76.5,1,1.7,8.5,-6.8,0.667,53.8,0.6,1.1,35.0,0,None,NOAA GFS 0.25° Operational GRIB2,00Z,f003,f027,IMD 24h Daily Gridded Observation,2023-06-11,area_weighted_lat_cosine_polygon_integral,24h (03:00 UTC to 03:00 UTC / 08:30 IST to 08:30 IST)
2023-06-10,2023-06-12,SUB_34,South Interior Karnataka,South Peninsula,plateau_ghats,0,13.0,76.5,2,2.5,8.5,-6.0,0.667,53.8,0.9,1.6,37.8,0,None,NOAA GFS 0.25° Operational GRIB2,00Z,f027,f051,IMD 24h Daily Gridded Observation,2023-06-12,area_weighted_lat_cosine_polygon_integral,24h (03:00 UTC to 03:00 UTC / 08:30 IST to 08:30 IST)
2023-06-10,2023-06-13,SUB_34,South Interior Karnataka,South Peninsula,plateau_ghats,0,13.0,76.5,3,1.5,8.5,-7.0,0.667,53.8,2.4,0.9,40.6,0,None,NOAA GFS 0.25° Operational GRIB2,00Z,f051,f075,IMD 24h Daily Gridded Observation,2023-06-13,area_weighted_lat_cosine_polygon_integral,24h (03:00 UTC to 03:00 UTC / 08:30 IST to 08:30 IST)
2023-06-10,2023-06-14,SUB_34,South Interior Karnataka,South Peninsula,plateau_ghats,0,13.0,76.5,4,1.5,8.5,-7.0,0.667,53.8,1.2,0.3,43.4,0,None,NOAA GFS 0.25° Operational GRIB2,00Z,f075,f099,IMD 24h Daily Gridded Observation,2023-06-14,area_weighted_lat_cosine_polygon_integral,24h (03:00 UTC to 03:00 UTC / 08:30 IST to 08:30 IST)
2023-06-10,2023-06-15,SUB_34,South Interior Karnataka,South Peninsula,plateau_ghats,0,13.0,76.5,5,4.8,8.5,-3.7,0.667,53.8,1.2,3.6,46.2,0,None,NOAA GFS 0.25° Operational GRIB2,00Z,f099,f123,IMD 24h Daily Gridded Observation,2023-06-15,area_weighted_lat_cosine_polygon_integral,24h (03:00 UTC to 03:00 UTC / 08:30 IST to 08:30 IST)
2023-06-10,2023-06-16,SUB_34,South Interior Karnataka,South Peninsula,plateau_ghats,0,13.0,76.5,6,4.8,8.5,-3.7,0.667,68.8,1.0,3.8,49.0,0,None,NOAA GFS 0.25° Operational GRIB2,00Z,f123,f147,IMD 24h Daily Gridded Observation,2023-06-16,area_weighted_lat_cosine_polygon_integral,24h (03:00 UTC to 03:00 UTC / 08:30 IST to 08:30 IST)
2023-06-10,2023-06-17,SUB_34,South Interior Karnataka,South Peninsula,plateau_ghats,0,13.0,76.5,7,2.1,8.5,-6.4,0.667,68.8,0.1,2.0,51.8,0,None,NOAA GFS 0.25° Operational GRIB2,00Z,f147,f171,IMD 24h Daily Gridded Observation,2023-06-17,area_weighted_lat_cosine_polygon_integral,24h (03:00 UTC to 03:00 UTC / 08:30 IST to 08:30 IST)
2023-06-10,2023-06-18,SUB_34,South Interior Karnataka,South Peninsula,plateau_ghats,0,13.0,76.5,8,3.6,8.5,-4.9,0.667,68.8,3.0,0.6,54.6,0,None,NOAA GFS 0.25° Operational GRIB2,00Z,f171,f195,IMD 24h Daily Gridded Observation,2023-06-18,area_weighted_lat_cosine_polygon_integral,24h (03:00 UTC to 03:00 UTC / 08:30 IST to 08:30 IST)
2023-06-10,2023-06-19,SUB_34,South Interior Karnataka,South Peninsula,plateau_ghats,0,13.0,76.5,9,10.9,8.5,2.4,0.667,68.8,1.8,9.1,57.4,0,None,NOAA GFS 0.25° Operational GRIB2,00Z,f195,f219,IMD 24h Daily Gridded Observation,2023-06-19,area_weighted_lat_cosine_polygon_integral,24h (03:00 UTC to 03:00 UTC / 08:30 IST to 08:30 IST)
2023-06-10,2023-06-20,SUB_34,South Interior Karnataka,South Peninsula,plateau_ghats,0,13.0,76.5,10,8.6,8.5,0.1,0.667,68.8,13.1,4.5,60.2,0,None,NOAA GFS 0.25° Operational GRIB2,00Z,f219,f243,IMD 24h Daily Gridded Observation,2023-06-20,area_weighted_lat_cosine_polygon_integral,24h (03:00 UTC to 03:00 UTC / 08:30 IST to 08:30 IST)
2023-06-10,2023-06-11,SUB_35,Kerala & Mahe,South Peninsula,coastal_ghats,1,10.85,76.27,1,6.4,8.5,-2.1,0.667,53.8,7.4,1.0,35.0,0,None,NOAA GFS 0.25° Operational GRIB2,00Z,f003,f027,IMD 24h Daily Gridded Observation,2023-06-11,area_weighted_lat_cosine_polygon_integral,24h (03:00 UTC to 03:00 UTC / 08:30 IST to 08:30 IST)
2023-06-10,2023-06-12,SUB_35,Kerala & Mahe,South Peninsula,coastal_ghats,1,10.85,76.27,2,13.6,8.5,5.1,0.667,53.8,24.4,10.8,37.8,0,None,NOAA GFS 0.25° Operational GRIB2,00Z,f027,f051,IMD 24h Daily Gridded Observation,2023-06-12,area_weighted_lat_cosine_polygon_integral,24h (03:00 UTC to 03:00 UTC / 08:30 IST to 08:30 IST)
2023-06-10,2023-06-13,SUB_35,Kerala & Mahe,South Peninsula,coastal_ghats,1,10.85,76.27,3,11.4,8.5,2.9,0.667,53.8,14.3,2.9,40.6,0,None,NOAA GFS 0.25° Operational GRIB2,00Z,f051,f075,IMD 24h Daily Gridded Observation,2023-06-13,area_weighted_lat_cosine_polygon_integral,24h (03:00 UTC to 03:00 UTC / 08:30 IST to 08:30 IST)
2023-06-10,2023-06-14,SUB_35,Kerala & Mahe,South Peninsula,coastal_ghats,1,10.85,76.27,4,7.5,8.5,-1.0,0.667,53.8,10.9,3.4,43.4,0,None,NOAA GFS 0.25° Operational GRIB2,00Z,f075,f099,IMD 24h Daily Gridded Observation,2023-06-14,area_weighted_lat_cosine_polygon_integral,24h (03:00 UTC to 03:00 UTC / 08:30 IST to 08:30 IST)
2023-06-10,2023-06-15,SUB_35,Kerala & Mahe,South Peninsula,coastal_ghats,1,10.85,76.27,5,12.7,8.5,4.2,0.667,53.8,1.4,11.3,46.2,0,None,NOAA GFS 0.25° Operational GRIB2,00Z,f099,f123,IMD 24h Daily Gridded Observation,2023-06-15,area_weighted_lat_cosine_polygon_integral,24h (03:00 UTC to 03:00 UTC / 08:30 IST to 08:30 IST)
2023-06-10,2023-06-16,SUB_35,Kerala & Mahe,South Peninsula,coastal_ghats,1,10.85,76.27,6,6.8,8.5,-1.7,0.667,53.8,0.6,6.2,49.0,0,None,NOAA GFS 0.25° Operational GRIB2,00Z,f123,f147,IMD 24h Daily Gridded Observation,2023-06-16,area_weighted_lat_cosine_polygon_integral,24h (03:00 UTC to 03:00 UTC / 08:30 IST to 08:30 IST)
2023-06-10,2023-06-17,SUB_35,Kerala & Mahe,South Peninsula,coastal_ghats,1,10.85,76.27,7,7.6,8.5,-0.9,0.667,68.8,2.3,5.3,51.8,0,None,NOAA GFS 0.25° Operational GRIB2,00Z,f147,f171,IMD 24h Daily Gridded Observation,2023-06-17,area_weighted_lat_cosine_polygon_integral,24h (03:00 UTC to 03:00 UTC / 08:30 IST to 08:30 IST)
2023-06-10,2023-06-18,SUB_35,Kerala & Mahe,South Peninsula,coastal_ghats,1,10.85,76.27,8,5.2,8.5,-3.3,0.667,68.8,6.3,1.1,54.6,0,None,NOAA GFS 0.25° Operational GRIB2,00Z,f171,f195,IMD 24h Daily Gridded Observation,2023-06-18,area_weighted_lat_cosine_polygon_integral,24h (03:00 UTC to 03:00 UTC / 08:30 IST to 08:30 IST)
2023-06-10,2023-06-19,SUB_35,Kerala & Mahe,South Peninsula,coastal_ghats,1,10.85,76.27,9,12.3,8.5,3.8,0.667,68.8,4.9,7.4,57.4,0,None,NOAA GFS 0.25° Operational GRIB2,00Z,f195,f219,IMD 24h Daily Gridded Observation,2023-06-19,area_weighted_lat_cosine_polygon_integral,24h (03:00 UTC to 03:00 UTC / 08:30 IST to 08:30 IST)
2023-06-10,2023-06-20,SUB_35,Kerala & Mahe,South Peninsula,coastal_ghats,1,10.85,76.27,10,13.4,8.5,4.9,0.667,68.8,8.8,4.6,60.2,0,None,NOAA GFS 0.25° Operational GRIB2,00Z,f219,f243,IMD 24h Daily Gridded Observation,2023-06-20,area_weighted_lat_cosine_polygon_integral,24h (03:00 UTC to 03:00 UTC / 08:30 IST to 08:30 IST)
2023-06-10,2023-06-11,SUB_36,Lakshadweep,South Peninsula,island,0,10.56,72.64,1,5.2,8.5,-3.3,0.667,53.8,8.4,3.2,35.0,0,None,NOAA GFS 0.25° Operational GRIB2,00Z,f003,f027,IMD 24h Daily Gridded Observation,2023-06-11,area_weighted_lat_cosine_polygon_integral,24h (03:00 UTC to 03:00 UTC / 08:30 IST to 08:30 IST)
2023-06-10,2023-06-12,SUB_36,Lakshadweep,South Peninsula,island,0,10.56,72.64,2,3.7,8.5,-4.8,0.667,53.8,7.9,4.2,37.8,0,None,NOAA GFS 0.25° Operational GRIB2,00Z,f027,f051,IMD 24h Daily Gridded Observation,2023-06-12,area_weighted_lat_cosine_polygon_integral,24h (03:00 UTC to 03:00 UTC / 08:30 IST to 08:30 IST)
2023-06-10,2023-06-13,SUB_36,Lakshadweep,South Peninsula,island,0,10.56,72.64,3,2.8,8.5,-5.7,0.667,53.8,10.8,8.0,40.6,0,None,NOAA GFS 0.25° Operational GRIB2,00Z,f051,f075,IMD 24h Daily Gridded Observation,2023-06-13,area_weighted_lat_cosine_polygon_integral,24h (03:00 UTC to 03:00 UTC / 08:30 IST to 08:30 IST)
2023-06-10,2023-06-14,SUB_36,Lakshadweep,South Peninsula,island,0,10.56,72.64,4,3.4,8.5,-5.1,0.667,53.8,3.0,0.4,43.4,0,None,NOAA GFS 0.25° Operational GRIB2,00Z,f075,f099,IMD 24h Daily Gridded Observation,2023-06-14,area_weighted_lat_cosine_polygon_integral,24h (03:00 UTC to 03:00 UTC / 08:30 IST to 08:30 IST)
2023-06-10,2023-06-15,SUB_36,Lakshadweep,South Peninsula,island,0,10.56,72.64,5,3.0,8.5,-5.5,0.667,53.8,1.2,1.8,46.2,0,None,NOAA GFS 0.25° Operational GRIB2,00Z,f099,f123,IMD 24h Daily Gridded Observation,2023-06-15,area_weighted_lat_cosine_polygon_integral,24h (03:00 UTC to 03:00 UTC / 08:30 IST to 08:30 IST)
2023-06-10,2023-06-16,SUB_36,Lakshadweep,South Peninsula,island,0,10.56,72.64,6,5.5,8.5,-3.0,0.667,53.8,0.0,5.5,49.0,0,None,NOAA GFS 0.25° Operational GRIB2,00Z,f123,f147,IMD 24h Daily Gridded Observation,2023-06-16,area_weighted_lat_cosine_polygon_integral,24h (03:00 UTC to 03:00 UTC / 08:30 IST to 08:30 IST)
2023-06-10,2023-06-17,SUB_36,Lakshadweep,South Peninsula,island,0,10.56,72.64,7,4.2,8.5,-4.3,0.667,68.8,0.1,4.1,51.8,0,None,NOAA GFS 0.25° Operational GRIB2,00Z,f147,f171,IMD 24h Daily Gridded Observation,2023-06-17,area_weighted_lat_cosine_polygon_integral,24h (03:00 UTC to 03:00 UTC / 08:30 IST to 08:30 IST)
2023-06-10,2023-06-18,SUB_36,Lakshadweep,South Peninsula,island,0,10.56,72.64,8,2.5,8.5,-6.0,0.667,68.8,2.8,0.3,54.6,0,None,NOAA GFS 0.25° Operational GRIB2,00Z,f171,f195,IMD 24h Daily Gridded Observation,2023-06-18,area_weighted_lat_cosine_polygon_integral,24h (03:00 UTC to 03:00 UTC / 08:30 IST to 08:30 IST)
2023-06-10,2023-06-19,SUB_36,Lakshadweep,South Peninsula,island,0,10.56,72.64,9,9.1,8.5,0.6,0.667,68.8,6.8,2.3,57.4,0,None,NOAA GFS 0.25° Operational GRIB2,00Z,f195,f219,IMD 24h Daily Gridded Observation,2023-06-19,area_weighted_lat_cosine_polygon_integral,24h (03:00 UTC to 03:00 UTC / 08:30 IST to 08:30 IST)
2023-06-10,2023-06-20,SUB_36,Lakshadweep,South Peninsula,island,0,10.56,72.64,10,17.6,8.5,9.1,0.667,68.8,5.7,11.9,60.2,0,None,NOAA GFS 0.25° Operational GRIB2,00Z,f219,f243,IMD 24h Daily Gridded Observation,2023-06-20,area_weighted_lat_cosine_polygon_integral,24h (03:00 UTC to 03:00 UTC / 08:30 IST to 08:30 IST)
2023-07-15,2023-07-16,SUB_01,Andaman & Nicobar Islands,South Peninsula,island,0,11.74,92.65,1,3.5,8.5,-5.0,0.667,53.8,5.2,1.7,35.0,0,None,NOAA GFS 0.25° Operational GRIB2,00Z,f003,f027,IMD 24h Daily Gridded Observation,2023-07-16,area_weighted_lat_cosine_polygon_integral,24h (03:00 UTC to 03:00 UTC / 08:30 IST to 08:30 IST)
2023-07-15,2023-07-17,SUB_01,Andaman & Nicobar Islands,South Peninsula,island,0,11.74,92.65,2,14.5,8.5,6.0,0.667,53.8,18.5,4.0,37.8,0,None,NOAA GFS 0.25° Operational GRIB2,00Z,f027,f051,IMD 24h Daily Gridded Observation,2023-07-17,area_weighted_lat_cosine_polygon_integral,24h (03:00 UTC to 03:00 UTC / 08:30 IST to 08:30 IST)
2023-07-15,2023-07-18,SUB_01,Andaman & Nicobar Islands,South Peninsula,island,0,11.74,92.65,3,21.5,8.5,13.0,0.667,53.8,24.3,2.8,40.6,0,None,NOAA GFS 0.25° Operational GRIB2,00Z,f051,f075,IMD 24h Daily Gridded Observation,2023-07-18,area_weighted_lat_cosine_polygon_integral,24h (03:00 UTC to 03:00 UTC / 08:30 IST to 08:30 IST)
2023-07-15,2023-07-19,SUB_01,Andaman & Nicobar Islands,South Peninsula,island,0,11.74,92.65,4,14.2,8.5,5.7,0.667,53.8,6.9,7.3,43.4,0,None,NOAA GFS 0.25° Operational GRIB2,00Z,f075,f099,IMD 24h Daily Gridded Observation,2023-07-19,area_weighted_lat_cosine_polygon_integral,24h (03:00 UTC to 03:00 UTC / 08:30 IST to 08:30 IST)
2023-07-15,2023-07-20,SUB_01,Andaman & Nicobar Islands,South Peninsula,island,0,11.74,92.65,5,18.6,8.5,10.1,0.667,53.8,5.0,13.6,46.2,0,None,NOAA GFS 0.25° Operational GRIB2,00Z,f099,f123,IMD 24h Daily Gridded Observation,2023-07-20,area_weighted_lat_cosine_polygon_integral,24h (03:00 UTC to 03:00 UTC / 08:30 IST to 08:30 IST)
2023-07-15,2023-07-21,SUB_01,Andaman & Nicobar Islands,South Peninsula,island,0,11.74,92.65,6,15.2,8.5,6.7,0.667,53.8,5.0,10.2,49.0,0,None,NOAA GFS 0.25° Operational GRIB2,00Z,f123,f147,IMD 24h Daily Gridded Observation,2023-07-21,area_weighted_lat_cosine_polygon_integral,24h (03:00 UTC to 03:00 UTC / 08:30 IST to 08:30 IST)
2023-07-15,2023-07-22,SUB_01,Andaman & Nicobar Islands,South Peninsula,island,0,11.74,92.65,7,7.5,8.5,-1.0,0.667,68.8,11.8,4.3,51.8,0,None,NOAA GFS 0.25° Operational GRIB2,00Z,f147,f171,IMD 24h Daily Gridded Observation,2023-07-22,area_weighted_lat_cosine_polygon_integral,24h (03:00 UTC to 03:00 UTC / 08:30 IST to 08:30 IST)
2023-07-15,2023-07-23,SUB_01,Andaman & Nicobar Islands,South Peninsula,island,0,11.74,92.65,8,11.7,8.5,3.2,0.667,68.8,10.7,1.0,54.6,0,None,NOAA GFS 0.25° Operational GRIB2,00Z,f171,f195,IMD 24h Daily Gridded Observation,2023-07-23,area_weighted_lat_cosine_polygon_integral,24h (03:00 UTC to 03:00 UTC / 08:30 IST to 08:30 IST)
2023-07-15,2023-07-24,SUB_01,Andaman & Nicobar Islands,South Peninsula,island,0,11.74,92.65,9,18.1,8.5,9.6,0.667,68.8,26.3,8.2,57.4,0,None,NOAA GFS 0.25° Operational GRIB2,00Z,f195,f219,IMD 24h Daily Gridded Observation,2023-07-24,area_weighted_lat_cosine_polygon_integral,24h (03:00 UTC to 03:00 UTC / 08:30 IST to 08:30 IST)
2023-07-15,2023-07-25,SUB_01,Andaman & Nicobar Islands,South Peninsula,island,0,11.74,92.65,10,16.5,8.5,8.0,0.667,68.8,10.4,6.1,60.2,0,None,NOAA GFS 0.25° Operational GRIB2,00Z,f219,f243,IMD 24h Daily Gridded Observation,2023-07-25,area_weighted_lat_cosine_polygon_integral,24h (03:00 UTC to 03:00 UTC / 08:30 IST to 08:30 IST)
2023-07-15,2023-07-16,SUB_02,Arunachal Pradesh,East & Northeast,himalayan,0,28.21,94.72,1,18.8,14.0,4.8,0.667,53.8,14.9,3.9,35.0,0,None,NOAA GFS 0.25° Operational GRIB2,00Z,f003,f027,IMD 24h Daily Gridded Observation,2023-07-16,area_weighted_lat_cosine_polygon_integral,24h (03:00 UTC to 03:00 UTC / 08:30 IST to 08:30 IST)
2023-07-15,2023-07-17,SUB_02,Arunachal Pradesh,East & Northeast,himalayan,0,28.21,94.72,2,29.5,14.0,15.5,0.667,53.8,24.3,5.2,37.8,0,None,NOAA GFS 0.25° Operational GRIB2,00Z,f027,f051,IMD 24h Daily Gridded Observation,2023-07-17,area_weighted_lat_cosine_polygon_integral,24h (03:00 UTC to 03:00 UTC / 08:30 IST to 08:30 IST)
2023-07-15,2023-07-18,SUB_02,Arunachal Pradesh,East & Northeast,himalayan,0,28.21,94.72,3,4.2,14.0,-9.8,0.667,53.8,0.2,4.0,40.6,0,None,NOAA GFS 0.25° Operational GRIB2,00Z,f051,f075,IMD 24h Daily Gridded Observation,2023-07-18,area_weighted_lat_cosine_polygon_integral,24h (03:00 UTC to 03:00 UTC / 08:30 IST to 08:30 IST)
2023-07-15,2023-07-19,SUB_02,Arunachal Pradesh,East & Northeast,himalayan,0,28.21,94.72,4,4.8,14.0,-9.2,0.667,53.8,0.0,4.8,43.4,0,None,NOAA GFS 0.25° Operational GRIB2,00Z,f075,f099,IMD 24h Daily Gridded Observation,2023-07-19,area_weighted_lat_cosine_polygon_integral,24h (03:00 UTC to 03:00 UTC / 08:30 IST to 08:30 IST)
2023-07-15,2023-07-20,SUB_02,Arunachal Pradesh,East & Northeast,himalayan,0,28.21,94.72,5,7.1,14.0,-6.9,0.667,53.8,0.1,7.0,46.2,0,None,NOAA GFS 0.25° Operational GRIB2,00Z,f099,f123,IMD 24h Daily Gridded Observation,2023-07-20,area_weighted_lat_cosine_polygon_integral,24h (03:00 UTC to 03:00 UTC / 08:30 IST to 08:30 IST)
2023-07-15,2023-07-21,SUB_02,Arunachal Pradesh,East & Northeast,himalayan,0,28.21,94.72,6,8.7,14.0,-5.3,0.667,53.8,0.0,8.7,49.0,0,None,NOAA GFS 0.25° Operational GRIB2,00Z,f123,f147,IMD 24h Daily Gridded Observation,2023-07-21,area_weighted_lat_cosine_polygon_integral,24h (03:00 UTC to 03:00 UTC / 08:30 IST to 08:30 IST)
2023-07-15,2023-07-22,SUB_02,Arunachal Pradesh,East & Northeast,himalayan,0,28.21,94.72,7,7.4,14.0,-6.6,0.667,68.8,0.6,6.8,51.8,0,None,NOAA GFS 0.25° Operational GRIB2,00Z,f147,f171,IMD 24h Daily Gridded Observation,2023-07-22,area_weighted_lat_cosine_polygon_integral,24h (03:00 UTC to 03:00 UTC / 08:30 IST to 08:30 IST)
2023-07-15,2023-07-23,SUB_02,Arunachal Pradesh,East & Northeast,himalayan,0,28.21,94.72,8,7.1,14.0,-6.9,0.667,68.8,21.5,14.4,54.6,0,None,NOAA GFS 0.25° Operational GRIB2,00Z,f171,f195,IMD 24h Daily Gridded Observation,2023-07-23,area_weighted_lat_cosine_polygon_integral,24h (03:00 UTC to 03:00 UTC / 08:30 IST to 08:30 IST)
2023-07-15,2023-07-24,SUB_02,Arunachal Pradesh,East & Northeast,himalayan,0,28.21,94.72,9,6.5,14.0,-7.5,0.667,68.8,19.7,13.2,57.4,0,None,NOAA GFS 0.25° Operational GRIB2,00Z,f195,f219,IMD 24h Daily Gridded Observation,2023-07-24,area_weighted_lat_cosine_polygon_integral,24h (03:00 UTC to 03:00 UTC / 08:30 IST to 08:30 IST)
2023-07-15,2023-07-25,SUB_02,Arunachal Pradesh,East & Northeast,himalayan,0,28.21,94.72,10,6.6,14.0,-7.4,0.667,68.8,34.8,28.2,60.2,0,None,NOAA GFS 0.25° Operational GRIB2,00Z,f219,f243,IMD 24h Daily Gridded Observation,2023-07-25,area_weighted_lat_cosine_polygon_integral,24h (03:00 UTC to 03:00 UTC / 08:30 IST to 08:30 IST)
2023-07-15,2023-07-16,SUB_03,Assam & Meghalaya,East & Northeast,hills_valleys,0,26.2,92.93,1,19.9,14.0,5.9,0.667,53.8,20.4,0.5,35.0,0,None,NOAA GFS 0.25° Operational GRIB2,00Z,f003,f027,IMD 24h Daily Gridded Observation,2023-07-16,area_weighted_lat_cosine_polygon_integral,24h (03:00 UTC to 03:00 UTC / 08:30 IST to 08:30 IST)
2023-07-15,2023-07-17,SUB_03,Assam & Meghalaya,East & Northeast,hills_valleys,0,26.2,92.93,2,24.1,14.0,10.1,0.667,53.8,6.0,18.1,37.8,0,None,NOAA GFS 0.25° Operational GRIB2,00Z,f027,f051,IMD 24h Daily Gridded Observation,2023-07-17,area_weighted_lat_cosine_polygon_integral,24h (03:00 UTC to 03:00 UTC / 08:30 IST to 08:30 IST)
2023-07-15,2023-07-18,SUB_03,Assam & Meghalaya,East & Northeast,hills_valleys,0,26.2,92.93,3,3.8,14.0,-10.2,0.667,53.8,0.8,3.0,40.6,0,None,NOAA GFS 0.25° Operational GRIB2,00Z,f051,f075,IMD 24h Daily Gridded Observation,2023-07-18,area_weighted_lat_cosine_polygon_integral,24h (03:00 UTC to 03:00 UTC / 08:30 IST to 08:30 IST)
2023-07-15,2023-07-19,SUB_03,Assam & Meghalaya,East & Northeast,hills_valleys,0,26.2,92.93,4,3.1,14.0,-10.9,0.667,53.8,0.0,3.1,43.4,0,None,NOAA GFS 0.25° Operational GRIB2,00Z,f075,f099,IMD 24h Daily Gridded Observation,2023-07-19,area_weighted_lat_cosine_polygon_integral,24h (03:00 UTC to 03:00 UTC / 08:30 IST to 08:30 IST)
2023-07-15,2023-07-20,SUB_03,Assam & Meghalaya,East & Northeast,hills_valleys,0,26.2,92.93,5,6.6,14.0,-7.4,0.667,53.8,28.0,21.4,46.2,0,None,NOAA GFS 0.25° Operational GRIB2,00Z,f099,f123,IMD 24h Daily Gridded Observation,2023-07-20,area_weighted_lat_cosine_polygon_integral,24h (03:00 UTC to 03:00 UTC / 08:30 IST to 08:30 IST)
2023-07-15,2023-07-21,SUB_03,Assam & Meghalaya,East & Northeast,hills_valleys,0,26.2,92.93,6,8.6,14.0,-5.4,0.667,53.8,27.9,19.3,49.0,0,None,NOAA GFS 0.25° Operational GRIB2,00Z,f123,f147,IMD 24h Daily Gridded Observation,2023-07-21,area_weighted_lat_cosine_polygon_integral,24h (03:00 UTC to 03:00 UTC / 08:30 IST to 08:30 IST)
2023-07-15,2023-07-22,SUB_03,Assam & Meghalaya,East & Northeast,hills_valleys,0,26.2,92.93,7,9.2,14.0,-4.8,0.667,68.8,7.9,1.3,51.8,0,None,NOAA GFS 0.25° Operational GRIB2,00Z,f147,f171,IMD 24h Daily Gridded Observation,2023-07-22,area_weighted_lat_cosine_polygon_integral,24h (03:00 UTC to 03:00 UTC / 08:30 IST to 08:30 IST)
2023-07-15,2023-07-23,SUB_03,Assam & Meghalaya,East & Northeast,hills_valleys,0,26.2,92.93,8,7.5,14.0,-6.5,0.667,68.8,19.3,11.8,54.6,0,None,NOAA GFS 0.25° Operational GRIB2,00Z,f171,f195,IMD 24h Daily Gridded Observation,2023-07-23,area_weighted_lat_cosine_polygon_integral,24h (03:00 UTC to 03:00 UTC / 08:30 IST to 08:30 IST)
2023-07-15,2023-07-24,SUB_03,Assam & Meghalaya,East & Northeast,hills_valleys,0,26.2,92.93,9,4.7,14.0,-9.3,0.667,68.8,23.1,18.4,57.4,0,None,NOAA GFS 0.25° Operational GRIB2,00Z,f195,f219,IMD 24h Daily Gridded Observation,2023-07-24,area_weighted_lat_cosine_polygon_integral,24h (03:00 UTC to 03:00 UTC / 08:30 IST to 08:30 IST)
2023-07-15,2023-07-25,SUB_03,Assam & Meghalaya,East & Northeast,hills_valleys,0,26.2,92.93,10,5.9,14.0,-8.1,0.667,68.8,36.8,30.9,60.2,0,None,NOAA GFS 0.25° Operational GRIB2,00Z,f219,f243,IMD 24h Daily Gridded Observation,2023-07-25,area_weighted_lat_cosine_polygon_integral,24h (03:00 UTC to 03:00 UTC / 08:30 IST to 08:30 IST)
2023-07-15,2023-07-16,SUB_04,"Nagaland, Manipur, Mizoram & Tripura",East & Northeast,hills,0,24.81,93.93,1,13.9,14.0,-0.1,0.667,53.8,3.3,10.6,35.0,0,None,NOAA GFS 0.25° Operational GRIB2,00Z,f003,f027,IMD 24h Daily Gridded Observation,2023-07-16,area_weighted_lat_cosine_polygon_integral,24h (03:00 UTC to 03:00 UTC / 08:30 IST to 08:30 IST)
2023-07-15,2023-07-17,SUB_04,"Nagaland, Manipur, Mizoram & Tripura",East & Northeast,hills,0,24.81,93.93,2,14.8,14.0,0.8,0.667,53.8,9.9,4.9,37.8,0,None,NOAA GFS 0.25° Operational GRIB2,00Z,f027,f051,IMD 24h Daily Gridded Observation,2023-07-17,area_weighted_lat_cosine_polygon_integral,24h (03:00 UTC to 03:00 UTC / 08:30 IST to 08:30 IST)
2023-07-15,2023-07-18,SUB_04,"Nagaland, Manipur, Mizoram & Tripura",East & Northeast,hills,0,24.81,93.93,3,4.3,14.0,-9.7,0.667,53.8,2.3,2.0,40.6,0,None,NOAA GFS 0.25° Operational GRIB2,00Z,f051,f075,IMD 24h Daily Gridded Observation,2023-07-18,area_weighted_lat_cosine_polygon_integral,24h (03:00 UTC to 03:00 UTC / 08:30 IST to 08:30 IST)
2023-07-15,2023-07-19,SUB_04,"Nagaland, Manipur, Mizoram & Tripura",East & Northeast,hills,0,24.81,93.93,4,2.9,14.0,-11.1,0.667,53.8,0.0,2.9,43.4,0,None,NOAA GFS 0.25° Operational GRIB2,00Z,f075,f099,IMD 24h Daily Gridded Observation,2023-07-19,area_weighted_lat_cosine_polygon_integral,24h (03:00 UTC to 03:00 UTC / 08:30 IST to 08:30 IST)
2023-07-15,2023-07-20,SUB_04,"Nagaland, Manipur, Mizoram & Tripura",East & Northeast,hills,0,24.81,93.93,5,5.4,14.0,-8.6,0.667,53.8,1.0,4.4,46.2,0,None,NOAA GFS 0.25° Operational GRIB2,00Z,f099,f123,IMD 24h Daily Gridded Observation,2023-07-20,area_weighted_lat_cosine_polygon_integral,24h (03:00 UTC to 03:00 UTC / 08:30 IST to 08:30 IST)
2023-07-15,2023-07-21,SUB_04,"Nagaland, Manipur, Mizoram & Tripura",East & Northeast,hills,0,24.81,93.93,6,9.8,14.0,-4.2,0.667,53.8,12.3,2.5,49.0,0,None,NOAA GFS 0.25° Operational GRIB2,00Z,f123,f147,IMD 24h Daily Gridded Observation,2023-07-21,area_weighted_lat_cosine_polygon_integral,24h (03:00 UTC to 03:00 UTC / 08:30 IST to 08:30 IST)
2023-07-15,2023-07-22,SUB_04,"Nagaland, Manipur, Mizoram & Tripura",East & Northeast,hills,0,24.81,93.93,7,13.9,14.0,-0.1,0.667,68.8,6.2,7.7,51.8,0,None,NOAA GFS 0.25° Operational GRIB2,00Z,f147,f171,IMD 24h Daily Gridded Observation,2023-07-22,area_weighted_lat_cosine_polygon_integral,24h (03:00 UTC to 03:00 UTC / 08:30 IST to 08:30 IST)
2023-07-15,2023-07-23,SUB_04,"Nagaland, Manipur, Mizoram & Tripura",East & Northeast,hills,0,24.81,93.93,8,6.7,14.0,-7.3,0.667,68.8,7.2,0.5,54.6,0,None,NOAA GFS 0.25° Operational GRIB2,00Z,f171,f195,IMD 24h Daily Gridded Observation,2023-07-23,area_weighted_lat_cosine_polygon_integral,24h (03:00 UTC to 03:00 UTC / 08:30 IST to 08:30 IST)
2023-07-15,2023-07-24,SUB_04,"Nagaland, Manipur, Mizoram & Tripura",East & Northeast,hills,0,24.81,93.93,9,5.1,14.0,-8.9,0.667,68.8,4.2,0.9,57.4,0,None,NOAA GFS 0.25° Operational GRIB2,00Z,f195,f219,IMD 24h Daily Gridded Observation,2023-07-24,area_weighted_lat_cosine_polygon_integral,24h (03:00 UTC to 03:00 UTC / 08:30 IST to 08:30 IST)
2023-07-15,2023-07-25,SUB_04,"Nagaland, Manipur, Mizoram & Tripura",East & Northeast,hills,0,24.81,93.93,10,7.4,14.0,-6.6,0.667,68.8,6.0,1.4,60.2,0,None,NOAA GFS 0.25° Operational GRIB2,00Z,f219,f243,IMD 24h Daily Gridded Observation,2023-07-25,area_weighted_lat_cosine_polygon_integral,24h (03:00 UTC to 03:00 UTC / 08:30 IST to 08:30 IST)
2023-07-15,2023-07-16,SUB_05,Sub-Himalayan West Bengal & Sikkim,East & Northeast,himalayan,0,27.03,88.5,1,16.1,14.0,2.1,0.667,53.8,16.8,0.7,35.0,0,None,NOAA GFS 0.25° Operational GRIB2,00Z,f003,f027,IMD 24h Daily Gridded Observation,2023-07-16,area_weighted_lat_cosine_polygon_integral,24h (03:00 UTC to 03:00 UTC / 08:30 IST to 08:30 IST)
2023-07-15,2023-07-17,SUB_05,Sub-Himalayan West Bengal & Sikkim,East & Northeast,himalayan,0,27.03,88.5,2,24.1,14.0,10.1,0.667,53.8,32.0,7.9,37.8,0,None,NOAA GFS 0.25° Operational GRIB2,00Z,f027,f051,IMD 24h Daily Gridded Observation,2023-07-17,area_weighted_lat_cosine_polygon_integral,24h (03:00 UTC to 03:00 UTC / 08:30 IST to 08:30 IST)
2023-07-15,2023-07-18,SUB_05,Sub-Himalayan West Bengal & Sikkim,East & Northeast,himalayan,0,27.03,88.5,3,4.8,14.0,-9.2,0.667,53.8,13.3,8.5,40.6,0,None,NOAA GFS 0.25° Operational GRIB2,00Z,f051,f075,IMD 24h Daily Gridded Observation,2023-07-18,area_weighted_lat_cosine_polygon_integral,24h (03:00 UTC to 03:00 UTC / 08:30 IST to 08:30 IST)
2023-07-15,2023-07-19,SUB_05,Sub-Himalayan West Bengal & Sikkim,East & Northeast,himalayan,0,27.03,88.5,4,4.4,14.0,-9.6,0.667,53.8,0.7,3.7,43.4,0,None,NOAA GFS 0.25° Operational GRIB2,00Z,f075,f099,IMD 24h Daily Gridded Observation,2023-07-19,area_weighted_lat_cosine_polygon_integral,24h (03:00 UTC to 03:00 UTC / 08:30 IST to 08:30 IST)
2023-07-15,2023-07-20,SUB_05,Sub-Himalayan West Bengal & Sikkim,East & Northeast,himalayan,0,27.03,88.5,5,8.0,14.0,-6.0,0.667,53.8,0.7,7.3,46.2,0,None,NOAA GFS 0.25° Operational GRIB2,00Z,f099,f123,IMD 24h Daily Gridded Observation,2023-07-20,area_weighted_lat_cosine_polygon_integral,24h (03:00 UTC to 03:00 UTC / 08:30 IST to 08:30 IST)
2023-07-15,2023-07-21,SUB_05,Sub-Himalayan West Bengal & Sikkim,East & Northeast,himalayan,0,27.03,88.5,6,9.8,14.0,-4.2,0.667,53.8,10.9,1.1,49.0,0,None,NOAA GFS 0.25° Operational GRIB2,00Z,f123,f147,IMD 24h Daily Gridded Observation,2023-07-21,area_weighted_lat_cosine_polygon_integral,24h (03:00 UTC to 03:00 UTC / 08:30 IST to 08:30 IST)
2023-07-15,2023-07-22,SUB_05,Sub-Himalayan West Bengal & Sikkim,East & Northeast,himalayan,0,27.03,88.5,7,8.9,14.0,-5.1,0.667,68.8,4.6,4.3,51.8,0,None,NOAA GFS 0.25° Operational GRIB2,00Z,f147,f171,IMD 24h Daily Gridded Observation,2023-07-22,area_weighted_lat_cosine_polygon_integral,24h (03:00 UTC to 03:00 UTC / 08:30 IST to 08:30 IST)
2023-07-15,2023-07-23,SUB_05,Sub-Himalayan West Bengal & Sikkim,East & Northeast,himalayan,0,27.03,88.5,8,3.3,14.0,-10.7,0.667,68.8,12.7,9.4,54.6,0,None,NOAA GFS 0.25° Operational GRIB2,00Z,f171,f195,IMD 24h Daily Gridded Observation,2023-07-23,area_weighted_lat_cosine_polygon_integral,24h (03:00 UTC to 03:00 UTC / 08:30 IST to 08:30 IST)
2023-07-15,2023-07-24,SUB_05,Sub-Himalayan West Bengal & Sikkim,East & Northeast,himalayan,0,27.03,88.5,9,4.9,14.0,-9.1,0.667,68.8,7.0,2.1,57.4,0,None,NOAA GFS 0.25° Operational GRIB2,00Z,f195,f219,IMD 24h Daily Gridded Observation,2023-07-24,area_weighted_lat_cosine_polygon_integral,24h (03:00 UTC to 03:00 UTC / 08:30 IST to 08:30 IST)
2023-07-15,2023-07-25,SUB_05,Sub-Himalayan West Bengal & Sikkim,East & Northeast,himalayan,0,27.03,88.5,10,5.3,14.0,-8.7,0.667,68.8,15.7,10.4,60.2,0,None,NOAA GFS 0.25° Operational GRIB2,00Z,f219,f243,IMD 24h Daily Gridded Observation,2023-07-25,area_weighted_lat_cosine_polygon_integral,24h (03:00 UTC to 03:00 UTC / 08:30 IST to 08:30 IST)
2023-07-15,2023-07-16,SUB_06,Gangetic West Bengal,East & Northeast,plains,0,22.98,87.85,1,14.5,14.0,0.5,0.667,53.8,9.1,5.4,35.0,0,None,NOAA GFS 0.25° Operational GRIB2,00Z,f003,f027,IMD 24h Daily Gridded Observation,2023-07-16,area_weighted_lat_cosine_polygon_integral,24h (03:00 UTC to 03:00 UTC / 08:30 IST to 08:30 IST)
2023-07-15,2023-07-17,SUB_06,Gangetic West Bengal,East & Northeast,plains,0,22.98,87.85,2,7.2,14.0,-6.8,0.667,53.8,4.3,2.9,37.8,0,None,NOAA GFS 0.25° Operational GRIB2,00Z,f027,f051,IMD 24h Daily Gridded Observation,2023-07-17,area_weighted_lat_cosine_polygon_integral,24h (03:00 UTC to 03:00 UTC / 08:30 IST to 08:30 IST)
2023-07-15,2023-07-18,SUB_06,Gangetic West Bengal,East & Northeast,plains,0,22.98,87.85,3,5.1,14.0,-8.9,0.667,53.8,9.5,4.4,40.6,0,None,NOAA GFS 0.25° Operational GRIB2,00Z,f051,f075,IMD 24h Daily Gridded Observation,2023-07-18,area_weighted_lat_cosine_polygon_integral,24h (03:00 UTC to 03:00 UTC / 08:30 IST to 08:30 IST)
2023-07-15,2023-07-19,SUB_06,Gangetic West Bengal,East & Northeast,plains,0,22.98,87.85,4,3.9,14.0,-10.1,0.667,53.8,2.3,1.6,43.4,0,None,NOAA GFS 0.25° Operational GRIB2,00Z,f075,f099,IMD 24h Daily Gridded Observation,2023-07-19,area_weighted_lat_cosine_polygon_integral,24h (03:00 UTC to 03:00 UTC / 08:30 IST to 08:30 IST)
2023-07-15,2023-07-20,SUB_06,Gangetic West Bengal,East & Northeast,plains,0,22.98,87.85,5,2.9,14.0,-11.1,0.667,53.8,5.6,2.7,46.2,0,None,NOAA GFS 0.25° Operational GRIB2,00Z,f099,f123,IMD 24h Daily Gridded Observation,2023-07-20,area_weighted_lat_cosine_polygon_integral,24h (03:00 UTC to 03:00 UTC / 08:30 IST to 08:30 IST)
2023-07-15,2023-07-21,SUB_06,Gangetic West Bengal,East & Northeast,plains,0,22.98,87.85,6,0.6,14.0,-13.4,0.667,68.8,3.8,3.2,49.0,0,None,NOAA GFS 0.25° Operational GRIB2,00Z,f123,f147,IMD 24h Daily Gridded Observation,2023-07-21,area_weighted_lat_cosine_polygon_integral,24h (03:00 UTC to 03:00 UTC / 08:30 IST to 08:30 IST)
2023-07-15,2023-07-22,SUB_06,Gangetic West Bengal,East & Northeast,plains,0,22.98,87.85,7,4.6,14.0,-9.4,0.667,68.8,9.4,4.8,51.8,0,None,NOAA GFS 0.25° Operational GRIB2,00Z,f147,f171,IMD 24h Daily Gridded Observation,2023-07-22,area_weighted_lat_cosine_polygon_integral,24h (03:00 UTC to 03:00 UTC / 08:30 IST to 08:30 IST)
2023-07-15,2023-07-23,SUB_06,Gangetic West Bengal,East & Northeast,plains,0,22.98,87.85,8,3.7,14.0,-10.3,0.667,68.8,10.4,6.7,54.6,0,None,NOAA GFS 0.25° Operational GRIB2,00Z,f171,f195,IMD 24h Daily Gridded Observation,2023-07-23,area_weighted_lat_cosine_polygon_integral,24h (03:00 UTC to 03:00 UTC / 08:30 IST to 08:30 IST)
2023-07-15,2023-07-24,SUB_06,Gangetic West Bengal,East & Northeast,plains,0,22.98,87.85,9,0.6,14.0,-13.4,0.667,68.8,2.2,1.6,57.4,0,None,NOAA GFS 0.25° Operational GRIB2,00Z,f195,f219,IMD 24h Daily Gridded Observation,2023-07-24,area_weighted_lat_cosine_polygon_integral,24h (03:00 UTC to 03:00 UTC / 08:30 IST to 08:30 IST)
2023-07-15,2023-07-25,SUB_06,Gangetic West Bengal,East & Northeast,plains,0,22.98,87.85,10,2.0,14.0,-12.0,0.667,68.8,1.8,0.2,60.2,0,None,NOAA GFS 0.25° Operational GRIB2,00Z,f219,f243,IMD 24h Daily Gridded Observation,2023-07-25,area_weighted_lat_cosine_polygon_integral,24h (03:00 UTC to 03:00 UTC / 08:30 IST to 08:30 IST)
2023-07-15,2023-07-16,SUB_07,Odisha,East & Northeast,coastal_plateau,1,20.95,85.09,1,24.5,14.0,10.5,0.667,53.8,28.1,3.6,35.0,0,None,NOAA GFS 0.25° Operational GRIB2,00Z,f003,f027,IMD 24h Daily Gridded Observation,2023-07-16,area_weighted_lat_cosine_polygon_integral,24h (03:00 UTC to 03:00 UTC / 08:30 IST to 08:30 IST)
2023-07-15,2023-07-17,SUB_07,Odisha,East & Northeast,coastal_plateau,1,20.95,85.09,2,11.2,14.0,-2.8,0.667,53.8,29.2,18.0,37.8,0,None,NOAA GFS 0.25° Operational GRIB2,00Z,f027,f051,IMD 24h Daily Gridded Observation,2023-07-17,area_weighted_lat_cosine_polygon_integral,24h (03:00 UTC to 03:00 UTC / 08:30 IST to 08:30 IST)
2023-07-15,2023-07-18,SUB_07,Odisha,East & Northeast,coastal_plateau,1,20.95,85.09,3,8.8,14.0,-5.2,0.667,53.8,10.2,1.4,40.6,0,None,NOAA GFS 0.25° Operational GRIB2,00Z,f051,f075,IMD 24h Daily Gridded Observation,2023-07-18,area_weighted_lat_cosine_polygon_integral,24h (03:00 UTC to 03:00 UTC / 08:30 IST to 08:30 IST)
2023-07-15,2023-07-19,SUB_07,Odisha,East & Northeast,coastal_plateau,1,20.95,85.09,4,7.4,14.0,-6.6,0.667,53.8,19.0,11.6,43.4,0,None,NOAA GFS 0.25° Operational GRIB2,00Z,f075,f099,IMD 24h Daily Gridded Observation,2023-07-19,area_weighted_lat_cosine_polygon_integral,24h (03:00 UTC to 03:00 UTC / 08:30 IST to 08:30 IST)
2023-07-15,2023-07-20,SUB_07,Odisha,East & Northeast,coastal_plateau,1,20.95,85.09,5,18.5,14.0,4.5,0.667,53.8,10.1,8.4,46.2,0,None,NOAA GFS 0.25° Operational GRIB2,00Z,f099,f123,IMD 24h Daily Gridded Observation,2023-07-20,area_weighted_lat_cosine_polygon_integral,24h (03:00 UTC to 03:00 UTC / 08:30 IST to 08:30 IST)
2023-07-15,2023-07-21,SUB_07,Odisha,East & Northeast,coastal_plateau,1,20.95,85.09,6,18.9,14.0,4.9,0.667,53.8,25.3,6.4,49.0,0,None,NOAA GFS 0.25° Operational GRIB2,00Z,f123,f147,IMD 24h Daily Gridded Observation,2023-07-21,area_weighted_lat_cosine_polygon_integral,24h (03:00 UTC to 03:00 UTC / 08:30 IST to 08:30 IST)
2023-07-15,2023-07-22,SUB_07,Odisha,East & Northeast,coastal_plateau,1,20.95,85.09,7,11.3,14.0,-2.7,0.667,68.8,13.2,1.9,51.8,0,None,NOAA GFS 0.25° Operational GRIB2,00Z,f147,f171,IMD 24h Daily Gridded Observation,2023-07-22,area_weighted_lat_cosine_polygon_integral,24h (03:00 UTC to 03:00 UTC / 08:30 IST to 08:30 IST)
2023-07-15,2023-07-23,SUB_07,Odisha,East & Northeast,coastal_plateau,1,20.95,85.09,8,19.4,14.0,5.4,0.667,68.8,14.5,4.9,54.6,0,None,NOAA GFS 0.25° Operational GRIB2,00Z,f171,f195,IMD 24h Daily Gridded Observation,2023-07-23,area_weighted_lat_cosine_polygon_integral,24h (03:00 UTC to 03:00 UTC / 08:30 IST to 08:30 IST)
2023-07-15,2023-07-24,SUB_07,Odisha,East & Northeast,coastal_plateau,1,20.95,85.09,9,8.5,14.0,-5.5,0.667,68.8,3.2,5.3,57.4,0,None,NOAA GFS 0.25° Operational GRIB2,00Z,f195,f219,IMD 24h Daily Gridded Observation,2023-07-24,area_weighted_lat_cosine_polygon_integral,24h (03:00 UTC to 03:00 UTC / 08:30 IST to 08:30 IST)
2023-07-15,2023-07-25,SUB_07,Odisha,East & Northeast,coastal_plateau,1,20.95,85.09,10,9.3,14.0,-4.7,0.667,68.8,2.1,7.2,60.2,0,None,NOAA GFS 0.25° Operational GRIB2,00Z,f219,f243,IMD 24h Daily Gridded Observation,2023-07-25,area_weighted_lat_cosine_polygon_integral,24h (03:00 UTC to 03:00 UTC / 08:30 IST to 08:30 IST)
2023-07-15,2023-07-16,SUB_08,Jharkhand,East & Northeast,plateau,0,23.61,85.27,1,19.7,14.0,5.7,0.667,53.8,3.1,16.6,35.0,0,None,NOAA GFS 0.25° Operational GRIB2,00Z,f003,f027,IMD 24h Daily Gridded Observation,2023-07-16,area_weighted_lat_cosine_polygon_integral,24h (03:00 UTC to 03:00 UTC / 08:30 IST to 08:30 IST)
2023-07-15,2023-07-17,SUB_08,Jharkhand,East & Northeast,plateau,0,23.61,85.27,2,10.0,14.0,-4.0,0.667,53.8,5.2,4.8,37.8,0,None,NOAA GFS 0.25° Operational GRIB2,00Z,f027,f051,IMD 24h Daily Gridded Observation,2023-07-17,area_weighted_lat_cosine_polygon_integral,24h (03:00 UTC to 03:00 UTC / 08:30 IST to 08:30 IST)
2023-07-15,2023-07-18,SUB_08,Jharkhand,East & Northeast,plateau,0,23.61,85.27,3,7.8,14.0,-6.2,0.667,53.8,2.5,5.3,40.6,0,None,NOAA GFS 0.25° Operational GRIB2,00Z,f051,f075,IMD 24h Daily Gridded Observation,2023-07-18,area_weighted_lat_cosine_polygon_integral,24h (03:00 UTC to 03:00 UTC / 08:30 IST to 08:30 IST)
2023-07-15,2023-07-19,SUB_08,Jharkhand,East & Northeast,plateau,0,23.61,85.27,4,9.4,14.0,-4.6,0.667,53.8,2.9,6.5,43.4,0,None,NOAA GFS 0.25° Operational GRIB2,00Z,f075,f099,IMD 24h Daily Gridded Observation,2023-07-19,area_weighted_lat_cosine_polygon_integral,24h (03:00 UTC to 03:00 UTC / 08:30 IST to 08:30 IST)
2023-07-15,2023-07-20,SUB_08,Jharkhand,East & Northeast,plateau,0,23.61,85.27,5,4.9,14.0,-9.1,0.667,53.8,2.4,2.5,46.2,0,None,NOAA GFS 0.25° Operational GRIB2,00Z,f099,f123,IMD 24h Daily Gridded Observation,2023-07-20,area_weighted_lat_cosine_polygon_integral,24h (03:00 UTC to 03:00 UTC / 08:30 IST to 08:30 IST)
2023-07-15,2023-07-21,SUB_08,Jharkhand,East & Northeast,plateau,0,23.61,85.27,6,1.1,14.0,-12.9,0.667,68.8,3.7,2.6,49.0,0,None,NOAA GFS 0.25° Operational GRIB2,00Z,f123,f147,IMD 24h Daily Gridded Observation,2023-07-21,area_weighted_lat_cosine_polygon_integral,24h (03:00 UTC to 03:00 UTC / 08:30 IST to 08:30 IST)
2023-07-15,2023-07-22,SUB_08,Jharkhand,East & Northeast,plateau,0,23.61,85.27,7,1.9,14.0,-12.1,0.667,68.8,7.7,5.8,51.8,0,None,NOAA GFS 0.25° Operational GRIB2,00Z,f147,f171,IMD 24h Daily Gridded Observation,2023-07-22,area_weighted_lat_cosine_polygon_integral,24h (03:00 UTC to 03:00 UTC / 08:30 IST to 08:30 IST)
2023-07-15,2023-07-23,SUB_08,Jharkhand,East & Northeast,plateau,0,23.61,85.27,8,3.5,14.0,-10.5,0.667,68.8,3.7,0.2,54.6,0,None,NOAA GFS 0.25° Operational GRIB2,00Z,f171,f195,IMD 24h Daily Gridded Observation,2023-07-23,area_weighted_lat_cosine_polygon_integral,24h (03:00 UTC to 03:00 UTC / 08:30 IST to 08:30 IST)
2023-07-15,2023-07-24,SUB_08,Jharkhand,East & Northeast,plateau,0,23.61,85.27,9,2.0,14.0,-12.0,0.667,68.8,1.3,0.7,57.4,0,None,NOAA GFS 0.25° Operational GRIB2,00Z,f195,f219,IMD 24h Daily Gridded Observation,2023-07-24,area_weighted_lat_cosine_polygon_integral,24h (03:00 UTC to 03:00 UTC / 08:30 IST to 08:30 IST)
2023-07-15,2023-07-25,SUB_08,Jharkhand,East & Northeast,plateau,0,23.61,85.27,10,0.8,14.0,-13.2,0.667,68.8,0.3,0.5,60.2,0,None,NOAA GFS 0.25° Operational GRIB2,00Z,f219,f243,IMD 24h Daily Gridded Observation,2023-07-25,area_weighted_lat_cosine_polygon_integral,24h (03:00 UTC to 03:00 UTC / 08:30 IST to 08:30 IST)
2023-07-15,2023-07-16,SUB_09,Bihar,East & Northeast,plains,0,25.09,85.31,1,10.5,14.0,-3.5,0.667,53.8,21.3,10.8,35.0,0,None,NOAA GFS 0.25° Operational GRIB2,00Z,f003,f027,IMD 24h Daily Gridded Observation,2023-07-16,area_weighted_lat_cosine_polygon_integral,24h (03:00 UTC to 03:00 UTC / 08:30 IST to 08:30 IST)
2023-07-15,2023-07-17,SUB_09,Bihar,East & Northeast,plains,0,25.09,85.31,2,5.0,14.0,-9.0,0.667,53.8,1.7,3.3,37.8,0,None,NOAA GFS 0.25° Operational GRIB2,00Z,f027,f051,IMD 24h Daily Gridded Observation,2023-07-17,area_weighted_lat_cosine_polygon_integral,24h (03:00 UTC to 03:00 UTC / 08:30 IST to 08:30 IST)
2023-07-15,2023-07-18,SUB_09,Bihar,East & Northeast,plains,0,25.09,85.31,3,3.4,14.0,-10.6,0.667,53.8,0.9,2.5,40.6,0,None,NOAA GFS 0.25° Operational GRIB2,00Z,f051,f075,IMD 24h Daily Gridded Observation,2023-07-18,area_weighted_lat_cosine_polygon_integral,24h (03:00 UTC to 03:00 UTC / 08:30 IST to 08:30 IST)
2023-07-15,2023-07-19,SUB_09,Bihar,East & Northeast,plains,0,25.09,85.31,4,0.6,14.0,-13.4,0.667,53.8,0.8,0.2,43.4,0,None,NOAA GFS 0.25° Operational GRIB2,00Z,f075,f099,IMD 24h Daily Gridded Observation,2023-07-19,area_weighted_lat_cosine_polygon_integral,24h (03:00 UTC to 03:00 UTC / 08:30 IST to 08:30 IST)
2023-07-15,2023-07-20,SUB_09,Bihar,East & Northeast,plains,0,25.09,85.31,5,1.2,14.0,-12.8,0.667,53.8,0.5,0.7,46.2,0,None,NOAA GFS 0.25° Operational GRIB2,00Z,f099,f123,IMD 24h Daily Gridded Observation,2023-07-20,area_weighted_lat_cosine_polygon_integral,24h (03:00 UTC to 03:00 UTC / 08:30 IST to 08:30 IST)
2023-07-15,2023-07-21,SUB_09,Bihar,East & Northeast,plains,0,25.09,85.31,6,3.6,14.0,-10.4,0.667,68.8,0.0,3.6,49.0,0,None,NOAA GFS 0.25° Operational GRIB2,00Z,f123,f147,IMD 24h Daily Gridded Observation,2023-07-21,area_weighted_lat_cosine_polygon_integral,24h (03:00 UTC to 03:00 UTC / 08:30 IST to 08:30 IST)
2023-07-15,2023-07-22,SUB_09,Bihar,East & Northeast,plains,0,25.09,85.31,7,2.2,14.0,-11.8,0.667,68.8,1.4,0.8,51.8,0,None,NOAA GFS 0.25° Operational GRIB2,00Z,f147,f171,IMD 24h Daily Gridded Observation,2023-07-22,area_weighted_lat_cosine_polygon_integral,24h (03:00 UTC to 03:00 UTC / 08:30 IST to 08:30 IST)
2023-07-15,2023-07-23,SUB_09,Bihar,East & Northeast,plains,0,25.09,85.31,8,2.5,14.0,-11.5,0.667,68.8,1.3,1.2,54.6,0,None,NOAA GFS 0.25° Operational GRIB2,00Z,f171,f195,IMD 24h Daily Gridded Observation,2023-07-23,area_weighted_lat_cosine_polygon_integral,24h (03:00 UTC to 03:00 UTC / 08:30 IST to 08:30 IST)
2023-07-15,2023-07-24,SUB_09,Bihar,East & Northeast,plains,0,25.09,85.31,9,1.2,14.0,-12.8,0.667,68.8,0.1,1.1,57.4,0,None,NOAA GFS 0.25° Operational GRIB2,00Z,f195,f219,IMD 24h Daily Gridded Observation,2023-07-24,area_weighted_lat_cosine_polygon_integral,24h (03:00 UTC to 03:00 UTC / 08:30 IST to 08:30 IST)
2023-07-15,2023-07-25,SUB_09,Bihar,East & Northeast,plains,0,25.09,85.31,10,1.9,14.0,-12.1,0.667,68.8,0.0,1.9,60.2,0,None,NOAA GFS 0.25° Operational GRIB2,00Z,f219,f243,IMD 24h Daily Gridded Observation,2023-07-25,area_weighted_lat_cosine_polygon_integral,24h (03:00 UTC to 03:00 UTC / 08:30 IST to 08:30 IST)
2023-07-15,2023-07-16,SUB_10,East Uttar Pradesh,Northwest,plains,0,26.5,82.5,1,10.2,10.0,0.2,0.667,53.8,11.7,1.5,35.0,0,None,NOAA GFS 0.25° Operational GRIB2,00Z,f003,f027,IMD 24h Daily Gridded Observation,2023-07-16,area_weighted_lat_cosine_polygon_integral,24h (03:00 UTC to 03:00 UTC / 08:30 IST to 08:30 IST)
2023-07-15,2023-07-17,SUB_10,East Uttar Pradesh,Northwest,plains,0,26.5,82.5,2,7.5,10.0,-2.5,0.667,53.8,0.5,7.0,37.8,0,None,NOAA GFS 0.25° Operational GRIB2,00Z,f027,f051,IMD 24h Daily Gridded Observation,2023-07-17,area_weighted_lat_cosine_polygon_integral,24h (03:00 UTC to 03:00 UTC / 08:30 IST to 08:30 IST)
2023-07-15,2023-07-18,SUB_10,East Uttar Pradesh,Northwest,plains,0,26.5,82.5,3,7.5,10.0,-2.5,0.667,53.8,0.9,6.6,40.6,0,None,NOAA GFS 0.25° Operational GRIB2,00Z,f051,f075,IMD 24h Daily Gridded Observation,2023-07-18,area_weighted_lat_cosine_polygon_integral,24h (03:00 UTC to 03:00 UTC / 08:30 IST to 08:30 IST)
2023-07-15,2023-07-19,SUB_10,East Uttar Pradesh,Northwest,plains,0,26.5,82.5,4,5.9,10.0,-4.1,0.667,53.8,5.0,0.9,43.4,0,None,NOAA GFS 0.25° Operational GRIB2,00Z,f075,f099,IMD 24h Daily Gridded Observation,2023-07-19,area_weighted_lat_cosine_polygon_integral,24h (03:00 UTC to 03:00 UTC / 08:30 IST to 08:30 IST)
2023-07-15,2023-07-20,SUB_10,East Uttar Pradesh,Northwest,plains,0,26.5,82.5,5,4.5,10.0,-5.5,0.667,53.8,2.2,2.3,46.2,0,None,NOAA GFS 0.25° Operational GRIB2,00Z,f099,f123,IMD 24h Daily Gridded Observation,2023-07-20,area_weighted_lat_cosine_polygon_integral,24h (03:00 UTC to 03:00 UTC / 08:30 IST to 08:30 IST)
2023-07-15,2023-07-21,SUB_10,East Uttar Pradesh,Northwest,plains,0,26.5,82.5,6,5.0,10.0,-5.0,0.667,53.8,0.1,4.9,49.0,0,None,NOAA GFS 0.25° Operational GRIB2,00Z,f123,f147,IMD 24h Daily Gridded Observation,2023-07-21,area_weighted_lat_cosine_polygon_integral,24h (03:00 UTC to 03:00 UTC / 08:30 IST to 08:30 IST)
2023-07-15,2023-07-22,SUB_10,East Uttar Pradesh,Northwest,plains,0,26.5,82.5,7,2.8,10.0,-7.2,0.667,68.8,0.1,2.7,51.8,0,None,NOAA GFS 0.25° Operational GRIB2,00Z,f147,f171,IMD 24h Daily Gridded Observation,2023-07-22,area_weighted_lat_cosine_polygon_integral,24h (03:00 UTC to 03:00 UTC / 08:30 IST to 08:30 IST)
2023-07-15,2023-07-23,SUB_10,East Uttar Pradesh,Northwest,plains,0,26.5,82.5,8,5.0,10.0,-5.0,0.667,68.8,0.0,5.0,54.6,0,None,NOAA GFS 0.25° Operational GRIB2,00Z,f171,f195,IMD 24h Daily Gridded Observation,2023-07-23,area_weighted_lat_cosine_polygon_integral,24h (03:00 UTC to 03:00 UTC / 08:30 IST to 08:30 IST)
2023-07-15,2023-07-24,SUB_10,East Uttar Pradesh,Northwest,plains,0,26.5,82.5,9,2.0,10.0,-8.0,0.667,68.8,0.2,1.8,57.4,0,None,NOAA GFS 0.25° Operational GRIB2,00Z,f195,f219,IMD 24h Daily Gridded Observation,2023-07-24,area_weighted_lat_cosine_polygon_integral,24h (03:00 UTC to 03:00 UTC / 08:30 IST to 08:30 IST)
2023-07-15,2023-07-25,SUB_10,East Uttar Pradesh,Northwest,plains,0,26.5,82.5,10,2.7,10.0,-7.3,0.667,68.8,6.1,3.4,60.2,0,None,NOAA GFS 0.25° Operational GRIB2,00Z,f219,f243,IMD 24h Daily Gridded Observation,2023-07-25,area_weighted_lat_cosine_polygon_integral,24h (03:00 UTC to 03:00 UTC / 08:30 IST to 08:30 IST)
2023-07-15,2023-07-16,SUB_11,West Uttar Pradesh,Northwest,plains,0,27.8,78.5,1,8.1,10.0,-1.9,0.667,53.8,24.8,16.7,35.0,0,None,NOAA GFS 0.25° Operational GRIB2,00Z,f003,f027,IMD 24h Daily Gridded Observation,2023-07-16,area_weighted_lat_cosine_polygon_integral,24h (03:00 UTC to 03:00 UTC / 08:30 IST to 08:30 IST)
2023-07-15,2023-07-17,SUB_11,West Uttar Pradesh,Northwest,plains,0,27.8,78.5,2,13.9,10.0,3.9,0.667,53.8,11.0,2.9,37.8,0,None,NOAA GFS 0.25° Operational GRIB2,00Z,f027,f051,IMD 24h Daily Gridded Observation,2023-07-17,area_weighted_lat_cosine_polygon_integral,24h (03:00 UTC to 03:00 UTC / 08:30 IST to 08:30 IST)
2023-07-15,2023-07-18,SUB_11,West Uttar Pradesh,Northwest,plains,0,27.8,78.5,3,27.2,10.0,17.2,0.667,53.8,1.2,26.0,40.6,1,Category Failure (>=2 Cats),NOAA GFS 0.25° Operational GRIB2,00Z,f051,f075,IMD 24h Daily Gridded Observation,2023-07-18,area_weighted_lat_cosine_polygon_integral,24h (03:00 UTC to 03:00 UTC / 08:30 IST to 08:30 IST)
2023-07-15,2023-07-19,SUB_11,West Uttar Pradesh,Northwest,plains,0,27.8,78.5,4,25.7,10.0,15.7,0.667,53.8,1.1,24.6,43.4,1,Category Failure (>=2 Cats),NOAA GFS 0.25° Operational GRIB2,00Z,f075,f099,IMD 24h Daily Gridded Observation,2023-07-19,area_weighted_lat_cosine_polygon_integral,24h (03:00 UTC to 03:00 UTC / 08:30 IST to 08:30 IST)
2023-07-15,2023-07-20,SUB_11,West Uttar Pradesh,Northwest,plains,0,27.8,78.5,5,10.1,10.0,0.1,0.667,53.8,6.3,3.8,46.2,0,None,NOAA GFS 0.25° Operational GRIB2,00Z,f099,f123,IMD 24h Daily Gridded Observation,2023-07-20,area_weighted_lat_cosine_polygon_integral,24h (03:00 UTC to 03:00 UTC / 08:30 IST to 08:30 IST)
2023-07-15,2023-07-21,SUB_11,West Uttar Pradesh,Northwest,plains,0,27.8,78.5,6,3.9,10.0,-6.1,0.667,68.8,0.0,3.9,49.0,0,None,NOAA GFS 0.25° Operational GRIB2,00Z,f123,f147,IMD 24h Daily Gridded Observation,2023-07-21,area_weighted_lat_cosine_polygon_integral,24h (03:00 UTC to 03:00 UTC / 08:30 IST to 08:30 IST)
2023-07-15,2023-07-22,SUB_11,West Uttar Pradesh,Northwest,plains,0,27.8,78.5,7,4.1,10.0,-5.9,0.667,68.8,0.1,4.0,51.8,0,None,NOAA GFS 0.25° Operational GRIB2,00Z,f147,f171,IMD 24h Daily Gridded Observation,2023-07-22,area_weighted_lat_cosine_polygon_integral,24h (03:00 UTC to 03:00 UTC / 08:30 IST to 08:30 IST)
2023-07-15,2023-07-23,SUB_11,West Uttar Pradesh,Northwest,plains,0,27.8,78.5,8,10.2,10.0,0.2,0.667,68.8,0.4,9.8,54.6,0,None,NOAA GFS 0.25° Operational GRIB2,00Z,f171,f195,IMD 24h Daily Gridded Observation,2023-07-23,area_weighted_lat_cosine_polygon_integral,24h (03:00 UTC to 03:00 UTC / 08:30 IST to 08:30 IST)
2023-07-15,2023-07-24,SUB_11,West Uttar Pradesh,Northwest,plains,0,27.8,78.5,9,9.3,10.0,-0.7,0.667,68.8,0.4,8.9,57.4,0,None,NOAA GFS 0.25° Operational GRIB2,00Z,f195,f219,IMD 24h Daily Gridded Observation,2023-07-24,area_weighted_lat_cosine_polygon_integral,24h (03:00 UTC to 03:00 UTC / 08:30 IST to 08:30 IST)
2023-07-15,2023-07-25,SUB_11,West Uttar Pradesh,Northwest,plains,0,27.8,78.5,10,5.0,10.0,-5.0,0.667,68.8,16.5,11.5,60.2,0,None,NOAA GFS 0.25° Operational GRIB2,00Z,f219,f243,IMD 24h Daily Gridded Observation,2023-07-25,area_weighted_lat_cosine_polygon_integral,24h (03:00 UTC to 03:00 UTC / 08:30 IST to 08:30 IST)
2023-07-15,2023-07-16,SUB_12,Uttarakhand,Northwest,himalayan,0,30.06,79.01,1,8.7,10.0,-1.3,0.667,53.8,32.3,23.6,35.0,0,None,NOAA GFS 0.25° Operational GRIB2,00Z,f003,f027,IMD 24h Daily Gridded Observation,2023-07-16,area_weighted_lat_cosine_polygon_integral,24h (03:00 UTC to 03:00 UTC / 08:30 IST to 08:30 IST)
2023-07-15,2023-07-17,SUB_12,Uttarakhand,Northwest,himalayan,0,30.06,79.01,2,16.7,10.0,6.7,0.667,53.8,7.0,9.7,37.8,0,None,NOAA GFS 0.25° Operational GRIB2,00Z,f027,f051,IMD 24h Daily Gridded Observation,2023-07-17,area_weighted_lat_cosine_polygon_integral,24h (03:00 UTC to 03:00 UTC / 08:30 IST to 08:30 IST)
2023-07-15,2023-07-18,SUB_12,Uttarakhand,Northwest,himalayan,0,30.06,79.01,3,25.3,10.0,15.3,0.667,53.8,4.9,20.4,40.6,0,None,NOAA GFS 0.25° Operational GRIB2,00Z,f051,f075,IMD 24h Daily Gridded Observation,2023-07-18,area_weighted_lat_cosine_polygon_integral,24h (03:00 UTC to 03:00 UTC / 08:30 IST to 08:30 IST)
2023-07-15,2023-07-19,SUB_12,Uttarakhand,Northwest,himalayan,0,30.06,79.01,4,16.8,10.0,6.8,0.667,53.8,29.8,13.0,43.4,0,None,NOAA GFS 0.25° Operational GRIB2,00Z,f075,f099,IMD 24h Daily Gridded Observation,2023-07-19,area_weighted_lat_cosine_polygon_integral,24h (03:00 UTC to 03:00 UTC / 08:30 IST to 08:30 IST)
2023-07-15,2023-07-20,SUB_12,Uttarakhand,Northwest,himalayan,0,30.06,79.01,5,10.5,10.0,0.5,0.667,53.8,12.6,2.1,46.2,0,None,NOAA GFS 0.25° Operational GRIB2,00Z,f099,f123,IMD 24h Daily Gridded Observation,2023-07-20,area_weighted_lat_cosine_polygon_integral,24h (03:00 UTC to 03:00 UTC / 08:30 IST to 08:30 IST)
2023-07-15,2023-07-21,SUB_12,Uttarakhand,Northwest,himalayan,0,30.06,79.01,6,6.2,10.0,-3.8,0.667,53.8,1.5,4.7,49.0,0,None,NOAA GFS 0.25° Operational GRIB2,00Z,f123,f147,IMD 24h Daily Gridded Observation,2023-07-21,area_weighted_lat_cosine_polygon_integral,24h (03:00 UTC to 03:00 UTC / 08:30 IST to 08:30 IST)
2023-07-15,2023-07-22,SUB_12,Uttarakhand,Northwest,himalayan,0,30.06,79.01,7,6.4,10.0,-3.6,0.667,68.8,16.7,10.3,51.8,0,None,NOAA GFS 0.25° Operational GRIB2,00Z,f147,f171,IMD 24h Daily Gridded Observation,2023-07-22,area_weighted_lat_cosine_polygon_integral,24h (03:00 UTC to 03:00 UTC / 08:30 IST to 08:30 IST)
2023-07-15,2023-07-23,SUB_12,Uttarakhand,Northwest,himalayan,0,30.06,79.01,8,12.4,10.0,2.4,0.667,68.8,19.2,6.8,54.6,0,None,NOAA GFS 0.25° Operational GRIB2,00Z,f171,f195,IMD 24h Daily Gridded Observation,2023-07-23,area_weighted_lat_cosine_polygon_integral,24h (03:00 UTC to 03:00 UTC / 08:30 IST to 08:30 IST)
2023-07-15,2023-07-24,SUB_12,Uttarakhand,Northwest,himalayan,0,30.06,79.01,9,5.7,10.0,-4.3,0.667,68.8,13.6,7.9,57.4,0,None,NOAA GFS 0.25° Operational GRIB2,00Z,f195,f219,IMD 24h Daily Gridded Observation,2023-07-24,area_weighted_lat_cosine_polygon_integral,24h (03:00 UTC to 03:00 UTC / 08:30 IST to 08:30 IST)
2023-07-15,2023-07-25,SUB_12,Uttarakhand,Northwest,himalayan,0,30.06,79.01,10,5.6,10.0,-4.4,0.667,68.8,11.3,5.7,60.2,0,None,NOAA GFS 0.25° Operational GRIB2,00Z,f219,f243,IMD 24h Daily Gridded Observation,2023-07-25,area_weighted_lat_cosine_polygon_integral,24h (03:00 UTC to 03:00 UTC / 08:30 IST to 08:30 IST)
2023-07-15,2023-07-16,SUB_13,"Haryana, Chandigarh & Delhi",Northwest,plains,0,29.05,76.08,1,1.9,10.0,-8.1,0.667,53.8,3.6,1.7,35.0,0,None,NOAA GFS 0.25° Operational GRIB2,00Z,f003,f027,IMD 24h Daily Gridded Observation,2023-07-16,area_weighted_lat_cosine_polygon_integral,24h (03:00 UTC to 03:00 UTC / 08:30 IST to 08:30 IST)
2023-07-15,2023-07-17,SUB_13,"Haryana, Chandigarh & Delhi",Northwest,plains,0,29.05,76.08,2,4.2,10.0,-5.8,0.667,53.8,4.7,0.5,37.8,0,None,NOAA GFS 0.25° Operational GRIB2,00Z,f027,f051,IMD 24h Daily Gridded Observation,2023-07-17,area_weighted_lat_cosine_polygon_integral,24h (03:00 UTC to 03:00 UTC / 08:30 IST to 08:30 IST)
2023-07-15,2023-07-18,SUB_13,"Haryana, Chandigarh & Delhi",Northwest,plains,0,29.05,76.08,3,8.8,10.0,-1.2,0.667,53.8,9.3,0.5,40.6,0,None,NOAA GFS 0.25° Operational GRIB2,00Z,f051,f075,IMD 24h Daily Gridded Observation,2023-07-18,area_weighted_lat_cosine_polygon_integral,24h (03:00 UTC to 03:00 UTC / 08:30 IST to 08:30 IST)
2023-07-15,2023-07-19,SUB_13,"Haryana, Chandigarh & Delhi",Northwest,plains,0,29.05,76.08,4,8.1,10.0,-1.9,0.667,53.8,20.9,12.8,43.4,0,None,NOAA GFS 0.25° Operational GRIB2,00Z,f075,f099,IMD 24h Daily Gridded Observation,2023-07-19,area_weighted_lat_cosine_polygon_integral,24h (03:00 UTC to 03:00 UTC / 08:30 IST to 08:30 IST)
2023-07-15,2023-07-20,SUB_13,"Haryana, Chandigarh & Delhi",Northwest,plains,0,29.05,76.08,5,6.6,10.0,-3.4,0.667,53.8,1.4,5.2,46.2,0,None,NOAA GFS 0.25° Operational GRIB2,00Z,f099,f123,IMD 24h Daily Gridded Observation,2023-07-20,area_weighted_lat_cosine_polygon_integral,24h (03:00 UTC to 03:00 UTC / 08:30 IST to 08:30 IST)
2023-07-15,2023-07-21,SUB_13,"Haryana, Chandigarh & Delhi",Northwest,plains,0,29.05,76.08,6,3.2,10.0,-6.8,0.667,68.8,0.5,2.7,49.0,0,None,NOAA GFS 0.25° Operational GRIB2,00Z,f123,f147,IMD 24h Daily Gridded Observation,2023-07-21,area_weighted_lat_cosine_polygon_integral,24h (03:00 UTC to 03:00 UTC / 08:30 IST to 08:30 IST)
2023-07-15,2023-07-22,SUB_13,"Haryana, Chandigarh & Delhi",Northwest,plains,0,29.05,76.08,7,13.2,10.0,3.2,0.667,68.8,0.5,12.7,51.8,0,None,NOAA GFS 0.25° Operational GRIB2,00Z,f147,f171,IMD 24h Daily Gridded Observation,2023-07-22,area_weighted_lat_cosine_polygon_integral,24h (03:00 UTC to 03:00 UTC / 08:30 IST to 08:30 IST)
2023-07-15,2023-07-23,SUB_13,"Haryana, Chandigarh & Delhi",Northwest,plains,0,29.05,76.08,8,23.1,10.0,13.1,0.667,68.8,0.9,22.2,54.6,1,Category Failure (>=2 Cats),NOAA GFS 0.25° Operational GRIB2,00Z,f171,f195,IMD 24h Daily Gridded Observation,2023-07-23,area_weighted_lat_cosine_polygon_integral,24h (03:00 UTC to 03:00 UTC / 08:30 IST to 08:30 IST)
2023-07-15,2023-07-24,SUB_13,"Haryana, Chandigarh & Delhi",Northwest,plains,0,29.05,76.08,9,2.2,10.0,-7.8,0.667,68.8,0.0,2.2,57.4,0,None,NOAA GFS 0.25° Operational GRIB2,00Z,f195,f219,IMD 24h Daily Gridded Observation,2023-07-24,area_weighted_lat_cosine_polygon_integral,24h (03:00 UTC to 03:00 UTC / 08:30 IST to 08:30 IST)
2023-07-15,2023-07-25,SUB_13,"Haryana, Chandigarh & Delhi",Northwest,plains,0,29.05,76.08,10,2.1,10.0,-7.9,0.667,68.8,4.2,2.1,60.2,0,None,NOAA GFS 0.25° Operational GRIB2,00Z,f219,f243,IMD 24h Daily Gridded Observation,2023-07-25,area_weighted_lat_cosine_polygon_integral,24h (03:00 UTC to 03:00 UTC / 08:30 IST to 08:30 IST)
2023-07-15,2023-07-16,SUB_14,Punjab,Northwest,plains,0,31.14,75.34,1,2.3,10.0,-7.7,0.667,53.8,9.4,7.1,35.0,0,None,NOAA GFS 0.25° Operational GRIB2,00Z,f003,f027,IMD 24h Daily Gridded Observation,2023-07-16,area_weighted_lat_cosine_polygon_integral,24h (03:00 UTC to 03:00 UTC / 08:30 IST to 08:30 IST)
2023-07-15,2023-07-17,SUB_14,Punjab,Northwest,plains,0,31.14,75.34,2,4.7,10.0,-5.3,0.667,53.8,10.9,6.2,37.8,0,None,NOAA GFS 0.25° Operational GRIB2,00Z,f027,f051,IMD 24h Daily Gridded Observation,2023-07-17,area_weighted_lat_cosine_polygon_integral,24h (03:00 UTC to 03:00 UTC / 08:30 IST to 08:30 IST)
2023-07-15,2023-07-18,SUB_14,Punjab,Northwest,plains,0,31.14,75.34,3,8.5,10.0,-1.5,0.667,53.8,0.6,7.9,40.6,0,None,NOAA GFS 0.25° Operational GRIB2,00Z,f051,f075,IMD 24h Daily Gridded Observation,2023-07-18,area_weighted_lat_cosine_polygon_integral,24h (03:00 UTC to 03:00 UTC / 08:30 IST to 08:30 IST)
2023-07-15,2023-07-19,SUB_14,Punjab,Northwest,plains,0,31.14,75.34,4,11.3,10.0,1.3,0.667,53.8,5.9,5.4,43.4,0,None,NOAA GFS 0.25° Operational GRIB2,00Z,f075,f099,IMD 24h Daily Gridded Observation,2023-07-19,area_weighted_lat_cosine_polygon_integral,24h (03:00 UTC to 03:00 UTC / 08:30 IST to 08:30 IST)
2023-07-15,2023-07-20,SUB_14,Punjab,Northwest,plains,0,31.14,75.34,5,6.5,10.0,-3.5,0.667,53.8,0.8,5.7,46.2,0,None,NOAA GFS 0.25° Operational GRIB2,00Z,f099,f123,IMD 24h Daily Gridded Observation,2023-07-20,area_weighted_lat_cosine_polygon_integral,24h (03:00 UTC to 03:00 UTC / 08:30 IST to 08:30 IST)
2023-07-15,2023-07-21,SUB_14,Punjab,Northwest,plains,0,31.14,75.34,6,11.6,10.0,1.6,0.667,53.8,1.7,9.9,49.0,0,None,NOAA GFS 0.25° Operational GRIB2,00Z,f123,f147,IMD 24h Daily Gridded Observation,2023-07-21,area_weighted_lat_cosine_polygon_integral,24h (03:00 UTC to 03:00 UTC / 08:30 IST to 08:30 IST)
2023-07-15,2023-07-22,SUB_14,Punjab,Northwest,plains,0,31.14,75.34,7,20.0,10.0,10.0,0.667,68.8,33.1,13.1,51.8,0,None,NOAA GFS 0.25° Operational GRIB2,00Z,f147,f171,IMD 24h Daily Gridded Observation,2023-07-22,area_weighted_lat_cosine_polygon_integral,24h (03:00 UTC to 03:00 UTC / 08:30 IST to 08:30 IST)
2023-07-15,2023-07-23,SUB_14,Punjab,Northwest,plains,0,31.14,75.34,8,11.9,10.0,1.9,0.667,68.8,1.4,10.5,54.6,0,None,NOAA GFS 0.25° Operational GRIB2,00Z,f171,f195,IMD 24h Daily Gridded Observation,2023-07-23,area_weighted_lat_cosine_polygon_integral,24h (03:00 UTC to 03:00 UTC / 08:30 IST to 08:30 IST)
2023-07-15,2023-07-24,SUB_14,Punjab,Northwest,plains,0,31.14,75.34,9,1.7,10.0,-8.3,0.667,68.8,3.6,1.9,57.4,0,None,NOAA GFS 0.25° Operational GRIB2,00Z,f195,f219,IMD 24h Daily Gridded Observation,2023-07-24,area_weighted_lat_cosine_polygon_integral,24h (03:00 UTC to 03:00 UTC / 08:30 IST to 08:30 IST)
2023-07-15,2023-07-25,SUB_14,Punjab,Northwest,plains,0,31.14,75.34,10,1.1,10.0,-8.9,0.667,68.8,6.2,5.1,60.2,0,None,NOAA GFS 0.25° Operational GRIB2,00Z,f219,f243,IMD 24h Daily Gridded Observation,2023-07-25,area_weighted_lat_cosine_polygon_integral,24h (03:00 UTC to 03:00 UTC / 08:30 IST to 08:30 IST)
2023-07-15,2023-07-16,SUB_15,Himachal Pradesh,Northwest,himalayan,0,31.9,77.2,1,6.3,10.0,-3.7,0.667,53.8,9.4,3.1,35.0,0,None,NOAA GFS 0.25° Operational GRIB2,00Z,f003,f027,IMD 24h Daily Gridded Observation,2023-07-16,area_weighted_lat_cosine_polygon_integral,24h (03:00 UTC to 03:00 UTC / 08:30 IST to 08:30 IST)
2023-07-15,2023-07-17,SUB_15,Himachal Pradesh,Northwest,himalayan,0,31.9,77.2,2,10.9,10.0,0.9,0.667,53.8,13.1,2.2,37.8,0,None,NOAA GFS 0.25° Operational GRIB2,00Z,f027,f051,IMD 24h Daily Gridded Observation,2023-07-17,area_weighted_lat_cosine_polygon_integral,24h (03:00 UTC to 03:00 UTC / 08:30 IST to 08:30 IST)
2023-07-15,2023-07-18,SUB_15,Himachal Pradesh,Northwest,himalayan,0,31.9,77.2,3,13.5,10.0,3.5,0.667,53.8,8.1,5.4,40.6,0,None,NOAA GFS 0.25° Operational GRIB2,00Z,f051,f075,IMD 24h Daily Gridded Observation,2023-07-18,area_weighted_lat_cosine_polygon_integral,24h (03:00 UTC to 03:00 UTC / 08:30 IST to 08:30 IST)
2023-07-15,2023-07-19,SUB_15,Himachal Pradesh,Northwest,himalayan,0,31.9,77.2,4,16.3,10.0,6.3,0.667,53.8,9.0,7.3,43.4,0,None,NOAA GFS 0.25° Operational GRIB2,00Z,f075,f099,IMD 24h Daily Gridded Observation,2023-07-19,area_weighted_lat_cosine_polygon_integral,24h (03:00 UTC to 03:00 UTC / 08:30 IST to 08:30 IST)
2023-07-15,2023-07-20,SUB_15,Himachal Pradesh,Northwest,himalayan,0,31.9,77.2,5,5.7,10.0,-4.3,0.667,53.8,19.8,14.1,46.2,0,None,NOAA GFS 0.25° Operational GRIB2,00Z,f099,f123,IMD 24h Daily Gridded Observation,2023-07-20,area_weighted_lat_cosine_polygon_integral,24h (03:00 UTC to 03:00 UTC / 08:30 IST to 08:30 IST)
2023-07-15,2023-07-21,SUB_15,Himachal Pradesh,Northwest,himalayan,0,31.9,77.2,6,13.8,10.0,3.8,0.667,53.8,20.8,7.0,49.0,0,None,NOAA GFS 0.25° Operational GRIB2,00Z,f123,f147,IMD 24h Daily Gridded Observation,2023-07-21,area_weighted_lat_cosine_polygon_integral,24h (03:00 UTC to 03:00 UTC / 08:30 IST to 08:30 IST)
2023-07-15,2023-07-22,SUB_15,Himachal Pradesh,Northwest,himalayan,0,31.9,77.2,7,13.5,10.0,3.5,0.667,68.8,12.0,1.5,51.8,0,None,NOAA GFS 0.25° Operational GRIB2,00Z,f147,f171,IMD 24h Daily Gridded Observation,2023-07-22,area_weighted_lat_cosine_polygon_integral,24h (03:00 UTC to 03:00 UTC / 08:30 IST to 08:30 IST)
2023-07-15,2023-07-23,SUB_15,Himachal Pradesh,Northwest,himalayan,0,31.9,77.2,8,9.9,10.0,-0.1,0.667,68.8,2.1,7.8,54.6,0,None,NOAA GFS 0.25° Operational GRIB2,00Z,f171,f195,IMD 24h Daily Gridded Observation,2023-07-23,area_weighted_lat_cosine_polygon_integral,24h (03:00 UTC to 03:00 UTC / 08:30 IST to 08:30 IST)
2023-07-15,2023-07-24,SUB_15,Himachal Pradesh,Northwest,himalayan,0,31.9,77.2,9,4.5,10.0,-5.5,0.667,68.8,6.7,2.2,57.4,0,None,NOAA GFS 0.25° Operational GRIB2,00Z,f195,f219,IMD 24h Daily Gridded Observation,2023-07-24,area_weighted_lat_cosine_polygon_integral,24h (03:00 UTC to 03:00 UTC / 08:30 IST to 08:30 IST)
2023-07-15,2023-07-25,SUB_15,Himachal Pradesh,Northwest,himalayan,0,31.9,77.2,10,4.7,10.0,-5.3,0.667,68.8,7.5,2.8,60.2,0,None,NOAA GFS 0.25° Operational GRIB2,00Z,f219,f243,IMD 24h Daily Gridded Observation,2023-07-25,area_weighted_lat_cosine_polygon_integral,24h (03:00 UTC to 03:00 UTC / 08:30 IST to 08:30 IST)
2023-07-15,2023-07-16,SUB_16,Jammu & Kashmir and Ladakh,Northwest,himalayan,0,34.08,76.5,1,3.9,10.0,-6.1,0.667,53.8,1.3,2.6,35.0,0,None,NOAA GFS 0.25° Operational GRIB2,00Z,f003,f027,IMD 24h Daily Gridded Observation,2023-07-16,area_weighted_lat_cosine_polygon_integral,24h (03:00 UTC to 03:00 UTC / 08:30 IST to 08:30 IST)
2023-07-15,2023-07-17,SUB_16,Jammu & Kashmir and Ladakh,Northwest,himalayan,0,34.08,76.5,2,5.0,10.0,-5.0,0.667,53.8,3.1,1.9,37.8,0,None,NOAA GFS 0.25° Operational GRIB2,00Z,f027,f051,IMD 24h Daily Gridded Observation,2023-07-17,area_weighted_lat_cosine_polygon_integral,24h (03:00 UTC to 03:00 UTC / 08:30 IST to 08:30 IST)
2023-07-15,2023-07-18,SUB_16,Jammu & Kashmir and Ladakh,Northwest,himalayan,0,34.08,76.5,3,3.8,10.0,-6.2,0.667,53.8,4.5,0.7,40.6,0,None,NOAA GFS 0.25° Operational GRIB2,00Z,f051,f075,IMD 24h Daily Gridded Observation,2023-07-18,area_weighted_lat_cosine_polygon_integral,24h (03:00 UTC to 03:00 UTC / 08:30 IST to 08:30 IST)
2023-07-15,2023-07-19,SUB_16,Jammu & Kashmir and Ladakh,Northwest,himalayan,0,34.08,76.5,4,5.1,10.0,-4.9,0.667,53.8,3.2,1.9,43.4,0,None,NOAA GFS 0.25° Operational GRIB2,00Z,f075,f099,IMD 24h Daily Gridded Observation,2023-07-19,area_weighted_lat_cosine_polygon_integral,24h (03:00 UTC to 03:00 UTC / 08:30 IST to 08:30 IST)
2023-07-15,2023-07-20,SUB_16,Jammu & Kashmir and Ladakh,Northwest,himalayan,0,34.08,76.5,5,3.2,10.0,-6.8,0.667,53.8,2.9,0.3,46.2,0,None,NOAA GFS 0.25° Operational GRIB2,00Z,f099,f123,IMD 24h Daily Gridded Observation,2023-07-20,area_weighted_lat_cosine_polygon_integral,24h (03:00 UTC to 03:00 UTC / 08:30 IST to 08:30 IST)
2023-07-15,2023-07-21,SUB_16,Jammu & Kashmir and Ladakh,Northwest,himalayan,0,34.08,76.5,6,6.1,10.0,-3.9,0.667,68.8,6.5,0.4,49.0,0,None,NOAA GFS 0.25° Operational GRIB2,00Z,f123,f147,IMD 24h Daily Gridded Observation,2023-07-21,area_weighted_lat_cosine_polygon_integral,24h (03:00 UTC to 03:00 UTC / 08:30 IST to 08:30 IST)
2023-07-15,2023-07-22,SUB_16,Jammu & Kashmir and Ladakh,Northwest,himalayan,0,34.08,76.5,7,9.8,10.0,-0.2,0.667,68.8,1.4,8.4,51.8,0,None,NOAA GFS 0.25° Operational GRIB2,00Z,f147,f171,IMD 24h Daily Gridded Observation,2023-07-22,area_weighted_lat_cosine_polygon_integral,24h (03:00 UTC to 03:00 UTC / 08:30 IST to 08:30 IST)
2023-07-15,2023-07-23,SUB_16,Jammu & Kashmir and Ladakh,Northwest,himalayan,0,34.08,76.5,8,8.5,10.0,-1.5,0.667,68.8,3.3,5.2,54.6,0,None,NOAA GFS 0.25° Operational GRIB2,00Z,f171,f195,IMD 24h Daily Gridded Observation,2023-07-23,area_weighted_lat_cosine_polygon_integral,24h (03:00 UTC to 03:00 UTC / 08:30 IST to 08:30 IST)
2023-07-15,2023-07-24,SUB_16,Jammu & Kashmir and Ladakh,Northwest,himalayan,0,34.08,76.5,9,4.0,10.0,-6.0,0.667,68.8,5.3,1.3,57.4,0,None,NOAA GFS 0.25° Operational GRIB2,00Z,f195,f219,IMD 24h Daily Gridded Observation,2023-07-24,area_weighted_lat_cosine_polygon_integral,24h (03:00 UTC to 03:00 UTC / 08:30 IST to 08:30 IST)
2023-07-15,2023-07-25,SUB_16,Jammu & Kashmir and Ladakh,Northwest,himalayan,0,34.08,76.5,10,3.0,10.0,-7.0,0.667,68.8,0.5,2.5,60.2,0,None,NOAA GFS 0.25° Operational GRIB2,00Z,f219,f243,IMD 24h Daily Gridded Observation,2023-07-25,area_weighted_lat_cosine_polygon_integral,24h (03:00 UTC to 03:00 UTC / 08:30 IST to 08:30 IST)
2023-07-15,2023-07-16,SUB_17,West Rajasthan,Northwest,arid_desert,0,26.8,72.0,1,0.2,10.0,-9.8,0.667,53.8,0.0,0.2,35.0,0,None,NOAA GFS 0.25° Operational GRIB2,00Z,f003,f027,IMD 24h Daily Gridded Observation,2023-07-16,area_weighted_lat_cosine_polygon_integral,24h (03:00 UTC to 03:00 UTC / 08:30 IST to 08:30 IST)
2023-07-15,2023-07-17,SUB_17,West Rajasthan,Northwest,arid_desert,0,26.8,72.0,2,0.3,10.0,-9.7,0.667,53.8,0.0,0.3,37.8,0,None,NOAA GFS 0.25° Operational GRIB2,00Z,f027,f051,IMD 24h Daily Gridded Observation,2023-07-17,area_weighted_lat_cosine_polygon_integral,24h (03:00 UTC to 03:00 UTC / 08:30 IST to 08:30 IST)
2023-07-15,2023-07-18,SUB_17,West Rajasthan,Northwest,arid_desert,0,26.8,72.0,3,0.0,10.0,-10.0,0.667,53.8,0.2,0.2,40.6,0,None,NOAA GFS 0.25° Operational GRIB2,00Z,f051,f075,IMD 24h Daily Gridded Observation,2023-07-18,area_weighted_lat_cosine_polygon_integral,24h (03:00 UTC to 03:00 UTC / 08:30 IST to 08:30 IST)
2023-07-15,2023-07-19,SUB_17,West Rajasthan,Northwest,arid_desert,0,26.8,72.0,4,0.3,10.0,-9.7,0.667,53.8,0.4,0.1,43.4,0,None,NOAA GFS 0.25° Operational GRIB2,00Z,f075,f099,IMD 24h Daily Gridded Observation,2023-07-19,area_weighted_lat_cosine_polygon_integral,24h (03:00 UTC to 03:00 UTC / 08:30 IST to 08:30 IST)
2023-07-15,2023-07-20,SUB_17,West Rajasthan,Northwest,arid_desert,0,26.8,72.0,5,3.6,10.0,-6.4,0.667,53.8,3.5,0.1,46.2,0,None,NOAA GFS 0.25° Operational GRIB2,00Z,f099,f123,IMD 24h Daily Gridded Observation,2023-07-20,area_weighted_lat_cosine_polygon_integral,24h (03:00 UTC to 03:00 UTC / 08:30 IST to 08:30 IST)
2023-07-15,2023-07-21,SUB_17,West Rajasthan,Northwest,arid_desert,0,26.8,72.0,6,0.6,10.0,-9.4,0.667,68.8,20.2,19.6,49.0,1,Category Failure (>=2 Cats),NOAA GFS 0.25° Operational GRIB2,00Z,f123,f147,IMD 24h Daily Gridded Observation,2023-07-21,area_weighted_lat_cosine_polygon_integral,24h (03:00 UTC to 03:00 UTC / 08:30 IST to 08:30 IST)
2023-07-15,2023-07-22,SUB_17,West Rajasthan,Northwest,arid_desert,0,26.8,72.0,7,1.4,10.0,-8.6,0.667,68.8,19.7,18.3,51.8,1,Category Failure (>=2 Cats),NOAA GFS 0.25° Operational GRIB2,00Z,f147,f171,IMD 24h Daily Gridded Observation,2023-07-22,area_weighted_lat_cosine_polygon_integral,24h (03:00 UTC to 03:00 UTC / 08:30 IST to 08:30 IST)
2023-07-15,2023-07-23,SUB_17,West Rajasthan,Northwest,arid_desert,0,26.8,72.0,8,4.4,10.0,-5.6,0.667,68.8,15.2,10.8,54.6,0,None,NOAA GFS 0.25° Operational GRIB2,00Z,f171,f195,IMD 24h Daily Gridded Observation,2023-07-23,area_weighted_lat_cosine_polygon_integral,24h (03:00 UTC to 03:00 UTC / 08:30 IST to 08:30 IST)
2023-07-15,2023-07-24,SUB_17,West Rajasthan,Northwest,arid_desert,0,26.8,72.0,9,1.9,10.0,-8.1,0.667,68.8,5.0,3.1,57.4,0,None,NOAA GFS 0.25° Operational GRIB2,00Z,f195,f219,IMD 24h Daily Gridded Observation,2023-07-24,area_weighted_lat_cosine_polygon_integral,24h (03:00 UTC to 03:00 UTC / 08:30 IST to 08:30 IST)
2023-07-15,2023-07-25,SUB_17,West Rajasthan,Northwest,arid_desert,0,26.8,72.0,10,2.3,10.0,-7.7,0.667,68.8,6.1,3.8,60.2,0,None,NOAA GFS 0.25° Operational GRIB2,00Z,f219,f243,IMD 24h Daily Gridded Observation,2023-07-25,area_weighted_lat_cosine_polygon_integral,24h (03:00 UTC to 03:00 UTC / 08:30 IST to 08:30 IST)
2023-07-15,2023-07-16,SUB_18,East Rajasthan,Northwest,semi_arid,0,26.2,75.8,1,12.6,10.0,2.6,0.667,53.8,14.4,1.8,35.0,0,None,NOAA GFS 0.25° Operational GRIB2,00Z,f003,f027,IMD 24h Daily Gridded Observation,2023-07-16,area_weighted_lat_cosine_polygon_integral,24h (03:00 UTC to 03:00 UTC / 08:30 IST to 08:30 IST)
2023-07-15,2023-07-17,SUB_18,East Rajasthan,Northwest,semi_arid,0,26.2,75.8,2,8.3,10.0,-1.7,0.667,53.8,32.2,23.9,37.8,0,None,NOAA GFS 0.25° Operational GRIB2,00Z,f027,f051,IMD 24h Daily Gridded Observation,2023-07-17,area_weighted_lat_cosine_polygon_integral,24h (03:00 UTC to 03:00 UTC / 08:30 IST to 08:30 IST)
2023-07-15,2023-07-18,SUB_18,East Rajasthan,Northwest,semi_arid,0,26.2,75.8,3,13.0,10.0,3.0,0.667,53.8,13.0,0.0,40.6,0,None,NOAA GFS 0.25° Operational GRIB2,00Z,f051,f075,IMD 24h Daily Gridded Observation,2023-07-18,area_weighted_lat_cosine_polygon_integral,24h (03:00 UTC to 03:00 UTC / 08:30 IST to 08:30 IST)
2023-07-15,2023-07-19,SUB_18,East Rajasthan,Northwest,semi_arid,0,26.2,75.8,4,20.6,10.0,10.6,0.667,53.8,10.5,10.1,43.4,0,None,NOAA GFS 0.25° Operational GRIB2,00Z,f075,f099,IMD 24h Daily Gridded Observation,2023-07-19,area_weighted_lat_cosine_polygon_integral,24h (03:00 UTC to 03:00 UTC / 08:30 IST to 08:30 IST)
2023-07-15,2023-07-20,SUB_18,East Rajasthan,Northwest,semi_arid,0,26.2,75.8,5,8.0,10.0,-2.0,0.667,53.8,0.1,7.9,46.2,0,None,NOAA GFS 0.25° Operational GRIB2,00Z,f099,f123,IMD 24h Daily Gridded Observation,2023-07-20,area_weighted_lat_cosine_polygon_integral,24h (03:00 UTC to 03:00 UTC / 08:30 IST to 08:30 IST)
2023-07-15,2023-07-21,SUB_18,East Rajasthan,Northwest,semi_arid,0,26.2,75.8,6,4.3,10.0,-5.7,0.667,68.8,0.9,3.4,49.0,0,None,NOAA GFS 0.25° Operational GRIB2,00Z,f123,f147,IMD 24h Daily Gridded Observation,2023-07-21,area_weighted_lat_cosine_polygon_integral,24h (03:00 UTC to 03:00 UTC / 08:30 IST to 08:30 IST)
2023-07-15,2023-07-22,SUB_18,East Rajasthan,Northwest,semi_arid,0,26.2,75.8,7,7.4,10.0,-2.6,0.667,68.8,1.3,6.1,51.8,0,None,NOAA GFS 0.25° Operational GRIB2,00Z,f147,f171,IMD 24h Daily Gridded Observation,2023-07-22,area_weighted_lat_cosine_polygon_integral,24h (03:00 UTC to 03:00 UTC / 08:30 IST to 08:30 IST)
2023-07-15,2023-07-23,SUB_18,East Rajasthan,Northwest,semi_arid,0,26.2,75.8,8,10.3,10.0,0.3,0.667,68.8,2.0,8.3,54.6,0,None,NOAA GFS 0.25° Operational GRIB2,00Z,f171,f195,IMD 24h Daily Gridded Observation,2023-07-23,area_weighted_lat_cosine_polygon_integral,24h (03:00 UTC to 03:00 UTC / 08:30 IST to 08:30 IST)
2023-07-15,2023-07-24,SUB_18,East Rajasthan,Northwest,semi_arid,0,26.2,75.8,9,22.9,10.0,12.9,0.667,68.8,4.3,18.6,57.4,0,None,NOAA GFS 0.25° Operational GRIB2,00Z,f195,f219,IMD 24h Daily Gridded Observation,2023-07-24,area_weighted_lat_cosine_polygon_integral,24h (03:00 UTC to 03:00 UTC / 08:30 IST to 08:30 IST)
2023-07-15,2023-07-25,SUB_18,East Rajasthan,Northwest,semi_arid,0,26.2,75.8,10,10.4,10.0,0.4,0.667,68.8,4.4,6.0,60.2,0,None,NOAA GFS 0.25° Operational GRIB2,00Z,f219,f243,IMD 24h Daily Gridded Observation,2023-07-25,area_weighted_lat_cosine_polygon_integral,24h (03:00 UTC to 03:00 UTC / 08:30 IST to 08:30 IST)
2023-07-15,2023-07-16,SUB_19,West Madhya Pradesh,Central,plateau,0,23.3,76.8,1,20.7,10.0,10.7,0.667,53.8,29.8,9.1,35.0,0,None,NOAA GFS 0.25° Operational GRIB2,00Z,f003,f027,IMD 24h Daily Gridded Observation,2023-07-16,area_weighted_lat_cosine_polygon_integral,24h (03:00 UTC to 03:00 UTC / 08:30 IST to 08:30 IST)
2023-07-15,2023-07-17,SUB_19,West Madhya Pradesh,Central,plateau,0,23.3,76.8,2,9.8,10.0,-0.2,0.667,53.8,20.6,10.8,37.8,0,None,NOAA GFS 0.25° Operational GRIB2,00Z,f027,f051,IMD 24h Daily Gridded Observation,2023-07-17,area_weighted_lat_cosine_polygon_integral,24h (03:00 UTC to 03:00 UTC / 08:30 IST to 08:30 IST)
2023-07-15,2023-07-18,SUB_19,West Madhya Pradesh,Central,plateau,0,23.3,76.8,3,11.8,10.0,1.8,0.667,53.8,29.7,17.9,40.6,0,None,NOAA GFS 0.25° Operational GRIB2,00Z,f051,f075,IMD 24h Daily Gridded Observation,2023-07-18,area_weighted_lat_cosine_polygon_integral,24h (03:00 UTC to 03:00 UTC / 08:30 IST to 08:30 IST)
2023-07-15,2023-07-19,SUB_19,West Madhya Pradesh,Central,plateau,0,23.3,76.8,4,11.6,10.0,1.6,0.667,53.8,20.0,8.4,43.4,0,None,NOAA GFS 0.25° Operational GRIB2,00Z,f075,f099,IMD 24h Daily Gridded Observation,2023-07-19,area_weighted_lat_cosine_polygon_integral,24h (03:00 UTC to 03:00 UTC / 08:30 IST to 08:30 IST)
2023-07-15,2023-07-20,SUB_19,West Madhya Pradesh,Central,plateau,0,23.3,76.8,5,6.4,10.0,-3.6,0.667,53.8,18.8,12.4,46.2,0,None,NOAA GFS 0.25° Operational GRIB2,00Z,f099,f123,IMD 24h Daily Gridded Observation,2023-07-20,area_weighted_lat_cosine_polygon_integral,24h (03:00 UTC to 03:00 UTC / 08:30 IST to 08:30 IST)
2023-07-15,2023-07-21,SUB_19,West Madhya Pradesh,Central,plateau,0,23.3,76.8,6,5.7,10.0,-4.3,0.667,68.8,15.5,9.8,49.0,0,None,NOAA GFS 0.25° Operational GRIB2,00Z,f123,f147,IMD 24h Daily Gridded Observation,2023-07-21,area_weighted_lat_cosine_polygon_integral,24h (03:00 UTC to 03:00 UTC / 08:30 IST to 08:30 IST)
2023-07-15,2023-07-22,SUB_19,West Madhya Pradesh,Central,plateau,0,23.3,76.8,7,17.8,10.0,7.8,0.667,68.8,24.4,6.6,51.8,0,None,NOAA GFS 0.25° Operational GRIB2,00Z,f147,f171,IMD 24h Daily Gridded Observation,2023-07-22,area_weighted_lat_cosine_polygon_integral,24h (03:00 UTC to 03:00 UTC / 08:30 IST to 08:30 IST)
2023-07-15,2023-07-23,SUB_19,West Madhya Pradesh,Central,plateau,0,23.3,76.8,8,9.3,10.0,-0.7,0.667,68.8,9.8,0.5,54.6,0,None,NOAA GFS 0.25° Operational GRIB2,00Z,f171,f195,IMD 24h Daily Gridded Observation,2023-07-23,area_weighted_lat_cosine_polygon_integral,24h (03:00 UTC to 03:00 UTC / 08:30 IST to 08:30 IST)
2023-07-15,2023-07-24,SUB_19,West Madhya Pradesh,Central,plateau,0,23.3,76.8,9,28.2,10.0,18.2,0.667,68.8,16.9,11.3,57.4,0,None,NOAA GFS 0.25° Operational GRIB2,00Z,f195,f219,IMD 24h Daily Gridded Observation,2023-07-24,area_weighted_lat_cosine_polygon_integral,24h (03:00 UTC to 03:00 UTC / 08:30 IST to 08:30 IST)
2023-07-15,2023-07-25,SUB_19,West Madhya Pradesh,Central,plateau,0,23.3,76.8,10,12.8,10.0,2.8,0.667,68.8,2.0,10.8,60.2,0,None,NOAA GFS 0.25° Operational GRIB2,00Z,f219,f243,IMD 24h Daily Gridded Observation,2023-07-25,area_weighted_lat_cosine_polygon_integral,24h (03:00 UTC to 03:00 UTC / 08:30 IST to 08:30 IST)
2023-07-15,2023-07-16,SUB_20,East Madhya Pradesh,Central,plateau,0,23.5,80.5,1,17.8,10.0,7.8,0.667,53.8,4.4,13.4,35.0,0,None,NOAA GFS 0.25° Operational GRIB2,00Z,f003,f027,IMD 24h Daily Gridded Observation,2023-07-16,area_weighted_lat_cosine_polygon_integral,24h (03:00 UTC to 03:00 UTC / 08:30 IST to 08:30 IST)
2023-07-15,2023-07-17,SUB_20,East Madhya Pradesh,Central,plateau,0,23.5,80.5,2,18.6,10.0,8.6,0.667,53.8,13.4,5.2,37.8,0,None,NOAA GFS 0.25° Operational GRIB2,00Z,f027,f051,IMD 24h Daily Gridded Observation,2023-07-17,area_weighted_lat_cosine_polygon_integral,24h (03:00 UTC to 03:00 UTC / 08:30 IST to 08:30 IST)
2023-07-15,2023-07-18,SUB_20,East Madhya Pradesh,Central,plateau,0,23.5,80.5,3,40.2,10.0,30.2,0.667,53.8,13.9,26.3,40.6,0,None,NOAA GFS 0.25° Operational GRIB2,00Z,f051,f075,IMD 24h Daily Gridded Observation,2023-07-18,area_weighted_lat_cosine_polygon_integral,24h (03:00 UTC to 03:00 UTC / 08:30 IST to 08:30 IST)
2023-07-15,2023-07-19,SUB_20,East Madhya Pradesh,Central,plateau,0,23.5,80.5,4,21.1,10.0,11.1,0.667,53.8,3.3,17.8,43.4,0,None,NOAA GFS 0.25° Operational GRIB2,00Z,f075,f099,IMD 24h Daily Gridded Observation,2023-07-19,area_weighted_lat_cosine_polygon_integral,24h (03:00 UTC to 03:00 UTC / 08:30 IST to 08:30 IST)
2023-07-15,2023-07-20,SUB_20,East Madhya Pradesh,Central,plateau,0,23.5,80.5,5,13.9,10.0,3.9,0.667,53.8,6.5,7.4,46.2,0,None,NOAA GFS 0.25° Operational GRIB2,00Z,f099,f123,IMD 24h Daily Gridded Observation,2023-07-20,area_weighted_lat_cosine_polygon_integral,24h (03:00 UTC to 03:00 UTC / 08:30 IST to 08:30 IST)
2023-07-15,2023-07-21,SUB_20,East Madhya Pradesh,Central,plateau,0,23.5,80.5,6,17.3,10.0,7.3,0.667,53.8,18.2,0.9,49.0,0,None,NOAA GFS 0.25° Operational GRIB2,00Z,f123,f147,IMD 24h Daily Gridded Observation,2023-07-21,area_weighted_lat_cosine_polygon_integral,24h (03:00 UTC to 03:00 UTC / 08:30 IST to 08:30 IST)
2023-07-15,2023-07-22,SUB_20,East Madhya Pradesh,Central,plateau,0,23.5,80.5,7,7.2,10.0,-2.8,0.667,68.8,8.8,1.6,51.8,0,None,NOAA GFS 0.25° Operational GRIB2,00Z,f147,f171,IMD 24h Daily Gridded Observation,2023-07-22,area_weighted_lat_cosine_polygon_integral,24h (03:00 UTC to 03:00 UTC / 08:30 IST to 08:30 IST)
2023-07-15,2023-07-23,SUB_20,East Madhya Pradesh,Central,plateau,0,23.5,80.5,8,18.6,10.0,8.6,0.667,68.8,2.9,15.7,54.6,0,None,NOAA GFS 0.25° Operational GRIB2,00Z,f171,f195,IMD 24h Daily Gridded Observation,2023-07-23,area_weighted_lat_cosine_polygon_integral,24h (03:00 UTC to 03:00 UTC / 08:30 IST to 08:30 IST)
2023-07-15,2023-07-24,SUB_20,East Madhya Pradesh,Central,plateau,0,23.5,80.5,9,17.8,10.0,7.8,0.667,68.8,4.0,13.8,57.4,0,None,NOAA GFS 0.25° Operational GRIB2,00Z,f195,f219,IMD 24h Daily Gridded Observation,2023-07-24,area_weighted_lat_cosine_polygon_integral,24h (03:00 UTC to 03:00 UTC / 08:30 IST to 08:30 IST)
2023-07-15,2023-07-25,SUB_20,East Madhya Pradesh,Central,plateau,0,23.5,80.5,10,15.7,10.0,5.7,0.667,68.8,7.2,8.5,60.2,0,None,NOAA GFS 0.25° Operational GRIB2,00Z,f219,f243,IMD 24h Daily Gridded Observation,2023-07-25,area_weighted_lat_cosine_polygon_integral,24h (03:00 UTC to 03:00 UTC / 08:30 IST to 08:30 IST)
2023-07-15,2023-07-16,SUB_21,Gujarat Region,Northwest,plains_hills,0,22.8,73.0,1,6.5,10.0,-3.5,0.667,53.8,14.5,8.0,35.0,0,None,NOAA GFS 0.25° Operational GRIB2,00Z,f003,f027,IMD 24h Daily Gridded Observation,2023-07-16,area_weighted_lat_cosine_polygon_integral,24h (03:00 UTC to 03:00 UTC / 08:30 IST to 08:30 IST)
2023-07-15,2023-07-17,SUB_21,Gujarat Region,Northwest,plains_hills,0,22.8,73.0,2,4.1,10.0,-5.9,0.667,53.8,2.0,2.1,37.8,0,None,NOAA GFS 0.25° Operational GRIB2,00Z,f027,f051,IMD 24h Daily Gridded Observation,2023-07-17,area_weighted_lat_cosine_polygon_integral,24h (03:00 UTC to 03:00 UTC / 08:30 IST to 08:30 IST)
2023-07-15,2023-07-18,SUB_21,Gujarat Region,Northwest,plains_hills,0,22.8,73.0,3,3.3,10.0,-6.7,0.667,53.8,3.0,0.3,40.6,0,None,NOAA GFS 0.25° Operational GRIB2,00Z,f051,f075,IMD 24h Daily Gridded Observation,2023-07-18,area_weighted_lat_cosine_polygon_integral,24h (03:00 UTC to 03:00 UTC / 08:30 IST to 08:30 IST)
2023-07-15,2023-07-19,SUB_21,Gujarat Region,Northwest,plains_hills,0,22.8,73.0,4,8.9,10.0,-1.1,0.667,53.8,16.0,7.1,43.4,0,None,NOAA GFS 0.25° Operational GRIB2,00Z,f075,f099,IMD 24h Daily Gridded Observation,2023-07-19,area_weighted_lat_cosine_polygon_integral,24h (03:00 UTC to 03:00 UTC / 08:30 IST to 08:30 IST)
2023-07-15,2023-07-20,SUB_21,Gujarat Region,Northwest,plains_hills,0,22.8,73.0,5,8.6,10.0,-1.4,0.667,53.8,22.4,13.8,46.2,0,None,NOAA GFS 0.25° Operational GRIB2,00Z,f099,f123,IMD 24h Daily Gridded Observation,2023-07-20,area_weighted_lat_cosine_polygon_integral,24h (03:00 UTC to 03:00 UTC / 08:30 IST to 08:30 IST)
2023-07-15,2023-07-21,SUB_21,Gujarat Region,Northwest,plains_hills,0,22.8,73.0,6,4.5,10.0,-5.5,0.667,68.8,9.7,5.2,49.0,0,None,NOAA GFS 0.25° Operational GRIB2,00Z,f123,f147,IMD 24h Daily Gridded Observation,2023-07-21,area_weighted_lat_cosine_polygon_integral,24h (03:00 UTC to 03:00 UTC / 08:30 IST to 08:30 IST)
2023-07-15,2023-07-22,SUB_21,Gujarat Region,Northwest,plains_hills,0,22.8,73.0,7,11.4,10.0,1.4,0.667,68.8,17.1,5.7,51.8,0,None,NOAA GFS 0.25° Operational GRIB2,00Z,f147,f171,IMD 24h Daily Gridded Observation,2023-07-22,area_weighted_lat_cosine_polygon_integral,24h (03:00 UTC to 03:00 UTC / 08:30 IST to 08:30 IST)
2023-07-15,2023-07-23,SUB_21,Gujarat Region,Northwest,plains_hills,0,22.8,73.0,8,3.9,10.0,-6.1,0.667,68.8,11.6,7.7,54.6,0,None,NOAA GFS 0.25° Operational GRIB2,00Z,f171,f195,IMD 24h Daily Gridded Observation,2023-07-23,area_weighted_lat_cosine_polygon_integral,24h (03:00 UTC to 03:00 UTC / 08:30 IST to 08:30 IST)
2023-07-15,2023-07-24,SUB_21,Gujarat Region,Northwest,plains_hills,0,22.8,73.0,9,7.2,10.0,-2.8,0.667,68.8,1.2,6.0,57.4,0,None,NOAA GFS 0.25° Operational GRIB2,00Z,f195,f219,IMD 24h Daily Gridded Observation,2023-07-24,area_weighted_lat_cosine_polygon_integral,24h (03:00 UTC to 03:00 UTC / 08:30 IST to 08:30 IST)
2023-07-15,2023-07-25,SUB_21,Gujarat Region,Northwest,plains_hills,0,22.8,73.0,10,26.7,10.0,16.7,0.667,68.8,19.7,7.0,60.2,0,None,NOAA GFS 0.25° Operational GRIB2,00Z,f219,f243,IMD 24h Daily Gridded Observation,2023-07-25,area_weighted_lat_cosine_polygon_integral,24h (03:00 UTC to 03:00 UTC / 08:30 IST to 08:30 IST)
2023-07-15,2023-07-16,SUB_22,Saurashtra & Kutch,Northwest,coastal_arid,1,22.3,70.3,1,1.4,10.0,-8.6,0.667,68.8,1.0,0.4,35.0,0,None,NOAA GFS 0.25° Operational GRIB2,00Z,f003,f027,IMD 24h Daily Gridded Observation,2023-07-16,area_weighted_lat_cosine_polygon_integral,24h (03:00 UTC to 03:00 UTC / 08:30 IST to 08:30 IST)
2023-07-15,2023-07-17,SUB_22,Saurashtra & Kutch,Northwest,coastal_arid,1,22.3,70.3,2,1.5,10.0,-8.5,0.667,68.8,0.6,0.9,37.8,0,None,NOAA GFS 0.25° Operational GRIB2,00Z,f027,f051,IMD 24h Daily Gridded Observation,2023-07-17,area_weighted_lat_cosine_polygon_integral,24h (03:00 UTC to 03:00 UTC / 08:30 IST to 08:30 IST)
2023-07-15,2023-07-18,SUB_22,Saurashtra & Kutch,Northwest,coastal_arid,1,22.3,70.3,3,2.2,10.0,-7.8,0.667,68.8,2.1,0.1,40.6,0,None,NOAA GFS 0.25° Operational GRIB2,00Z,f051,f075,IMD 24h Daily Gridded Observation,2023-07-18,area_weighted_lat_cosine_polygon_integral,24h (03:00 UTC to 03:00 UTC / 08:30 IST to 08:30 IST)
2023-07-15,2023-07-19,SUB_22,Saurashtra & Kutch,Northwest,coastal_arid,1,22.3,70.3,4,3.5,10.0,-6.5,0.667,68.8,2.4,1.1,43.4,0,None,NOAA GFS 0.25° Operational GRIB2,00Z,f075,f099,IMD 24h Daily Gridded Observation,2023-07-19,area_weighted_lat_cosine_polygon_integral,24h (03:00 UTC to 03:00 UTC / 08:30 IST to 08:30 IST)
2023-07-15,2023-07-20,SUB_22,Saurashtra & Kutch,Northwest,coastal_arid,1,22.3,70.3,5,5.8,10.0,-4.2,0.667,68.8,29.7,23.9,46.2,0,None,NOAA GFS 0.25° Operational GRIB2,00Z,f099,f123,IMD 24h Daily Gridded Observation,2023-07-20,area_weighted_lat_cosine_polygon_integral,24h (03:00 UTC to 03:00 UTC / 08:30 IST to 08:30 IST)
2023-07-15,2023-07-21,SUB_22,Saurashtra & Kutch,Northwest,coastal_arid,1,22.3,70.3,6,6.7,10.0,-3.3,0.667,68.8,92.4,85.7,49.0,1,Tail Error > Threshold,NOAA GFS 0.25° Operational GRIB2,00Z,f123,f147,IMD 24h Daily Gridded Observation,2023-07-21,area_weighted_lat_cosine_polygon_integral,24h (03:00 UTC to 03:00 UTC / 08:30 IST to 08:30 IST)
2023-07-15,2023-07-22,SUB_22,Saurashtra & Kutch,Northwest,coastal_arid,1,22.3,70.3,7,3.8,10.0,-6.2,0.667,68.8,5.6,1.8,51.8,0,None,NOAA GFS 0.25° Operational GRIB2,00Z,f147,f171,IMD 24h Daily Gridded Observation,2023-07-22,area_weighted_lat_cosine_polygon_integral,24h (03:00 UTC to 03:00 UTC / 08:30 IST to 08:30 IST)
2023-07-15,2023-07-23,SUB_22,Saurashtra & Kutch,Northwest,coastal_arid,1,22.3,70.3,8,3.8,10.0,-6.2,0.667,68.8,46.5,42.7,54.6,0,None,NOAA GFS 0.25° Operational GRIB2,00Z,f171,f195,IMD 24h Daily Gridded Observation,2023-07-23,area_weighted_lat_cosine_polygon_integral,24h (03:00 UTC to 03:00 UTC / 08:30 IST to 08:30 IST)
2023-07-15,2023-07-24,SUB_22,Saurashtra & Kutch,Northwest,coastal_arid,1,22.3,70.3,9,2.9,10.0,-7.1,0.667,68.8,17.5,14.6,57.4,0,None,NOAA GFS 0.25° Operational GRIB2,00Z,f195,f219,IMD 24h Daily Gridded Observation,2023-07-24,area_weighted_lat_cosine_polygon_integral,24h (03:00 UTC to 03:00 UTC / 08:30 IST to 08:30 IST)
2023-07-15,2023-07-25,SUB_22,Saurashtra & Kutch,Northwest,coastal_arid,1,22.3,70.3,10,12.3,10.0,2.3,0.667,68.8,6.1,6.2,60.2,0,None,NOAA GFS 0.25° Operational GRIB2,00Z,f219,f243,IMD 24h Daily Gridded Observation,2023-07-25,area_weighted_lat_cosine_polygon_integral,24h (03:00 UTC to 03:00 UTC / 08:30 IST to 08:30 IST)
2023-07-15,2023-07-16,SUB_23,Konkan & Goa,South Peninsula,coastal_ghats,1,16.5,73.5,1,12.6,8.5,4.1,0.667,53.8,17.2,4.6,35.0,0,None,NOAA GFS 0.25° Operational GRIB2,00Z,f003,f027,IMD 24h Daily Gridded Observation,2023-07-16,area_weighted_lat_cosine_polygon_integral,24h (03:00 UTC to 03:00 UTC / 08:30 IST to 08:30 IST)
2023-07-15,2023-07-17,SUB_23,Konkan & Goa,South Peninsula,coastal_ghats,1,16.5,73.5,2,17.8,8.5,9.3,0.667,53.8,21.7,3.9,37.8,0,None,NOAA GFS 0.25° Operational GRIB2,00Z,f027,f051,IMD 24h Daily Gridded Observation,2023-07-17,area_weighted_lat_cosine_polygon_integral,24h (03:00 UTC to 03:00 UTC / 08:30 IST to 08:30 IST)
2023-07-15,2023-07-18,SUB_23,Konkan & Goa,South Peninsula,coastal_ghats,1,16.5,73.5,3,20.5,8.5,12.0,0.667,53.8,43.1,22.6,40.6,0,None,NOAA GFS 0.25° Operational GRIB2,00Z,f051,f075,IMD 24h Daily Gridded Observation,2023-07-18,area_weighted_lat_cosine_polygon_integral,24h (03:00 UTC to 03:00 UTC / 08:30 IST to 08:30 IST)
2023-07-15,2023-07-19,SUB_23,Konkan & Goa,South Peninsula,coastal_ghats,1,16.5,73.5,4,20.3,8.5,11.8,0.667,53.8,58.4,38.1,43.4,0,None,NOAA GFS 0.25° Operational GRIB2,00Z,f075,f099,IMD 24h Daily Gridded Observation,2023-07-19,area_weighted_lat_cosine_polygon_integral,24h (03:00 UTC to 03:00 UTC / 08:30 IST to 08:30 IST)
2023-07-15,2023-07-20,SUB_23,Konkan & Goa,South Peninsula,coastal_ghats,1,16.5,73.5,5,18.0,8.5,9.5,0.667,53.8,55.1,37.1,46.2,0,None,NOAA GFS 0.25° Operational GRIB2,00Z,f099,f123,IMD 24h Daily Gridded Observation,2023-07-20,area_weighted_lat_cosine_polygon_integral,24h (03:00 UTC to 03:00 UTC / 08:30 IST to 08:30 IST)
2023-07-15,2023-07-21,SUB_23,Konkan & Goa,South Peninsula,coastal_ghats,1,16.5,73.5,6,22.5,8.5,14.0,0.667,53.8,31.6,9.1,49.0,0,None,NOAA GFS 0.25° Operational GRIB2,00Z,f123,f147,IMD 24h Daily Gridded Observation,2023-07-21,area_weighted_lat_cosine_polygon_integral,24h (03:00 UTC to 03:00 UTC / 08:30 IST to 08:30 IST)
2023-07-15,2023-07-22,SUB_23,Konkan & Goa,South Peninsula,coastal_ghats,1,16.5,73.5,7,48.5,8.5,40.0,0.667,53.8,38.1,10.4,51.8,0,None,NOAA GFS 0.25° Operational GRIB2,00Z,f147,f171,IMD 24h Daily Gridded Observation,2023-07-22,area_weighted_lat_cosine_polygon_integral,24h (03:00 UTC to 03:00 UTC / 08:30 IST to 08:30 IST)
2023-07-15,2023-07-23,SUB_23,Konkan & Goa,South Peninsula,coastal_ghats,1,16.5,73.5,8,26.6,8.5,18.1,0.667,53.8,55.8,29.2,54.6,0,None,NOAA GFS 0.25° Operational GRIB2,00Z,f171,f195,IMD 24h Daily Gridded Observation,2023-07-23,area_weighted_lat_cosine_polygon_integral,24h (03:00 UTC to 03:00 UTC / 08:30 IST to 08:30 IST)
2023-07-15,2023-07-24,SUB_23,Konkan & Goa,South Peninsula,coastal_ghats,1,16.5,73.5,9,49.0,8.5,40.5,1.0,105.7,54.4,5.4,57.4,0,None,NOAA GFS 0.25° Operational GRIB2,00Z,f195,f219,IMD 24h Daily Gridded Observation,2023-07-24,area_weighted_lat_cosine_polygon_integral,24h (03:00 UTC to 03:00 UTC / 08:30 IST to 08:30 IST)
2023-07-15,2023-07-25,SUB_23,Konkan & Goa,South Peninsula,coastal_ghats,1,16.5,73.5,10,53.5,8.5,45.0,1.0,105.7,58.5,5.0,60.2,0,None,NOAA GFS 0.25° Operational GRIB2,00Z,f219,f243,IMD 24h Daily Gridded Observation,2023-07-25,area_weighted_lat_cosine_polygon_integral,24h (03:00 UTC to 03:00 UTC / 08:30 IST to 08:30 IST)
2023-07-15,2023-07-16,SUB_24,Madhya Maharashtra,Central,ghats_plateau,0,18.5,74.8,1,4.7,10.0,-5.3,0.667,53.8,2.9,1.8,35.0,0,None,NOAA GFS 0.25° Operational GRIB2,00Z,f003,f027,IMD 24h Daily Gridded Observation,2023-07-16,area_weighted_lat_cosine_polygon_integral,24h (03:00 UTC to 03:00 UTC / 08:30 IST to 08:30 IST)
2023-07-15,2023-07-17,SUB_24,Madhya Maharashtra,Central,ghats_plateau,0,18.5,74.8,2,6.4,10.0,-3.6,0.667,53.8,10.7,4.3,37.8,0,None,NOAA GFS 0.25° Operational GRIB2,00Z,f027,f051,IMD 24h Daily Gridded Observation,2023-07-17,area_weighted_lat_cosine_polygon_integral,24h (03:00 UTC to 03:00 UTC / 08:30 IST to 08:30 IST)
2023-07-15,2023-07-18,SUB_24,Madhya Maharashtra,Central,ghats_plateau,0,18.5,74.8,3,2.9,10.0,-7.1,0.667,53.8,8.0,5.1,40.6,0,None,NOAA GFS 0.25° Operational GRIB2,00Z,f051,f075,IMD 24h Daily Gridded Observation,2023-07-18,area_weighted_lat_cosine_polygon_integral,24h (03:00 UTC to 03:00 UTC / 08:30 IST to 08:30 IST)
2023-07-15,2023-07-19,SUB_24,Madhya Maharashtra,Central,ghats_plateau,0,18.5,74.8,4,4.5,10.0,-5.5,0.667,53.8,27.3,22.8,43.4,0,None,NOAA GFS 0.25° Operational GRIB2,00Z,f075,f099,IMD 24h Daily Gridded Observation,2023-07-19,area_weighted_lat_cosine_polygon_integral,24h (03:00 UTC to 03:00 UTC / 08:30 IST to 08:30 IST)
2023-07-15,2023-07-20,SUB_24,Madhya Maharashtra,Central,ghats_plateau,0,18.5,74.8,5,4.0,10.0,-6.0,0.667,53.8,2.1,1.9,46.2,0,None,NOAA GFS 0.25° Operational GRIB2,00Z,f099,f123,IMD 24h Daily Gridded Observation,2023-07-20,area_weighted_lat_cosine_polygon_integral,24h (03:00 UTC to 03:00 UTC / 08:30 IST to 08:30 IST)
2023-07-15,2023-07-21,SUB_24,Madhya Maharashtra,Central,ghats_plateau,0,18.5,74.8,6,7.1,10.0,-2.9,0.667,53.8,5.4,1.7,49.0,0,None,NOAA GFS 0.25° Operational GRIB2,00Z,f123,f147,IMD 24h Daily Gridded Observation,2023-07-21,area_weighted_lat_cosine_polygon_integral,24h (03:00 UTC to 03:00 UTC / 08:30 IST to 08:30 IST)
2023-07-15,2023-07-22,SUB_24,Madhya Maharashtra,Central,ghats_plateau,0,18.5,74.8,7,23.6,10.0,13.6,0.667,68.8,16.9,6.7,51.8,0,None,NOAA GFS 0.25° Operational GRIB2,00Z,f147,f171,IMD 24h Daily Gridded Observation,2023-07-22,area_weighted_lat_cosine_polygon_integral,24h (03:00 UTC to 03:00 UTC / 08:30 IST to 08:30 IST)
2023-07-15,2023-07-23,SUB_24,Madhya Maharashtra,Central,ghats_plateau,0,18.5,74.8,8,4.3,10.0,-5.7,0.667,68.8,1.6,2.7,54.6,0,None,NOAA GFS 0.25° Operational GRIB2,00Z,f171,f195,IMD 24h Daily Gridded Observation,2023-07-23,area_weighted_lat_cosine_polygon_integral,24h (03:00 UTC to 03:00 UTC / 08:30 IST to 08:30 IST)
2023-07-15,2023-07-24,SUB_24,Madhya Maharashtra,Central,ghats_plateau,0,18.5,74.8,9,17.6,10.0,7.6,0.667,68.8,6.4,11.2,57.4,0,None,NOAA GFS 0.25° Operational GRIB2,00Z,f195,f219,IMD 24h Daily Gridded Observation,2023-07-24,area_weighted_lat_cosine_polygon_integral,24h (03:00 UTC to 03:00 UTC / 08:30 IST to 08:30 IST)
2023-07-15,2023-07-25,SUB_24,Madhya Maharashtra,Central,ghats_plateau,0,18.5,74.8,10,21.1,10.0,11.1,0.667,68.8,10.5,10.6,60.2,0,None,NOAA GFS 0.25° Operational GRIB2,00Z,f219,f243,IMD 24h Daily Gridded Observation,2023-07-25,area_weighted_lat_cosine_polygon_integral,24h (03:00 UTC to 03:00 UTC / 08:30 IST to 08:30 IST)
2023-07-15,2023-07-16,SUB_25,Marathwada,Central,semi_arid_plateau,0,19.1,76.5,1,9.5,10.0,-0.5,0.667,53.8,4.5,5.0,35.0,0,None,NOAA GFS 0.25° Operational GRIB2,00Z,f003,f027,IMD 24h Daily Gridded Observation,2023-07-16,area_weighted_lat_cosine_polygon_integral,24h (03:00 UTC to 03:00 UTC / 08:30 IST to 08:30 IST)
2023-07-15,2023-07-17,SUB_25,Marathwada,Central,semi_arid_plateau,0,19.1,76.5,2,8.5,10.0,-1.5,0.667,53.8,16.0,7.5,37.8,0,None,NOAA GFS 0.25° Operational GRIB2,00Z,f027,f051,IMD 24h Daily Gridded Observation,2023-07-17,area_weighted_lat_cosine_polygon_integral,24h (03:00 UTC to 03:00 UTC / 08:30 IST to 08:30 IST)
2023-07-15,2023-07-18,SUB_25,Marathwada,Central,semi_arid_plateau,0,19.1,76.5,3,1.0,10.0,-9.0,0.667,53.8,11.9,10.9,40.6,0,None,NOAA GFS 0.25° Operational GRIB2,00Z,f051,f075,IMD 24h Daily Gridded Observation,2023-07-18,area_weighted_lat_cosine_polygon_integral,24h (03:00 UTC to 03:00 UTC / 08:30 IST to 08:30 IST)
2023-07-15,2023-07-19,SUB_25,Marathwada,Central,semi_arid_plateau,0,19.1,76.5,4,3.1,10.0,-6.9,0.667,53.8,22.6,19.5,43.4,0,None,NOAA GFS 0.25° Operational GRIB2,00Z,f075,f099,IMD 24h Daily Gridded Observation,2023-07-19,area_weighted_lat_cosine_polygon_integral,24h (03:00 UTC to 03:00 UTC / 08:30 IST to 08:30 IST)
2023-07-15,2023-07-20,SUB_25,Marathwada,Central,semi_arid_plateau,0,19.1,76.5,5,2.2,10.0,-7.8,0.667,53.8,5.1,2.9,46.2,0,None,NOAA GFS 0.25° Operational GRIB2,00Z,f099,f123,IMD 24h Daily Gridded Observation,2023-07-20,area_weighted_lat_cosine_polygon_integral,24h (03:00 UTC to 03:00 UTC / 08:30 IST to 08:30 IST)
2023-07-15,2023-07-21,SUB_25,Marathwada,Central,semi_arid_plateau,0,19.1,76.5,6,15.9,10.0,5.9,0.667,53.8,5.3,10.6,49.0,0,None,NOAA GFS 0.25° Operational GRIB2,00Z,f123,f147,IMD 24h Daily Gridded Observation,2023-07-21,area_weighted_lat_cosine_polygon_integral,24h (03:00 UTC to 03:00 UTC / 08:30 IST to 08:30 IST)
2023-07-15,2023-07-22,SUB_25,Marathwada,Central,semi_arid_plateau,0,19.1,76.5,7,26.7,10.0,16.7,0.667,53.8,25.5,1.2,51.8,0,None,NOAA GFS 0.25° Operational GRIB2,00Z,f147,f171,IMD 24h Daily Gridded Observation,2023-07-22,area_weighted_lat_cosine_polygon_integral,24h (03:00 UTC to 03:00 UTC / 08:30 IST to 08:30 IST)
2023-07-15,2023-07-23,SUB_25,Marathwada,Central,semi_arid_plateau,0,19.1,76.5,8,7.4,10.0,-2.6,0.667,68.8,7.1,0.3,54.6,0,None,NOAA GFS 0.25° Operational GRIB2,00Z,f171,f195,IMD 24h Daily Gridded Observation,2023-07-23,area_weighted_lat_cosine_polygon_integral,24h (03:00 UTC to 03:00 UTC / 08:30 IST to 08:30 IST)
2023-07-15,2023-07-24,SUB_25,Marathwada,Central,semi_arid_plateau,0,19.1,76.5,9,14.9,10.0,4.9,0.667,68.8,11.1,3.8,57.4,0,None,NOAA GFS 0.25° Operational GRIB2,00Z,f195,f219,IMD 24h Daily Gridded Observation,2023-07-24,area_weighted_lat_cosine_polygon_integral,24h (03:00 UTC to 03:00 UTC / 08:30 IST to 08:30 IST)
2023-07-15,2023-07-25,SUB_25,Marathwada,Central,semi_arid_plateau,0,19.1,76.5,10,6.2,10.0,-3.8,0.667,68.8,13.7,7.5,60.2,0,None,NOAA GFS 0.25° Operational GRIB2,00Z,f219,f243,IMD 24h Daily Gridded Observation,2023-07-25,area_weighted_lat_cosine_polygon_integral,24h (03:00 UTC to 03:00 UTC / 08:30 IST to 08:30 IST)
2023-07-15,2023-07-16,SUB_26,Vidarbha,Central,plateau,0,20.9,79.2,1,43.2,10.0,33.2,0.667,53.8,21.6,21.6,35.0,0,None,NOAA GFS 0.25° Operational GRIB2,00Z,f003,f027,IMD 24h Daily Gridded Observation,2023-07-16,area_weighted_lat_cosine_polygon_integral,24h (03:00 UTC to 03:00 UTC / 08:30 IST to 08:30 IST)
2023-07-15,2023-07-17,SUB_26,Vidarbha,Central,plateau,0,20.9,79.2,2,13.3,10.0,3.3,0.667,53.8,21.5,8.2,37.8,0,None,NOAA GFS 0.25° Operational GRIB2,00Z,f027,f051,IMD 24h Daily Gridded Observation,2023-07-17,area_weighted_lat_cosine_polygon_integral,24h (03:00 UTC to 03:00 UTC / 08:30 IST to 08:30 IST)
2023-07-15,2023-07-18,SUB_26,Vidarbha,Central,plateau,0,20.9,79.2,3,9.1,10.0,-0.9,0.667,53.8,27.9,18.8,40.6,0,None,NOAA GFS 0.25° Operational GRIB2,00Z,f051,f075,IMD 24h Daily Gridded Observation,2023-07-18,area_weighted_lat_cosine_polygon_integral,24h (03:00 UTC to 03:00 UTC / 08:30 IST to 08:30 IST)
2023-07-15,2023-07-19,SUB_26,Vidarbha,Central,plateau,0,20.9,79.2,4,2.6,10.0,-7.4,0.667,53.8,35.8,33.2,43.4,0,None,NOAA GFS 0.25° Operational GRIB2,00Z,f075,f099,IMD 24h Daily Gridded Observation,2023-07-19,area_weighted_lat_cosine_polygon_integral,24h (03:00 UTC to 03:00 UTC / 08:30 IST to 08:30 IST)
2023-07-15,2023-07-20,SUB_26,Vidarbha,Central,plateau,0,20.9,79.2,5,6.0,10.0,-4.0,0.667,53.8,64.0,58.0,46.2,1,Tail Error > Threshold,NOAA GFS 0.25° Operational GRIB2,00Z,f099,f123,IMD 24h Daily Gridded Observation,2023-07-20,area_weighted_lat_cosine_polygon_integral,24h (03:00 UTC to 03:00 UTC / 08:30 IST to 08:30 IST)
2023-07-15,2023-07-21,SUB_26,Vidarbha,Central,plateau,0,20.9,79.2,6,29.6,10.0,19.6,0.667,53.8,30.0,0.4,49.0,0,None,NOAA GFS 0.25° Operational GRIB2,00Z,f123,f147,IMD 24h Daily Gridded Observation,2023-07-21,area_weighted_lat_cosine_polygon_integral,24h (03:00 UTC to 03:00 UTC / 08:30 IST to 08:30 IST)
2023-07-15,2023-07-22,SUB_26,Vidarbha,Central,plateau,0,20.9,79.2,7,20.8,10.0,10.8,0.667,68.8,19.6,1.2,51.8,0,None,NOAA GFS 0.25° Operational GRIB2,00Z,f147,f171,IMD 24h Daily Gridded Observation,2023-07-22,area_weighted_lat_cosine_polygon_integral,24h (03:00 UTC to 03:00 UTC / 08:30 IST to 08:30 IST)
2023-07-15,2023-07-23,SUB_26,Vidarbha,Central,plateau,0,20.9,79.2,8,35.3,10.0,25.3,0.667,68.8,18.5,16.8,54.6,0,None,NOAA GFS 0.25° Operational GRIB2,00Z,f171,f195,IMD 24h Daily Gridded Observation,2023-07-23,area_weighted_lat_cosine_polygon_integral,24h (03:00 UTC to 03:00 UTC / 08:30 IST to 08:30 IST)
2023-07-15,2023-07-24,SUB_26,Vidarbha,Central,plateau,0,20.9,79.2,9,40.2,10.0,30.2,0.667,68.8,7.0,33.2,57.4,0,None,NOAA GFS 0.25° Operational GRIB2,00Z,f195,f219,IMD 24h Daily Gridded Observation,2023-07-24,area_weighted_lat_cosine_polygon_integral,24h (03:00 UTC to 03:00 UTC / 08:30 IST to 08:30 IST)
2023-07-15,2023-07-25,SUB_26,Vidarbha,Central,plateau,0,20.9,79.2,10,12.5,10.0,2.5,0.667,68.8,13.2,0.7,60.2,0,None,NOAA GFS 0.25° Operational GRIB2,00Z,f219,f243,IMD 24h Daily Gridded Observation,2023-07-25,area_weighted_lat_cosine_polygon_integral,24h (03:00 UTC to 03:00 UTC / 08:30 IST to 08:30 IST)
2023-07-15,2023-07-16,SUB_27,Chhattisgarh,Central,plateau_forests,0,21.27,81.86,1,25.9,10.0,15.9,0.667,53.8,18.5,7.4,35.0,0,None,NOAA GFS 0.25° Operational GRIB2,00Z,f003,f027,IMD 24h Daily Gridded Observation,2023-07-16,area_weighted_lat_cosine_polygon_integral,24h (03:00 UTC to 03:00 UTC / 08:30 IST to 08:30 IST)
2023-07-15,2023-07-17,SUB_27,Chhattisgarh,Central,plateau_forests,0,21.27,81.86,2,16.2,10.0,6.2,0.667,53.8,37.5,21.3,37.8,0,None,NOAA GFS 0.25° Operational GRIB2,00Z,f027,f051,IMD 24h Daily Gridded Observation,2023-07-17,area_weighted_lat_cosine_polygon_integral,24h (03:00 UTC to 03:00 UTC / 08:30 IST to 08:30 IST)
2023-07-15,2023-07-18,SUB_27,Chhattisgarh,Central,plateau_forests,0,21.27,81.86,3,19.3,10.0,9.3,0.667,53.8,50.6,31.3,40.6,0,None,NOAA GFS 0.25° Operational GRIB2,00Z,f051,f075,IMD 24h Daily Gridded Observation,2023-07-18,area_weighted_lat_cosine_polygon_integral,24h (03:00 UTC to 03:00 UTC / 08:30 IST to 08:30 IST)
2023-07-15,2023-07-19,SUB_27,Chhattisgarh,Central,plateau_forests,0,21.27,81.86,4,8.8,10.0,-1.2,0.667,53.8,7.3,1.5,43.4,0,None,NOAA GFS 0.25° Operational GRIB2,00Z,f075,f099,IMD 24h Daily Gridded Observation,2023-07-19,area_weighted_lat_cosine_polygon_integral,24h (03:00 UTC to 03:00 UTC / 08:30 IST to 08:30 IST)
2023-07-15,2023-07-20,SUB_27,Chhattisgarh,Central,plateau_forests,0,21.27,81.86,5,15.4,10.0,5.4,0.667,53.8,12.3,3.1,46.2,0,None,NOAA GFS 0.25° Operational GRIB2,00Z,f099,f123,IMD 24h Daily Gridded Observation,2023-07-20,area_weighted_lat_cosine_polygon_integral,24h (03:00 UTC to 03:00 UTC / 08:30 IST to 08:30 IST)
2023-07-15,2023-07-21,SUB_27,Chhattisgarh,Central,plateau_forests,0,21.27,81.86,6,30.4,10.0,20.4,0.667,53.8,15.8,14.6,49.0,0,None,NOAA GFS 0.25° Operational GRIB2,00Z,f123,f147,IMD 24h Daily Gridded Observation,2023-07-21,area_weighted_lat_cosine_polygon_integral,24h (03:00 UTC to 03:00 UTC / 08:30 IST to 08:30 IST)
2023-07-15,2023-07-22,SUB_27,Chhattisgarh,Central,plateau_forests,0,21.27,81.86,7,8.0,10.0,-2.0,0.667,68.8,13.9,5.9,51.8,0,None,NOAA GFS 0.25° Operational GRIB2,00Z,f147,f171,IMD 24h Daily Gridded Observation,2023-07-22,area_weighted_lat_cosine_polygon_integral,24h (03:00 UTC to 03:00 UTC / 08:30 IST to 08:30 IST)
2023-07-15,2023-07-23,SUB_27,Chhattisgarh,Central,plateau_forests,0,21.27,81.86,8,26.3,10.0,16.3,0.667,68.8,17.0,9.3,54.6,0,None,NOAA GFS 0.25° Operational GRIB2,00Z,f171,f195,IMD 24h Daily Gridded Observation,2023-07-23,area_weighted_lat_cosine_polygon_integral,24h (03:00 UTC to 03:00 UTC / 08:30 IST to 08:30 IST)
2023-07-15,2023-07-24,SUB_27,Chhattisgarh,Central,plateau_forests,0,21.27,81.86,9,15.2,10.0,5.2,0.667,68.8,8.6,6.6,57.4,0,None,NOAA GFS 0.25° Operational GRIB2,00Z,f195,f219,IMD 24h Daily Gridded Observation,2023-07-24,area_weighted_lat_cosine_polygon_integral,24h (03:00 UTC to 03:00 UTC / 08:30 IST to 08:30 IST)
2023-07-15,2023-07-25,SUB_27,Chhattisgarh,Central,plateau_forests,0,21.27,81.86,10,8.1,10.0,-1.9,0.667,68.8,6.0,2.1,60.2,0,None,NOAA GFS 0.25° Operational GRIB2,00Z,f219,f243,IMD 24h Daily Gridded Observation,2023-07-25,area_weighted_lat_cosine_polygon_integral,24h (03:00 UTC to 03:00 UTC / 08:30 IST to 08:30 IST)
2023-07-15,2023-07-16,SUB_28,Coastal Andhra Pradesh & Yanam,South Peninsula,coastal,1,16.2,81.5,1,18.0,8.5,9.5,0.667,53.8,9.5,8.5,35.0,0,None,NOAA GFS 0.25° Operational GRIB2,00Z,f003,f027,IMD 24h Daily Gridded Observation,2023-07-16,area_weighted_lat_cosine_polygon_integral,24h (03:00 UTC to 03:00 UTC / 08:30 IST to 08:30 IST)
2023-07-15,2023-07-17,SUB_28,Coastal Andhra Pradesh & Yanam,South Peninsula,coastal,1,16.2,81.5,2,7.0,8.5,-1.5,0.667,53.8,8.3,1.3,37.8,0,None,NOAA GFS 0.25° Operational GRIB2,00Z,f027,f051,IMD 24h Daily Gridded Observation,2023-07-17,area_weighted_lat_cosine_polygon_integral,24h (03:00 UTC to 03:00 UTC / 08:30 IST to 08:30 IST)
2023-07-15,2023-07-18,SUB_28,Coastal Andhra Pradesh & Yanam,South Peninsula,coastal,1,16.2,81.5,3,3.3,8.5,-5.2,0.667,53.8,2.4,0.9,40.6,0,None,NOAA GFS 0.25° Operational GRIB2,00Z,f051,f075,IMD 24h Daily Gridded Observation,2023-07-18,area_weighted_lat_cosine_polygon_integral,24h (03:00 UTC to 03:00 UTC / 08:30 IST to 08:30 IST)
2023-07-15,2023-07-19,SUB_28,Coastal Andhra Pradesh & Yanam,South Peninsula,coastal,1,16.2,81.5,4,5.5,8.5,-3.0,0.667,53.8,9.3,3.8,43.4,0,None,NOAA GFS 0.25° Operational GRIB2,00Z,f075,f099,IMD 24h Daily Gridded Observation,2023-07-19,area_weighted_lat_cosine_polygon_integral,24h (03:00 UTC to 03:00 UTC / 08:30 IST to 08:30 IST)
2023-07-15,2023-07-20,SUB_28,Coastal Andhra Pradesh & Yanam,South Peninsula,coastal,1,16.2,81.5,5,18.3,8.5,9.8,0.667,53.8,5.2,13.1,46.2,0,None,NOAA GFS 0.25° Operational GRIB2,00Z,f099,f123,IMD 24h Daily Gridded Observation,2023-07-20,area_weighted_lat_cosine_polygon_integral,24h (03:00 UTC to 03:00 UTC / 08:30 IST to 08:30 IST)
2023-07-15,2023-07-21,SUB_28,Coastal Andhra Pradesh & Yanam,South Peninsula,coastal,1,16.2,81.5,6,28.5,8.5,20.0,0.667,53.8,2.2,26.3,49.0,1,Category Failure (>=2 Cats),NOAA GFS 0.25° Operational GRIB2,00Z,f123,f147,IMD 24h Daily Gridded Observation,2023-07-21,area_weighted_lat_cosine_polygon_integral,24h (03:00 UTC to 03:00 UTC / 08:30 IST to 08:30 IST)
2023-07-15,2023-07-22,SUB_28,Coastal Andhra Pradesh & Yanam,South Peninsula,coastal,1,16.2,81.5,7,10.8,8.5,2.3,0.667,68.8,0.7,10.1,51.8,0,None,NOAA GFS 0.25° Operational GRIB2,00Z,f147,f171,IMD 24h Daily Gridded Observation,2023-07-22,area_weighted_lat_cosine_polygon_integral,24h (03:00 UTC to 03:00 UTC / 08:30 IST to 08:30 IST)
2023-07-15,2023-07-23,SUB_28,Coastal Andhra Pradesh & Yanam,South Peninsula,coastal,1,16.2,81.5,8,14.0,8.5,5.5,0.667,68.8,9.5,4.5,54.6,0,None,NOAA GFS 0.25° Operational GRIB2,00Z,f171,f195,IMD 24h Daily Gridded Observation,2023-07-23,area_weighted_lat_cosine_polygon_integral,24h (03:00 UTC to 03:00 UTC / 08:30 IST to 08:30 IST)
2023-07-15,2023-07-24,SUB_28,Coastal Andhra Pradesh & Yanam,South Peninsula,coastal,1,16.2,81.5,9,7.9,8.5,-0.6,0.667,68.8,6.6,1.3,57.4,0,None,NOAA GFS 0.25° Operational GRIB2,00Z,f195,f219,IMD 24h Daily Gridded Observation,2023-07-24,area_weighted_lat_cosine_polygon_integral,24h (03:00 UTC to 03:00 UTC / 08:30 IST to 08:30 IST)
2023-07-15,2023-07-25,SUB_28,Coastal Andhra Pradesh & Yanam,South Peninsula,coastal,1,16.2,81.5,10,9.7,8.5,1.2,0.667,68.8,26.9,17.2,60.2,0,None,NOAA GFS 0.25° Operational GRIB2,00Z,f219,f243,IMD 24h Daily Gridded Observation,2023-07-25,area_weighted_lat_cosine_polygon_integral,24h (03:00 UTC to 03:00 UTC / 08:30 IST to 08:30 IST)
2023-07-15,2023-07-16,SUB_29,Telangana,South Peninsula,plateau,0,17.8,79.1,1,16.5,8.5,8.0,0.667,53.8,6.0,10.5,35.0,0,None,NOAA GFS 0.25° Operational GRIB2,00Z,f003,f027,IMD 24h Daily Gridded Observation,2023-07-16,area_weighted_lat_cosine_polygon_integral,24h (03:00 UTC to 03:00 UTC / 08:30 IST to 08:30 IST)
2023-07-15,2023-07-17,SUB_29,Telangana,South Peninsula,plateau,0,17.8,79.1,2,7.7,8.5,-0.8,0.667,53.8,9.5,1.8,37.8,0,None,NOAA GFS 0.25° Operational GRIB2,00Z,f027,f051,IMD 24h Daily Gridded Observation,2023-07-17,area_weighted_lat_cosine_polygon_integral,24h (03:00 UTC to 03:00 UTC / 08:30 IST to 08:30 IST)
2023-07-15,2023-07-18,SUB_29,Telangana,South Peninsula,plateau,0,17.8,79.1,3,3.8,8.5,-4.7,0.667,53.8,14.3,10.5,40.6,0,None,NOAA GFS 0.25° Operational GRIB2,00Z,f051,f075,IMD 24h Daily Gridded Observation,2023-07-18,area_weighted_lat_cosine_polygon_integral,24h (03:00 UTC to 03:00 UTC / 08:30 IST to 08:30 IST)
2023-07-15,2023-07-19,SUB_29,Telangana,South Peninsula,plateau,0,17.8,79.1,4,2.4,8.5,-6.1,0.667,53.8,53.4,51.0,43.4,1,Tail Error > Threshold,NOAA GFS 0.25° Operational GRIB2,00Z,f075,f099,IMD 24h Daily Gridded Observation,2023-07-19,area_weighted_lat_cosine_polygon_integral,24h (03:00 UTC to 03:00 UTC / 08:30 IST to 08:30 IST)
2023-07-15,2023-07-20,SUB_29,Telangana,South Peninsula,plateau,0,17.8,79.1,5,5.9,8.5,-2.6,0.667,53.8,32.6,26.7,46.2,0,None,NOAA GFS 0.25° Operational GRIB2,00Z,f099,f123,IMD 24h Daily Gridded Observation,2023-07-20,area_weighted_lat_cosine_polygon_integral,24h (03:00 UTC to 03:00 UTC / 08:30 IST to 08:30 IST)
2023-07-15,2023-07-21,SUB_29,Telangana,South Peninsula,plateau,0,17.8,79.1,6,58.1,8.5,49.6,0.667,53.8,36.0,22.1,49.0,0,None,NOAA GFS 0.25° Operational GRIB2,00Z,f123,f147,IMD 24h Daily Gridded Observation,2023-07-21,area_weighted_lat_cosine_polygon_integral,24h (03:00 UTC to 03:00 UTC / 08:30 IST to 08:30 IST)
2023-07-15,2023-07-22,SUB_29,Telangana,South Peninsula,plateau,0,17.8,79.1,7,12.6,8.5,4.1,0.667,68.8,11.1,1.5,51.8,0,None,NOAA GFS 0.25° Operational GRIB2,00Z,f147,f171,IMD 24h Daily Gridded Observation,2023-07-22,area_weighted_lat_cosine_polygon_integral,24h (03:00 UTC to 03:00 UTC / 08:30 IST to 08:30 IST)
2023-07-15,2023-07-23,SUB_29,Telangana,South Peninsula,plateau,0,17.8,79.1,8,22.5,8.5,14.0,0.667,68.8,6.0,16.5,54.6,0,None,NOAA GFS 0.25° Operational GRIB2,00Z,f171,f195,IMD 24h Daily Gridded Observation,2023-07-23,area_weighted_lat_cosine_polygon_integral,24h (03:00 UTC to 03:00 UTC / 08:30 IST to 08:30 IST)
2023-07-15,2023-07-24,SUB_29,Telangana,South Peninsula,plateau,0,17.8,79.1,9,19.8,8.5,11.3,0.667,68.8,16.3,3.5,57.4,0,None,NOAA GFS 0.25° Operational GRIB2,00Z,f195,f219,IMD 24h Daily Gridded Observation,2023-07-24,area_weighted_lat_cosine_polygon_integral,24h (03:00 UTC to 03:00 UTC / 08:30 IST to 08:30 IST)
2023-07-15,2023-07-25,SUB_29,Telangana,South Peninsula,plateau,0,17.8,79.1,10,3.1,8.5,-5.4,0.667,68.8,22.1,19.0,60.2,0,None,NOAA GFS 0.25° Operational GRIB2,00Z,f219,f243,IMD 24h Daily Gridded Observation,2023-07-25,area_weighted_lat_cosine_polygon_integral,24h (03:00 UTC to 03:00 UTC / 08:30 IST to 08:30 IST)
2023-07-15,2023-07-16,SUB_30,Rayalaseema,South Peninsula,semi_arid_plateau,0,14.7,78.5,1,0.5,8.5,-8.0,0.667,53.8,3.8,3.3,35.0,0,None,NOAA GFS 0.25° Operational GRIB2,00Z,f003,f027,IMD 24h Daily Gridded Observation,2023-07-16,area_weighted_lat_cosine_polygon_integral,24h (03:00 UTC to 03:00 UTC / 08:30 IST to 08:30 IST)
2023-07-15,2023-07-17,SUB_30,Rayalaseema,South Peninsula,semi_arid_plateau,0,14.7,78.5,2,0.3,8.5,-8.2,0.667,53.8,0.0,0.3,37.8,0,None,NOAA GFS 0.25° Operational GRIB2,00Z,f027,f051,IMD 24h Daily Gridded Observation,2023-07-17,area_weighted_lat_cosine_polygon_integral,24h (03:00 UTC to 03:00 UTC / 08:30 IST to 08:30 IST)
2023-07-15,2023-07-18,SUB_30,Rayalaseema,South Peninsula,semi_arid_plateau,0,14.7,78.5,3,0.4,8.5,-8.1,0.667,53.8,0.6,0.2,40.6,0,None,NOAA GFS 0.25° Operational GRIB2,00Z,f051,f075,IMD 24h Daily Gridded Observation,2023-07-18,area_weighted_lat_cosine_polygon_integral,24h (03:00 UTC to 03:00 UTC / 08:30 IST to 08:30 IST)
2023-07-15,2023-07-19,SUB_30,Rayalaseema,South Peninsula,semi_arid_plateau,0,14.7,78.5,4,0.2,8.5,-8.3,0.667,53.8,0.7,0.5,43.4,0,None,NOAA GFS 0.25° Operational GRIB2,00Z,f075,f099,IMD 24h Daily Gridded Observation,2023-07-19,area_weighted_lat_cosine_polygon_integral,24h (03:00 UTC to 03:00 UTC / 08:30 IST to 08:30 IST)
2023-07-15,2023-07-20,SUB_30,Rayalaseema,South Peninsula,semi_arid_plateau,0,14.7,78.5,5,0.2,8.5,-8.3,0.667,53.8,0.9,0.7,46.2,0,None,NOAA GFS 0.25° Operational GRIB2,00Z,f099,f123,IMD 24h Daily Gridded Observation,2023-07-20,area_weighted_lat_cosine_polygon_integral,24h (03:00 UTC to 03:00 UTC / 08:30 IST to 08:30 IST)
2023-07-15,2023-07-21,SUB_30,Rayalaseema,South Peninsula,semi_arid_plateau,0,14.7,78.5,6,4.6,8.5,-3.9,0.667,53.8,0.2,4.4,49.0,0,None,NOAA GFS 0.25° Operational GRIB2,00Z,f123,f147,IMD 24h Daily Gridded Observation,2023-07-21,area_weighted_lat_cosine_polygon_integral,24h (03:00 UTC to 03:00 UTC / 08:30 IST to 08:30 IST)
2023-07-15,2023-07-22,SUB_30,Rayalaseema,South Peninsula,semi_arid_plateau,0,14.7,78.5,7,2.2,8.5,-6.3,0.667,68.8,4.7,2.5,51.8,0,None,NOAA GFS 0.25° Operational GRIB2,00Z,f147,f171,IMD 24h Daily Gridded Observation,2023-07-22,area_weighted_lat_cosine_polygon_integral,24h (03:00 UTC to 03:00 UTC / 08:30 IST to 08:30 IST)
2023-07-15,2023-07-23,SUB_30,Rayalaseema,South Peninsula,semi_arid_plateau,0,14.7,78.5,8,0.6,8.5,-7.9,0.667,68.8,1.4,0.8,54.6,0,None,NOAA GFS 0.25° Operational GRIB2,00Z,f171,f195,IMD 24h Daily Gridded Observation,2023-07-23,area_weighted_lat_cosine_polygon_integral,24h (03:00 UTC to 03:00 UTC / 08:30 IST to 08:30 IST)
2023-07-15,2023-07-24,SUB_30,Rayalaseema,South Peninsula,semi_arid_plateau,0,14.7,78.5,9,0.9,8.5,-7.6,0.667,68.8,13.4,12.5,57.4,0,None,NOAA GFS 0.25° Operational GRIB2,00Z,f195,f219,IMD 24h Daily Gridded Observation,2023-07-24,area_weighted_lat_cosine_polygon_integral,24h (03:00 UTC to 03:00 UTC / 08:30 IST to 08:30 IST)
2023-07-15,2023-07-25,SUB_30,Rayalaseema,South Peninsula,semi_arid_plateau,0,14.7,78.5,10,1.3,8.5,-7.2,0.667,68.8,23.2,21.9,60.2,1,Category Failure (>=2 Cats),NOAA GFS 0.25° Operational GRIB2,00Z,f219,f243,IMD 24h Daily Gridded Observation,2023-07-25,area_weighted_lat_cosine_polygon_integral,24h (03:00 UTC to 03:00 UTC / 08:30 IST to 08:30 IST)
2023-07-15,2023-07-16,SUB_31,"Tamil Nadu, Puducherry & Karaikal",South Peninsula,coastal_plains,1,11.12,78.65,1,0.8,8.5,-7.7,0.667,53.8,0.3,0.5,35.0,0,None,NOAA GFS 0.25° Operational GRIB2,00Z,f003,f027,IMD 24h Daily Gridded Observation,2023-07-16,area_weighted_lat_cosine_polygon_integral,24h (03:00 UTC to 03:00 UTC / 08:30 IST to 08:30 IST)
2023-07-15,2023-07-17,SUB_31,"Tamil Nadu, Puducherry & Karaikal",South Peninsula,coastal_plains,1,11.12,78.65,2,0.9,8.5,-7.6,0.667,53.8,0.3,0.6,37.8,0,None,NOAA GFS 0.25° Operational GRIB2,00Z,f027,f051,IMD 24h Daily Gridded Observation,2023-07-17,area_weighted_lat_cosine_polygon_integral,24h (03:00 UTC to 03:00 UTC / 08:30 IST to 08:30 IST)
2023-07-15,2023-07-18,SUB_31,"Tamil Nadu, Puducherry & Karaikal",South Peninsula,coastal_plains,1,11.12,78.65,3,0.6,8.5,-7.9,0.667,53.8,0.8,0.2,40.6,0,None,NOAA GFS 0.25° Operational GRIB2,00Z,f051,f075,IMD 24h Daily Gridded Observation,2023-07-18,area_weighted_lat_cosine_polygon_integral,24h (03:00 UTC to 03:00 UTC / 08:30 IST to 08:30 IST)
2023-07-15,2023-07-19,SUB_31,"Tamil Nadu, Puducherry & Karaikal",South Peninsula,coastal_plains,1,11.12,78.65,4,0.8,8.5,-7.7,0.667,53.8,0.0,0.8,43.4,0,None,NOAA GFS 0.25° Operational GRIB2,00Z,f075,f099,IMD 24h Daily Gridded Observation,2023-07-19,area_weighted_lat_cosine_polygon_integral,24h (03:00 UTC to 03:00 UTC / 08:30 IST to 08:30 IST)
2023-07-15,2023-07-20,SUB_31,"Tamil Nadu, Puducherry & Karaikal",South Peninsula,coastal_plains,1,11.12,78.65,5,1.4,8.5,-7.1,0.667,53.8,0.0,1.4,46.2,0,None,NOAA GFS 0.25° Operational GRIB2,00Z,f099,f123,IMD 24h Daily Gridded Observation,2023-07-20,area_weighted_lat_cosine_polygon_integral,24h (03:00 UTC to 03:00 UTC / 08:30 IST to 08:30 IST)
2023-07-15,2023-07-21,SUB_31,"Tamil Nadu, Puducherry & Karaikal",South Peninsula,coastal_plains,1,11.12,78.65,6,1.7,8.5,-6.8,0.667,68.8,0.0,1.7,49.0,0,None,NOAA GFS 0.25° Operational GRIB2,00Z,f123,f147,IMD 24h Daily Gridded Observation,2023-07-21,area_weighted_lat_cosine_polygon_integral,24h (03:00 UTC to 03:00 UTC / 08:30 IST to 08:30 IST)
2023-07-15,2023-07-22,SUB_31,"Tamil Nadu, Puducherry & Karaikal",South Peninsula,coastal_plains,1,11.12,78.65,7,3.2,8.5,-5.3,0.667,68.8,0.3,2.9,51.8,0,None,NOAA GFS 0.25° Operational GRIB2,00Z,f147,f171,IMD 24h Daily Gridded Observation,2023-07-22,area_weighted_lat_cosine_polygon_integral,24h (03:00 UTC to 03:00 UTC / 08:30 IST to 08:30 IST)
2023-07-15,2023-07-23,SUB_31,"Tamil Nadu, Puducherry & Karaikal",South Peninsula,coastal_plains,1,11.12,78.65,8,3.5,8.5,-5.0,0.667,68.8,3.4,0.1,54.6,0,None,NOAA GFS 0.25° Operational GRIB2,00Z,f171,f195,IMD 24h Daily Gridded Observation,2023-07-23,area_weighted_lat_cosine_polygon_integral,24h (03:00 UTC to 03:00 UTC / 08:30 IST to 08:30 IST)
2023-07-15,2023-07-24,SUB_31,"Tamil Nadu, Puducherry & Karaikal",South Peninsula,coastal_plains,1,11.12,78.65,9,4.3,8.5,-4.2,0.667,68.8,1.2,3.1,57.4,0,None,NOAA GFS 0.25° Operational GRIB2,00Z,f195,f219,IMD 24h Daily Gridded Observation,2023-07-24,area_weighted_lat_cosine_polygon_integral,24h (03:00 UTC to 03:00 UTC / 08:30 IST to 08:30 IST)
2023-07-15,2023-07-25,SUB_31,"Tamil Nadu, Puducherry & Karaikal",South Peninsula,coastal_plains,1,11.12,78.65,10,4.8,8.5,-3.7,0.667,68.8,7.4,2.6,60.2,0,None,NOAA GFS 0.25° Operational GRIB2,00Z,f219,f243,IMD 24h Daily Gridded Observation,2023-07-25,area_weighted_lat_cosine_polygon_integral,24h (03:00 UTC to 03:00 UTC / 08:30 IST to 08:30 IST)
2023-07-15,2023-07-16,SUB_32,Coastal Karnataka,South Peninsula,coastal_ghats,1,13.8,74.8,1,12.5,8.5,4.0,0.667,53.8,7.6,4.9,35.0,0,None,NOAA GFS 0.25° Operational GRIB2,00Z,f003,f027,IMD 24h Daily Gridded Observation,2023-07-16,area_weighted_lat_cosine_polygon_integral,24h (03:00 UTC to 03:00 UTC / 08:30 IST to 08:30 IST)
2023-07-15,2023-07-17,SUB_32,Coastal Karnataka,South Peninsula,coastal_ghats,1,13.8,74.8,2,12.3,8.5,3.8,0.667,53.8,6.4,5.9,37.8,0,None,NOAA GFS 0.25° Operational GRIB2,00Z,f027,f051,IMD 24h Daily Gridded Observation,2023-07-17,area_weighted_lat_cosine_polygon_integral,24h (03:00 UTC to 03:00 UTC / 08:30 IST to 08:30 IST)
2023-07-15,2023-07-18,SUB_32,Coastal Karnataka,South Peninsula,coastal_ghats,1,13.8,74.8,3,20.5,8.5,12.0,0.667,53.8,41.2,20.7,40.6,0,None,NOAA GFS 0.25° Operational GRIB2,00Z,f051,f075,IMD 24h Daily Gridded Observation,2023-07-18,area_weighted_lat_cosine_polygon_integral,24h (03:00 UTC to 03:00 UTC / 08:30 IST to 08:30 IST)
2023-07-15,2023-07-19,SUB_32,Coastal Karnataka,South Peninsula,coastal_ghats,1,13.8,74.8,4,17.8,8.5,9.3,0.667,53.8,47.9,30.1,43.4,0,None,NOAA GFS 0.25° Operational GRIB2,00Z,f075,f099,IMD 24h Daily Gridded Observation,2023-07-19,area_weighted_lat_cosine_polygon_integral,24h (03:00 UTC to 03:00 UTC / 08:30 IST to 08:30 IST)
2023-07-15,2023-07-20,SUB_32,Coastal Karnataka,South Peninsula,coastal_ghats,1,13.8,74.8,5,21.6,8.5,13.1,0.667,53.8,62.1,40.5,46.2,0,None,NOAA GFS 0.25° Operational GRIB2,00Z,f099,f123,IMD 24h Daily Gridded Observation,2023-07-20,area_weighted_lat_cosine_polygon_integral,24h (03:00 UTC to 03:00 UTC / 08:30 IST to 08:30 IST)
2023-07-15,2023-07-21,SUB_32,Coastal Karnataka,South Peninsula,coastal_ghats,1,13.8,74.8,6,24.0,8.5,15.5,0.667,53.8,47.9,23.9,49.0,0,None,NOAA GFS 0.25° Operational GRIB2,00Z,f123,f147,IMD 24h Daily Gridded Observation,2023-07-21,area_weighted_lat_cosine_polygon_integral,24h (03:00 UTC to 03:00 UTC / 08:30 IST to 08:30 IST)
2023-07-15,2023-07-22,SUB_32,Coastal Karnataka,South Peninsula,coastal_ghats,1,13.8,74.8,7,30.2,8.5,21.7,0.667,53.8,65.7,35.5,51.8,0,None,NOAA GFS 0.25° Operational GRIB2,00Z,f147,f171,IMD 24h Daily Gridded Observation,2023-07-22,area_weighted_lat_cosine_polygon_integral,24h (03:00 UTC to 03:00 UTC / 08:30 IST to 08:30 IST)
2023-07-15,2023-07-23,SUB_32,Coastal Karnataka,South Peninsula,coastal_ghats,1,13.8,74.8,8,34.7,8.5,26.2,0.667,68.8,62.3,27.6,54.6,0,None,NOAA GFS 0.25° Operational GRIB2,00Z,f171,f195,IMD 24h Daily Gridded Observation,2023-07-23,area_weighted_lat_cosine_polygon_integral,24h (03:00 UTC to 03:00 UTC / 08:30 IST to 08:30 IST)
2023-07-15,2023-07-24,SUB_32,Coastal Karnataka,South Peninsula,coastal_ghats,1,13.8,74.8,9,34.0,8.5,25.5,0.667,68.8,51.0,17.0,57.4,0,None,NOAA GFS 0.25° Operational GRIB2,00Z,f195,f219,IMD 24h Daily Gridded Observation,2023-07-24,area_weighted_lat_cosine_polygon_integral,24h (03:00 UTC to 03:00 UTC / 08:30 IST to 08:30 IST)
2023-07-15,2023-07-25,SUB_32,Coastal Karnataka,South Peninsula,coastal_ghats,1,13.8,74.8,10,26.2,8.5,17.7,0.667,68.8,77.0,50.8,60.2,0,None,NOAA GFS 0.25° Operational GRIB2,00Z,f219,f243,IMD 24h Daily Gridded Observation,2023-07-25,area_weighted_lat_cosine_polygon_integral,24h (03:00 UTC to 03:00 UTC / 08:30 IST to 08:30 IST)
2023-07-15,2023-07-16,SUB_33,North Interior Karnataka,South Peninsula,plateau,0,15.8,76.0,1,1.1,8.5,-7.4,0.667,53.8,2.2,1.1,35.0,0,None,NOAA GFS 0.25° Operational GRIB2,00Z,f003,f027,IMD 24h Daily Gridded Observation,2023-07-16,area_weighted_lat_cosine_polygon_integral,24h (03:00 UTC to 03:00 UTC / 08:30 IST to 08:30 IST)
2023-07-15,2023-07-17,SUB_33,North Interior Karnataka,South Peninsula,plateau,0,15.8,76.0,2,3.0,8.5,-5.5,0.667,53.8,1.5,1.5,37.8,0,None,NOAA GFS 0.25° Operational GRIB2,00Z,f027,f051,IMD 24h Daily Gridded Observation,2023-07-17,area_weighted_lat_cosine_polygon_integral,24h (03:00 UTC to 03:00 UTC / 08:30 IST to 08:30 IST)
2023-07-15,2023-07-18,SUB_33,North Interior Karnataka,South Peninsula,plateau,0,15.8,76.0,3,1.3,8.5,-7.2,0.667,53.8,3.0,1.7,40.6,0,None,NOAA GFS 0.25° Operational GRIB2,00Z,f051,f075,IMD 24h Daily Gridded Observation,2023-07-18,area_weighted_lat_cosine_polygon_integral,24h (03:00 UTC to 03:00 UTC / 08:30 IST to 08:30 IST)
2023-07-15,2023-07-19,SUB_33,North Interior Karnataka,South Peninsula,plateau,0,15.8,76.0,4,2.2,8.5,-6.3,0.667,53.8,20.7,18.5,43.4,1,Category Failure (>=2 Cats),NOAA GFS 0.25° Operational GRIB2,00Z,f075,f099,IMD 24h Daily Gridded Observation,2023-07-19,area_weighted_lat_cosine_polygon_integral,24h (03:00 UTC to 03:00 UTC / 08:30 IST to 08:30 IST)
2023-07-15,2023-07-20,SUB_33,North Interior Karnataka,South Peninsula,plateau,0,15.8,76.0,5,1.8,8.5,-6.7,0.667,53.8,9.4,7.6,46.2,0,None,NOAA GFS 0.25° Operational GRIB2,00Z,f099,f123,IMD 24h Daily Gridded Observation,2023-07-20,area_weighted_lat_cosine_polygon_integral,24h (03:00 UTC to 03:00 UTC / 08:30 IST to 08:30 IST)
2023-07-15,2023-07-21,SUB_33,North Interior Karnataka,South Peninsula,plateau,0,15.8,76.0,6,12.7,8.5,4.2,0.667,53.8,24.3,11.6,49.0,0,None,NOAA GFS 0.25° Operational GRIB2,00Z,f123,f147,IMD 24h Daily Gridded Observation,2023-07-21,area_weighted_lat_cosine_polygon_integral,24h (03:00 UTC to 03:00 UTC / 08:30 IST to 08:30 IST)
2023-07-15,2023-07-22,SUB_33,North Interior Karnataka,South Peninsula,plateau,0,15.8,76.0,7,17.6,8.5,9.1,0.667,68.8,3.3,14.3,51.8,0,None,NOAA GFS 0.25° Operational GRIB2,00Z,f147,f171,IMD 24h Daily Gridded Observation,2023-07-22,area_weighted_lat_cosine_polygon_integral,24h (03:00 UTC to 03:00 UTC / 08:30 IST to 08:30 IST)
2023-07-15,2023-07-23,SUB_33,North Interior Karnataka,South Peninsula,plateau,0,15.8,76.0,8,3.5,8.5,-5.0,0.667,68.8,5.4,1.9,54.6,0,None,NOAA GFS 0.25° Operational GRIB2,00Z,f171,f195,IMD 24h Daily Gridded Observation,2023-07-23,area_weighted_lat_cosine_polygon_integral,24h (03:00 UTC to 03:00 UTC / 08:30 IST to 08:30 IST)
2023-07-15,2023-07-24,SUB_33,North Interior Karnataka,South Peninsula,plateau,0,15.8,76.0,9,11.1,8.5,2.6,0.667,68.8,7.0,4.1,57.4,0,None,NOAA GFS 0.25° Operational GRIB2,00Z,f195,f219,IMD 24h Daily Gridded Observation,2023-07-24,area_weighted_lat_cosine_polygon_integral,24h (03:00 UTC to 03:00 UTC / 08:30 IST to 08:30 IST)
2023-07-15,2023-07-25,SUB_33,North Interior Karnataka,South Peninsula,plateau,0,15.8,76.0,10,13.6,8.5,5.1,0.667,68.8,15.6,2.0,60.2,0,None,NOAA GFS 0.25° Operational GRIB2,00Z,f219,f243,IMD 24h Daily Gridded Observation,2023-07-25,area_weighted_lat_cosine_polygon_integral,24h (03:00 UTC to 03:00 UTC / 08:30 IST to 08:30 IST)
2023-07-15,2023-07-16,SUB_34,South Interior Karnataka,South Peninsula,plateau_ghats,0,13.0,76.5,1,1.4,8.5,-7.1,0.667,53.8,1.3,0.1,35.0,0,None,NOAA GFS 0.25° Operational GRIB2,00Z,f003,f027,IMD 24h Daily Gridded Observation,2023-07-16,area_weighted_lat_cosine_polygon_integral,24h (03:00 UTC to 03:00 UTC / 08:30 IST to 08:30 IST)
2023-07-15,2023-07-17,SUB_34,South Interior Karnataka,South Peninsula,plateau_ghats,0,13.0,76.5,2,1.1,8.5,-7.4,0.667,53.8,0.5,0.6,37.8,0,None,NOAA GFS 0.25° Operational GRIB2,00Z,f027,f051,IMD 24h Daily Gridded Observation,2023-07-17,area_weighted_lat_cosine_polygon_integral,24h (03:00 UTC to 03:00 UTC / 08:30 IST to 08:30 IST)
2023-07-15,2023-07-18,SUB_34,South Interior Karnataka,South Peninsula,plateau_ghats,0,13.0,76.5,3,3.2,8.5,-5.3,0.667,53.8,0.9,2.3,40.6,0,None,NOAA GFS 0.25° Operational GRIB2,00Z,f051,f075,IMD 24h Daily Gridded Observation,2023-07-18,area_weighted_lat_cosine_polygon_integral,24h (03:00 UTC to 03:00 UTC / 08:30 IST to 08:30 IST)
2023-07-15,2023-07-19,SUB_34,South Interior Karnataka,South Peninsula,plateau_ghats,0,13.0,76.5,4,2.8,8.5,-5.7,0.667,53.8,0.6,2.2,43.4,0,None,NOAA GFS 0.25° Operational GRIB2,00Z,f075,f099,IMD 24h Daily Gridded Observation,2023-07-19,area_weighted_lat_cosine_polygon_integral,24h (03:00 UTC to 03:00 UTC / 08:30 IST to 08:30 IST)
2023-07-15,2023-07-20,SUB_34,South Interior Karnataka,South Peninsula,plateau_ghats,0,13.0,76.5,5,4.2,8.5,-4.3,0.667,53.8,3.6,0.6,46.2,0,None,NOAA GFS 0.25° Operational GRIB2,00Z,f099,f123,IMD 24h Daily Gridded Observation,2023-07-20,area_weighted_lat_cosine_polygon_integral,24h (03:00 UTC to 03:00 UTC / 08:30 IST to 08:30 IST)
2023-07-15,2023-07-21,SUB_34,South Interior Karnataka,South Peninsula,plateau_ghats,0,13.0,76.5,6,5.5,8.5,-3.0,0.667,53.8,1.0,4.5,49.0,0,None,NOAA GFS 0.25° Operational GRIB2,00Z,f123,f147,IMD 24h Daily Gridded Observation,2023-07-21,area_weighted_lat_cosine_polygon_integral,24h (03:00 UTC to 03:00 UTC / 08:30 IST to 08:30 IST)
2023-07-15,2023-07-22,SUB_34,South Interior Karnataka,South Peninsula,plateau_ghats,0,13.0,76.5,7,6.8,8.5,-1.7,0.667,68.8,0.9,5.9,51.8,0,None,NOAA GFS 0.25° Operational GRIB2,00Z,f147,f171,IMD 24h Daily Gridded Observation,2023-07-22,area_weighted_lat_cosine_polygon_integral,24h (03:00 UTC to 03:00 UTC / 08:30 IST to 08:30 IST)
2023-07-15,2023-07-23,SUB_34,South Interior Karnataka,South Peninsula,plateau_ghats,0,13.0,76.5,8,6.6,8.5,-1.9,0.667,68.8,11.7,5.1,54.6,0,None,NOAA GFS 0.25° Operational GRIB2,00Z,f171,f195,IMD 24h Daily Gridded Observation,2023-07-23,area_weighted_lat_cosine_polygon_integral,24h (03:00 UTC to 03:00 UTC / 08:30 IST to 08:30 IST)
2023-07-15,2023-07-24,SUB_34,South Interior Karnataka,South Peninsula,plateau_ghats,0,13.0,76.5,9,6.3,8.5,-2.2,0.667,68.8,11.2,4.9,57.4,0,None,NOAA GFS 0.25° Operational GRIB2,00Z,f195,f219,IMD 24h Daily Gridded Observation,2023-07-24,area_weighted_lat_cosine_polygon_integral,24h (03:00 UTC to 03:00 UTC / 08:30 IST to 08:30 IST)
2023-07-15,2023-07-25,SUB_34,South Interior Karnataka,South Peninsula,plateau_ghats,0,13.0,76.5,10,5.5,8.5,-3.0,0.667,68.8,19.5,14.0,60.2,0,None,NOAA GFS 0.25° Operational GRIB2,00Z,f219,f243,IMD 24h Daily Gridded Observation,2023-07-25,area_weighted_lat_cosine_polygon_integral,24h (03:00 UTC to 03:00 UTC / 08:30 IST to 08:30 IST)
2023-07-15,2023-07-16,SUB_35,Kerala & Mahe,South Peninsula,coastal_ghats,1,10.85,76.27,1,3.3,8.5,-5.2,0.667,53.8,1.8,1.5,35.0,0,None,NOAA GFS 0.25° Operational GRIB2,00Z,f003,f027,IMD 24h Daily Gridded Observation,2023-07-16,area_weighted_lat_cosine_polygon_integral,24h (03:00 UTC to 03:00 UTC / 08:30 IST to 08:30 IST)
2023-07-15,2023-07-17,SUB_35,Kerala & Mahe,South Peninsula,coastal_ghats,1,10.85,76.27,2,2.2,8.5,-6.3,0.667,53.8,3.5,1.3,37.8,0,None,NOAA GFS 0.25° Operational GRIB2,00Z,f027,f051,IMD 24h Daily Gridded Observation,2023-07-17,area_weighted_lat_cosine_polygon_integral,24h (03:00 UTC to 03:00 UTC / 08:30 IST to 08:30 IST)
2023-07-15,2023-07-18,SUB_35,Kerala & Mahe,South Peninsula,coastal_ghats,1,10.85,76.27,3,5.6,8.5,-2.9,0.667,53.8,7.1,1.5,40.6,0,None,NOAA GFS 0.25° Operational GRIB2,00Z,f051,f075,IMD 24h Daily Gridded Observation,2023-07-18,area_weighted_lat_cosine_polygon_integral,24h (03:00 UTC to 03:00 UTC / 08:30 IST to 08:30 IST)
2023-07-15,2023-07-19,SUB_35,Kerala & Mahe,South Peninsula,coastal_ghats,1,10.85,76.27,4,4.8,8.5,-3.7,0.667,53.8,7.1,2.3,43.4,0,None,NOAA GFS 0.25° Operational GRIB2,00Z,f075,f099,IMD 24h Daily Gridded Observation,2023-07-19,area_weighted_lat_cosine_polygon_integral,24h (03:00 UTC to 03:00 UTC / 08:30 IST to 08:30 IST)
2023-07-15,2023-07-20,SUB_35,Kerala & Mahe,South Peninsula,coastal_ghats,1,10.85,76.27,5,8.7,8.5,0.2,0.667,53.8,6.6,2.1,46.2,0,None,NOAA GFS 0.25° Operational GRIB2,00Z,f099,f123,IMD 24h Daily Gridded Observation,2023-07-20,area_weighted_lat_cosine_polygon_integral,24h (03:00 UTC to 03:00 UTC / 08:30 IST to 08:30 IST)
2023-07-15,2023-07-21,SUB_35,Kerala & Mahe,South Peninsula,coastal_ghats,1,10.85,76.27,6,11.3,8.5,2.8,0.667,53.8,3.2,8.1,49.0,0,None,NOAA GFS 0.25° Operational GRIB2,00Z,f123,f147,IMD 24h Daily Gridded Observation,2023-07-21,area_weighted_lat_cosine_polygon_integral,24h (03:00 UTC to 03:00 UTC / 08:30 IST to 08:30 IST)
2023-07-15,2023-07-22,SUB_35,Kerala & Mahe,South Peninsula,coastal_ghats,1,10.85,76.27,7,17.9,8.5,9.4,0.667,68.8,4.4,13.5,51.8,0,None,NOAA GFS 0.25° Operational GRIB2,00Z,f147,f171,IMD 24h Daily Gridded Observation,2023-07-22,area_weighted_lat_cosine_polygon_integral,24h (03:00 UTC to 03:00 UTC / 08:30 IST to 08:30 IST)
2023-07-15,2023-07-23,SUB_35,Kerala & Mahe,South Peninsula,coastal_ghats,1,10.85,76.27,8,19.2,8.5,10.7,0.667,68.8,11.8,7.4,54.6,0,None,NOAA GFS 0.25° Operational GRIB2,00Z,f171,f195,IMD 24h Daily Gridded Observation,2023-07-23,area_weighted_lat_cosine_polygon_integral,24h (03:00 UTC to 03:00 UTC / 08:30 IST to 08:30 IST)
2023-07-15,2023-07-24,SUB_35,Kerala & Mahe,South Peninsula,coastal_ghats,1,10.85,76.27,9,21.9,8.5,13.4,0.667,68.8,19.1,2.8,57.4,0,None,NOAA GFS 0.25° Operational GRIB2,00Z,f195,f219,IMD 24h Daily Gridded Observation,2023-07-24,area_weighted_lat_cosine_polygon_integral,24h (03:00 UTC to 03:00 UTC / 08:30 IST to 08:30 IST)
2023-07-15,2023-07-25,SUB_35,Kerala & Mahe,South Peninsula,coastal_ghats,1,10.85,76.27,10,19.6,8.5,11.1,0.667,68.8,13.9,5.7,60.2,0,None,NOAA GFS 0.25° Operational GRIB2,00Z,f219,f243,IMD 24h Daily Gridded Observation,2023-07-25,area_weighted_lat_cosine_polygon_integral,24h (03:00 UTC to 03:00 UTC / 08:30 IST to 08:30 IST)
2023-07-15,2023-07-16,SUB_36,Lakshadweep,South Peninsula,island,0,10.56,72.64,1,4.7,8.5,-3.8,0.667,53.8,1.0,3.7,35.0,0,None,NOAA GFS 0.25° Operational GRIB2,00Z,f003,f027,IMD 24h Daily Gridded Observation,2023-07-16,area_weighted_lat_cosine_polygon_integral,24h (03:00 UTC to 03:00 UTC / 08:30 IST to 08:30 IST)
2023-07-15,2023-07-17,SUB_36,Lakshadweep,South Peninsula,island,0,10.56,72.64,2,1.1,8.5,-7.4,0.667,53.8,0.4,0.7,37.8,0,None,NOAA GFS 0.25° Operational GRIB2,00Z,f027,f051,IMD 24h Daily Gridded Observation,2023-07-17,area_weighted_lat_cosine_polygon_integral,24h (03:00 UTC to 03:00 UTC / 08:30 IST to 08:30 IST)
2023-07-15,2023-07-18,SUB_36,Lakshadweep,South Peninsula,island,0,10.56,72.64,3,1.1,8.5,-7.4,0.667,53.8,0.1,1.0,40.6,0,None,NOAA GFS 0.25° Operational GRIB2,00Z,f051,f075,IMD 24h Daily Gridded Observation,2023-07-18,area_weighted_lat_cosine_polygon_integral,24h (03:00 UTC to 03:00 UTC / 08:30 IST to 08:30 IST)
2023-07-15,2023-07-19,SUB_36,Lakshadweep,South Peninsula,island,0,10.56,72.64,4,1.5,8.5,-7.0,0.667,53.8,0.3,1.2,43.4,0,None,NOAA GFS 0.25° Operational GRIB2,00Z,f075,f099,IMD 24h Daily Gridded Observation,2023-07-19,area_weighted_lat_cosine_polygon_integral,24h (03:00 UTC to 03:00 UTC / 08:30 IST to 08:30 IST)
2023-07-15,2023-07-20,SUB_36,Lakshadweep,South Peninsula,island,0,10.56,72.64,5,3.7,8.5,-4.8,0.667,53.8,0.3,3.4,46.2,0,None,NOAA GFS 0.25° Operational GRIB2,00Z,f099,f123,IMD 24h Daily Gridded Observation,2023-07-20,area_weighted_lat_cosine_polygon_integral,24h (03:00 UTC to 03:00 UTC / 08:30 IST to 08:30 IST)
2023-07-15,2023-07-21,SUB_36,Lakshadweep,South Peninsula,island,0,10.56,72.64,6,3.1,8.5,-5.4,0.667,68.8,0.0,3.1,49.0,0,None,NOAA GFS 0.25° Operational GRIB2,00Z,f123,f147,IMD 24h Daily Gridded Observation,2023-07-21,area_weighted_lat_cosine_polygon_integral,24h (03:00 UTC to 03:00 UTC / 08:30 IST to 08:30 IST)
2023-07-15,2023-07-22,SUB_36,Lakshadweep,South Peninsula,island,0,10.56,72.64,7,5.3,8.5,-3.2,0.667,68.8,0.6,4.7,51.8,0,None,NOAA GFS 0.25° Operational GRIB2,00Z,f147,f171,IMD 24h Daily Gridded Observation,2023-07-22,area_weighted_lat_cosine_polygon_integral,24h (03:00 UTC to 03:00 UTC / 08:30 IST to 08:30 IST)
2023-07-15,2023-07-23,SUB_36,Lakshadweep,South Peninsula,island,0,10.56,72.64,8,7.9,8.5,-0.6,0.667,68.8,8.7,0.8,54.6,0,None,NOAA GFS 0.25° Operational GRIB2,00Z,f171,f195,IMD 24h Daily Gridded Observation,2023-07-23,area_weighted_lat_cosine_polygon_integral,24h (03:00 UTC to 03:00 UTC / 08:30 IST to 08:30 IST)
2023-07-15,2023-07-24,SUB_36,Lakshadweep,South Peninsula,island,0,10.56,72.64,9,9.4,8.5,0.9,0.667,68.8,13.3,3.9,57.4,0,None,NOAA GFS 0.25° Operational GRIB2,00Z,f195,f219,IMD 24h Daily Gridded Observation,2023-07-24,area_weighted_lat_cosine_polygon_integral,24h (03:00 UTC to 03:00 UTC / 08:30 IST to 08:30 IST)
2023-07-15,2023-07-25,SUB_36,Lakshadweep,South Peninsula,island,0,10.56,72.64,10,5.8,8.5,-2.7,0.667,68.8,2.6,3.2,60.2,0,None,NOAA GFS 0.25° Operational GRIB2,00Z,f219,f243,IMD 24h Daily Gridded Observation,2023-07-25,area_weighted_lat_cosine_polygon_integral,24h (03:00 UTC to 03:00 UTC / 08:30 IST to 08:30 IST)
2024-08-25,2024-08-26,SUB_01,Andaman & Nicobar Islands,South Peninsula,island,0,11.74,92.65,1,9.7,8.5,1.2,0.667,80.5,6.0,3.7,35.0,0,None,NOAA GFS 0.25° Operational GRIB2,00Z,f003,f027,IMD 24h Daily Gridded Observation,2024-08-26,area_weighted_lat_cosine_polygon_integral,24h (03:00 UTC to 03:00 UTC / 08:30 IST to 08:30 IST)
2024-08-25,2024-08-27,SUB_01,Andaman & Nicobar Islands,South Peninsula,island,0,11.74,92.65,2,19.4,8.5,10.9,0.667,80.5,17.0,2.4,37.8,0,None,NOAA GFS 0.25° Operational GRIB2,00Z,f027,f051,IMD 24h Daily Gridded Observation,2024-08-27,area_weighted_lat_cosine_polygon_integral,24h (03:00 UTC to 03:00 UTC / 08:30 IST to 08:30 IST)
2024-08-25,2024-08-28,SUB_01,Andaman & Nicobar Islands,South Peninsula,island,0,11.74,92.65,3,27.8,8.5,19.3,0.667,80.5,12.7,15.1,40.6,0,None,NOAA GFS 0.25° Operational GRIB2,00Z,f051,f075,IMD 24h Daily Gridded Observation,2024-08-28,area_weighted_lat_cosine_polygon_integral,24h (03:00 UTC to 03:00 UTC / 08:30 IST to 08:30 IST)
2024-08-25,2024-08-29,SUB_01,Andaman & Nicobar Islands,South Peninsula,island,0,11.74,92.65,4,47.4,8.5,38.9,1.0,98.0,45.4,2.0,43.4,0,None,NOAA GFS 0.25° Operational GRIB2,00Z,f075,f099,IMD 24h Daily Gridded Observation,2024-08-29,area_weighted_lat_cosine_polygon_integral,24h (03:00 UTC to 03:00 UTC / 08:30 IST to 08:30 IST)
2024-08-25,2024-08-30,SUB_01,Andaman & Nicobar Islands,South Peninsula,island,0,11.74,92.65,5,22.0,8.5,13.5,0.667,43.5,25.1,3.1,46.2,0,None,NOAA GFS 0.25° Operational GRIB2,00Z,f099,f123,IMD 24h Daily Gridded Observation,2024-08-30,area_weighted_lat_cosine_polygon_integral,24h (03:00 UTC to 03:00 UTC / 08:30 IST to 08:30 IST)
2024-08-25,2024-08-31,SUB_01,Andaman & Nicobar Islands,South Peninsula,island,0,11.74,92.65,6,12.1,8.5,3.6,0.667,43.5,39.5,27.4,49.0,0,None,NOAA GFS 0.25° Operational GRIB2,00Z,f123,f147,IMD 24h Daily Gridded Observation,2024-08-31,area_weighted_lat_cosine_polygon_integral,24h (03:00 UTC to 03:00 UTC / 08:30 IST to 08:30 IST)
2024-08-25,2024-09-01,SUB_01,Andaman & Nicobar Islands,South Peninsula,island,0,11.74,92.65,7,8.1,8.5,-0.4,0.667,43.5,15.1,7.0,51.8,0,None,NOAA GFS 0.25° Operational GRIB2,00Z,f147,f171,IMD 24h Daily Gridded Observation,2024-09-01,area_weighted_lat_cosine_polygon_integral,24h (03:00 UTC to 03:00 UTC / 08:30 IST to 08:30 IST)
2024-08-25,2024-09-02,SUB_01,Andaman & Nicobar Islands,South Peninsula,island,0,11.74,92.65,8,20.3,8.5,11.8,0.667,43.5,3.9,16.4,54.6,0,None,NOAA GFS 0.25° Operational GRIB2,00Z,f171,f195,IMD 24h Daily Gridded Observation,2024-09-02,area_weighted_lat_cosine_polygon_integral,24h (03:00 UTC to 03:00 UTC / 08:30 IST to 08:30 IST)
2024-08-25,2024-09-03,SUB_01,Andaman & Nicobar Islands,South Peninsula,island,0,11.74,92.65,9,20.9,8.5,12.4,0.667,43.5,20.2,0.7,57.4,0,None,NOAA GFS 0.25° Operational GRIB2,00Z,f195,f219,IMD 24h Daily Gridded Observation,2024-09-03,area_weighted_lat_cosine_polygon_integral,24h (03:00 UTC to 03:00 UTC / 08:30 IST to 08:30 IST)
2024-08-25,2024-09-04,SUB_01,Andaman & Nicobar Islands,South Peninsula,island,0,11.74,92.65,10,32.2,8.5,23.7,1.0,64.7,38.0,5.8,60.2,0,None,NOAA GFS 0.25° Operational GRIB2,00Z,f219,f243,IMD 24h Daily Gridded Observation,2024-09-04,area_weighted_lat_cosine_polygon_integral,24h (03:00 UTC to 03:00 UTC / 08:30 IST to 08:30 IST)
2024-08-25,2024-08-26,SUB_02,Arunachal Pradesh,East & Northeast,himalayan,0,28.21,94.72,1,12.6,14.0,-1.4,0.667,80.5,0.5,12.1,35.0,0,None,NOAA GFS 0.25° Operational GRIB2,00Z,f003,f027,IMD 24h Daily Gridded Observation,2024-08-26,area_weighted_lat_cosine_polygon_integral,24h (03:00 UTC to 03:00 UTC / 08:30 IST to 08:30 IST)
2024-08-25,2024-08-27,SUB_02,Arunachal Pradesh,East & Northeast,himalayan,0,28.21,94.72,2,5.4,14.0,-8.6,0.667,43.5,1.6,3.8,37.8,0,None,NOAA GFS 0.25° Operational GRIB2,00Z,f027,f051,IMD 24h Daily Gridded Observation,2024-08-27,area_weighted_lat_cosine_polygon_integral,24h (03:00 UTC to 03:00 UTC / 08:30 IST to 08:30 IST)
2024-08-25,2024-08-28,SUB_02,Arunachal Pradesh,East & Northeast,himalayan,0,28.21,94.72,3,6.7,14.0,-7.3,0.667,43.5,9.3,2.6,40.6,0,None,NOAA GFS 0.25° Operational GRIB2,00Z,f051,f075,IMD 24h Daily Gridded Observation,2024-08-28,area_weighted_lat_cosine_polygon_integral,24h (03:00 UTC to 03:00 UTC / 08:30 IST to 08:30 IST)
2024-08-25,2024-08-29,SUB_02,Arunachal Pradesh,East & Northeast,himalayan,0,28.21,94.72,4,8.7,14.0,-5.3,0.667,43.5,0.2,8.5,43.4,0,None,NOAA GFS 0.25° Operational GRIB2,00Z,f075,f099,IMD 24h Daily Gridded Observation,2024-08-29,area_weighted_lat_cosine_polygon_integral,24h (03:00 UTC to 03:00 UTC / 08:30 IST to 08:30 IST)
2024-08-25,2024-08-30,SUB_02,Arunachal Pradesh,East & Northeast,himalayan,0,28.21,94.72,5,6.2,14.0,-7.8,0.667,43.5,0.0,6.2,46.2,0,None,NOAA GFS 0.25° Operational GRIB2,00Z,f099,f123,IMD 24h Daily Gridded Observation,2024-08-30,area_weighted_lat_cosine_polygon_integral,24h (03:00 UTC to 03:00 UTC / 08:30 IST to 08:30 IST)
2024-08-25,2024-08-31,SUB_02,Arunachal Pradesh,East & Northeast,himalayan,0,28.21,94.72,6,6.8,14.0,-7.2,0.667,43.5,8.2,1.4,49.0,0,None,NOAA GFS 0.25° Operational GRIB2,00Z,f123,f147,IMD 24h Daily Gridded Observation,2024-08-31,area_weighted_lat_cosine_polygon_integral,24h (03:00 UTC to 03:00 UTC / 08:30 IST to 08:30 IST)
2024-08-25,2024-09-01,SUB_02,Arunachal Pradesh,East & Northeast,himalayan,0,28.21,94.72,7,9.6,14.0,-4.4,0.667,43.5,9.1,0.5,51.8,0,None,NOAA GFS 0.25° Operational GRIB2,00Z,f147,f171,IMD 24h Daily Gridded Observation,2024-09-01,area_weighted_lat_cosine_polygon_integral,24h (03:00 UTC to 03:00 UTC / 08:30 IST to 08:30 IST)
2024-08-25,2024-09-02,SUB_02,Arunachal Pradesh,East & Northeast,himalayan,0,28.21,94.72,8,8.7,14.0,-5.3,0.667,43.5,0.4,8.3,54.6,0,None,NOAA GFS 0.25° Operational GRIB2,00Z,f171,f195,IMD 24h Daily Gridded Observation,2024-09-02,area_weighted_lat_cosine_polygon_integral,24h (03:00 UTC to 03:00 UTC / 08:30 IST to 08:30 IST)
2024-08-25,2024-09-03,SUB_02,Arunachal Pradesh,East & Northeast,himalayan,0,28.21,94.72,9,8.6,14.0,-5.4,0.667,43.5,12.8,4.2,57.4,0,None,NOAA GFS 0.25° Operational GRIB2,00Z,f195,f219,IMD 24h Daily Gridded Observation,2024-09-03,area_weighted_lat_cosine_polygon_integral,24h (03:00 UTC to 03:00 UTC / 08:30 IST to 08:30 IST)
2024-08-25,2024-09-04,SUB_02,Arunachal Pradesh,East & Northeast,himalayan,0,28.21,94.72,10,7.6,14.0,-6.4,0.667,43.5,27.0,19.4,60.2,0,None,NOAA GFS 0.25° Operational GRIB2,00Z,f219,f243,IMD 24h Daily Gridded Observation,2024-09-04,area_weighted_lat_cosine_polygon_integral,24h (03:00 UTC to 03:00 UTC / 08:30 IST to 08:30 IST)
2024-08-25,2024-08-26,SUB_03,Assam & Meghalaya,East & Northeast,hills_valleys,0,26.2,92.93,1,11.6,14.0,-2.4,0.667,80.5,6.5,5.1,35.0,0,None,NOAA GFS 0.25° Operational GRIB2,00Z,f003,f027,IMD 24h Daily Gridded Observation,2024-08-26,area_weighted_lat_cosine_polygon_integral,24h (03:00 UTC to 03:00 UTC / 08:30 IST to 08:30 IST)
2024-08-25,2024-08-27,SUB_03,Assam & Meghalaya,East & Northeast,hills_valleys,0,26.2,92.93,2,6.2,14.0,-7.8,0.667,43.5,0.3,5.9,37.8,0,None,NOAA GFS 0.25° Operational GRIB2,00Z,f027,f051,IMD 24h Daily Gridded Observation,2024-08-27,area_weighted_lat_cosine_polygon_integral,24h (03:00 UTC to 03:00 UTC / 08:30 IST to 08:30 IST)
2024-08-25,2024-08-28,SUB_03,Assam & Meghalaya,East & Northeast,hills_valleys,0,26.2,92.93,3,5.9,14.0,-8.1,0.667,43.5,7.4,1.5,40.6,0,None,NOAA GFS 0.25° Operational GRIB2,00Z,f051,f075,IMD 24h Daily Gridded Observation,2024-08-28,area_weighted_lat_cosine_polygon_integral,24h (03:00 UTC to 03:00 UTC / 08:30 IST to 08:30 IST)
2024-08-25,2024-08-29,SUB_03,Assam & Meghalaya,East & Northeast,hills_valleys,0,26.2,92.93,4,9.6,14.0,-4.4,0.667,43.5,1.6,8.0,43.4,0,None,NOAA GFS 0.25° Operational GRIB2,00Z,f075,f099,IMD 24h Daily Gridded Observation,2024-08-29,area_weighted_lat_cosine_polygon_integral,24h (03:00 UTC to 03:00 UTC / 08:30 IST to 08:30 IST)
2024-08-25,2024-08-30,SUB_03,Assam & Meghalaya,East & Northeast,hills_valleys,0,26.2,92.93,5,7.9,14.0,-6.1,0.667,43.5,4.0,3.9,46.2,0,None,NOAA GFS 0.25° Operational GRIB2,00Z,f099,f123,IMD 24h Daily Gridded Observation,2024-08-30,area_weighted_lat_cosine_polygon_integral,24h (03:00 UTC to 03:00 UTC / 08:30 IST to 08:30 IST)
2024-08-25,2024-08-31,SUB_03,Assam & Meghalaya,East & Northeast,hills_valleys,0,26.2,92.93,6,8.4,14.0,-5.6,0.667,43.5,32.5,24.1,49.0,0,None,NOAA GFS 0.25° Operational GRIB2,00Z,f123,f147,IMD 24h Daily Gridded Observation,2024-08-31,area_weighted_lat_cosine_polygon_integral,24h (03:00 UTC to 03:00 UTC / 08:30 IST to 08:30 IST)
2024-08-25,2024-09-01,SUB_03,Assam & Meghalaya,East & Northeast,hills_valleys,0,26.2,92.93,7,12.9,14.0,-1.1,0.667,43.5,5.2,7.7,51.8,0,None,NOAA GFS 0.25° Operational GRIB2,00Z,f147,f171,IMD 24h Daily Gridded Observation,2024-09-01,area_weighted_lat_cosine_polygon_integral,24h (03:00 UTC to 03:00 UTC / 08:30 IST to 08:30 IST)
2024-08-25,2024-09-02,SUB_03,Assam & Meghalaya,East & Northeast,hills_valleys,0,26.2,92.93,8,11.9,14.0,-2.1,0.667,43.5,1.5,10.4,54.6,0,None,NOAA GFS 0.25° Operational GRIB2,00Z,f171,f195,IMD 24h Daily Gridded Observation,2024-09-02,area_weighted_lat_cosine_polygon_integral,24h (03:00 UTC to 03:00 UTC / 08:30 IST to 08:30 IST)
2024-08-25,2024-09-03,SUB_03,Assam & Meghalaya,East & Northeast,hills_valleys,0,26.2,92.93,9,15.4,14.0,1.4,0.667,43.5,7.9,7.5,57.4,0,None,NOAA GFS 0.25° Operational GRIB2,00Z,f195,f219,IMD 24h Daily Gridded Observation,2024-09-03,area_weighted_lat_cosine_polygon_integral,24h (03:00 UTC to 03:00 UTC / 08:30 IST to 08:30 IST)
2024-08-25,2024-09-04,SUB_03,Assam & Meghalaya,East & Northeast,hills_valleys,0,26.2,92.93,10,12.5,14.0,-1.5,0.667,43.5,2.0,10.5,60.2,0,None,NOAA GFS 0.25° Operational GRIB2,00Z,f219,f243,IMD 24h Daily Gridded Observation,2024-09-04,area_weighted_lat_cosine_polygon_integral,24h (03:00 UTC to 03:00 UTC / 08:30 IST to 08:30 IST)
2024-08-25,2024-08-26,SUB_04,"Nagaland, Manipur, Mizoram & Tripura",East & Northeast,hills,0,24.81,93.93,1,18.0,14.0,4.0,0.667,80.5,4.4,13.6,35.0,0,None,NOAA GFS 0.25° Operational GRIB2,00Z,f003,f027,IMD 24h Daily Gridded Observation,2024-08-26,area_weighted_lat_cosine_polygon_integral,24h (03:00 UTC to 03:00 UTC / 08:30 IST to 08:30 IST)
2024-08-25,2024-08-27,SUB_04,"Nagaland, Manipur, Mizoram & Tripura",East & Northeast,hills,0,24.81,93.93,2,6.7,14.0,-7.3,0.667,43.5,2.3,4.4,37.8,0,None,NOAA GFS 0.25° Operational GRIB2,00Z,f027,f051,IMD 24h Daily Gridded Observation,2024-08-27,area_weighted_lat_cosine_polygon_integral,24h (03:00 UTC to 03:00 UTC / 08:30 IST to 08:30 IST)
2024-08-25,2024-08-28,SUB_04,"Nagaland, Manipur, Mizoram & Tripura",East & Northeast,hills,0,24.81,93.93,3,8.6,14.0,-5.4,0.667,43.5,0.3,8.3,40.6,0,None,NOAA GFS 0.25° Operational GRIB2,00Z,f051,f075,IMD 24h Daily Gridded Observation,2024-08-28,area_weighted_lat_cosine_polygon_integral,24h (03:00 UTC to 03:00 UTC / 08:30 IST to 08:30 IST)
2024-08-25,2024-08-29,SUB_04,"Nagaland, Manipur, Mizoram & Tripura",East & Northeast,hills,0,24.81,93.93,4,11.3,14.0,-2.7,0.667,43.5,1.3,10.0,43.4,0,None,NOAA GFS 0.25° Operational GRIB2,00Z,f075,f099,IMD 24h Daily Gridded Observation,2024-08-29,area_weighted_lat_cosine_polygon_integral,24h (03:00 UTC to 03:00 UTC / 08:30 IST to 08:30 IST)
2024-08-25,2024-08-30,SUB_04,"Nagaland, Manipur, Mizoram & Tripura",East & Northeast,hills,0,24.81,93.93,5,7.2,14.0,-6.8,0.667,43.5,1.8,5.4,46.2,0,None,NOAA GFS 0.25° Operational GRIB2,00Z,f099,f123,IMD 24h Daily Gridded Observation,2024-08-30,area_weighted_lat_cosine_polygon_integral,24h (03:00 UTC to 03:00 UTC / 08:30 IST to 08:30 IST)
2024-08-25,2024-08-31,SUB_04,"Nagaland, Manipur, Mizoram & Tripura",East & Northeast,hills,0,24.81,93.93,6,9.6,14.0,-4.4,0.667,43.5,1.4,8.2,49.0,0,None,NOAA GFS 0.25° Operational GRIB2,00Z,f123,f147,IMD 24h Daily Gridded Observation,2024-08-31,area_weighted_lat_cosine_polygon_integral,24h (03:00 UTC to 03:00 UTC / 08:30 IST to 08:30 IST)
2024-08-25,2024-09-01,SUB_04,"Nagaland, Manipur, Mizoram & Tripura",East & Northeast,hills,0,24.81,93.93,7,11.3,14.0,-2.7,0.667,43.5,9.7,1.6,51.8,0,None,NOAA GFS 0.25° Operational GRIB2,00Z,f147,f171,IMD 24h Daily Gridded Observation,2024-09-01,area_weighted_lat_cosine_polygon_integral,24h (03:00 UTC to 03:00 UTC / 08:30 IST to 08:30 IST)
2024-08-25,2024-09-02,SUB_04,"Nagaland, Manipur, Mizoram & Tripura",East & Northeast,hills,0,24.81,93.93,8,11.9,14.0,-2.1,0.667,43.5,0.6,11.3,54.6,0,None,NOAA GFS 0.25° Operational GRIB2,00Z,f171,f195,IMD 24h Daily Gridded Observation,2024-09-02,area_weighted_lat_cosine_polygon_integral,24h (03:00 UTC to 03:00 UTC / 08:30 IST to 08:30 IST)
2024-08-25,2024-09-03,SUB_04,"Nagaland, Manipur, Mizoram & Tripura",East & Northeast,hills,0,24.81,93.93,9,13.3,14.0,-0.7,0.667,43.5,6.5,6.8,57.4,0,None,NOAA GFS 0.25° Operational GRIB2,00Z,f195,f219,IMD 24h Daily Gridded Observation,2024-09-03,area_weighted_lat_cosine_polygon_integral,24h (03:00 UTC to 03:00 UTC / 08:30 IST to 08:30 IST)
2024-08-25,2024-09-04,SUB_04,"Nagaland, Manipur, Mizoram & Tripura",East & Northeast,hills,0,24.81,93.93,10,14.9,14.0,0.9,0.667,43.5,4.2,10.7,60.2,0,None,NOAA GFS 0.25° Operational GRIB2,00Z,f219,f243,IMD 24h Daily Gridded Observation,2024-09-04,area_weighted_lat_cosine_polygon_integral,24h (03:00 UTC to 03:00 UTC / 08:30 IST to 08:30 IST)
2024-08-25,2024-08-26,SUB_05,Sub-Himalayan West Bengal & Sikkim,East & Northeast,himalayan,0,27.03,88.5,1,7.6,14.0,-6.4,0.667,80.5,22.0,14.4,35.0,0,None,NOAA GFS 0.25° Operational GRIB2,00Z,f003,f027,IMD 24h Daily Gridded Observation,2024-08-26,area_weighted_lat_cosine_polygon_integral,24h (03:00 UTC to 03:00 UTC / 08:30 IST to 08:30 IST)
2024-08-25,2024-08-27,SUB_05,Sub-Himalayan West Bengal & Sikkim,East & Northeast,himalayan,0,27.03,88.5,2,5.4,14.0,-8.6,0.667,43.5,19.2,13.8,37.8,0,None,NOAA GFS 0.25° Operational GRIB2,00Z,f027,f051,IMD 24h Daily Gridded Observation,2024-08-27,area_weighted_lat_cosine_polygon_integral,24h (03:00 UTC to 03:00 UTC / 08:30 IST to 08:30 IST)
2024-08-25,2024-08-28,SUB_05,Sub-Himalayan West Bengal & Sikkim,East & Northeast,himalayan,0,27.03,88.5,3,2.2,14.0,-11.8,0.667,43.5,4.3,2.1,40.6,0,None,NOAA GFS 0.25° Operational GRIB2,00Z,f051,f075,IMD 24h Daily Gridded Observation,2024-08-28,area_weighted_lat_cosine_polygon_integral,24h (03:00 UTC to 03:00 UTC / 08:30 IST to 08:30 IST)
2024-08-25,2024-08-29,SUB_05,Sub-Himalayan West Bengal & Sikkim,East & Northeast,himalayan,0,27.03,88.5,4,2.8,14.0,-11.2,0.667,43.5,9.3,6.5,43.4,0,None,NOAA GFS 0.25° Operational GRIB2,00Z,f075,f099,IMD 24h Daily Gridded Observation,2024-08-29,area_weighted_lat_cosine_polygon_integral,24h (03:00 UTC to 03:00 UTC / 08:30 IST to 08:30 IST)
2024-08-25,2024-08-30,SUB_05,Sub-Himalayan West Bengal & Sikkim,East & Northeast,himalayan,0,27.03,88.5,5,7.5,14.0,-6.5,0.667,43.5,2.4,5.1,46.2,0,None,NOAA GFS 0.25° Operational GRIB2,00Z,f099,f123,IMD 24h Daily Gridded Observation,2024-08-30,area_weighted_lat_cosine_polygon_integral,24h (03:00 UTC to 03:00 UTC / 08:30 IST to 08:30 IST)
2024-08-25,2024-08-31,SUB_05,Sub-Himalayan West Bengal & Sikkim,East & Northeast,himalayan,0,27.03,88.5,6,2.6,14.0,-11.4,0.667,43.5,0.3,2.3,49.0,0,None,NOAA GFS 0.25° Operational GRIB2,00Z,f123,f147,IMD 24h Daily Gridded Observation,2024-08-31,area_weighted_lat_cosine_polygon_integral,24h (03:00 UTC to 03:00 UTC / 08:30 IST to 08:30 IST)
2024-08-25,2024-09-01,SUB_05,Sub-Himalayan West Bengal & Sikkim,East & Northeast,himalayan,0,27.03,88.5,7,12.8,14.0,-1.2,0.667,43.5,12.2,0.6,51.8,0,None,NOAA GFS 0.25° Operational GRIB2,00Z,f147,f171,IMD 24h Daily Gridded Observation,2024-09-01,area_weighted_lat_cosine_polygon_integral,24h (03:00 UTC to 03:00 UTC / 08:30 IST to 08:30 IST)
2024-08-25,2024-09-02,SUB_05,Sub-Himalayan West Bengal & Sikkim,East & Northeast,himalayan,0,27.03,88.5,8,8.8,14.0,-5.2,0.667,43.5,1.7,7.1,54.6,0,None,NOAA GFS 0.25° Operational GRIB2,00Z,f171,f195,IMD 24h Daily Gridded Observation,2024-09-02,area_weighted_lat_cosine_polygon_integral,24h (03:00 UTC to 03:00 UTC / 08:30 IST to 08:30 IST)
2024-08-25,2024-09-03,SUB_05,Sub-Himalayan West Bengal & Sikkim,East & Northeast,himalayan,0,27.03,88.5,9,9.3,14.0,-4.7,0.667,43.5,2.5,6.8,57.4,0,None,NOAA GFS 0.25° Operational GRIB2,00Z,f195,f219,IMD 24h Daily Gridded Observation,2024-09-03,area_weighted_lat_cosine_polygon_integral,24h (03:00 UTC to 03:00 UTC / 08:30 IST to 08:30 IST)
2024-08-25,2024-09-04,SUB_05,Sub-Himalayan West Bengal & Sikkim,East & Northeast,himalayan,0,27.03,88.5,10,16.7,14.0,2.7,0.667,43.5,11.9,4.8,60.2,0,None,NOAA GFS 0.25° Operational GRIB2,00Z,f219,f243,IMD 24h Daily Gridded Observation,2024-09-04,area_weighted_lat_cosine_polygon_integral,24h (03:00 UTC to 03:00 UTC / 08:30 IST to 08:30 IST)
2024-08-25,2024-08-26,SUB_06,Gangetic West Bengal,East & Northeast,plains,0,22.98,87.85,1,15.6,14.0,1.6,0.667,80.5,28.5,12.9,35.0,0,None,NOAA GFS 0.25° Operational GRIB2,00Z,f003,f027,IMD 24h Daily Gridded Observation,2024-08-26,area_weighted_lat_cosine_polygon_integral,24h (03:00 UTC to 03:00 UTC / 08:30 IST to 08:30 IST)
2024-08-25,2024-08-27,SUB_06,Gangetic West Bengal,East & Northeast,plains,0,22.98,87.85,2,23.5,14.0,9.5,0.667,80.5,25.1,1.6,37.8,0,None,NOAA GFS 0.25° Operational GRIB2,00Z,f027,f051,IMD 24h Daily Gridded Observation,2024-08-27,area_weighted_lat_cosine_polygon_integral,24h (03:00 UTC to 03:00 UTC / 08:30 IST to 08:30 IST)
2024-08-25,2024-08-28,SUB_06,Gangetic West Bengal,East & Northeast,plains,0,22.98,87.85,3,8.9,14.0,-5.1,0.667,43.5,4.8,4.1,40.6,0,None,NOAA GFS 0.25° Operational GRIB2,00Z,f051,f075,IMD 24h Daily Gridded Observation,2024-08-28,area_weighted_lat_cosine_polygon_integral,24h (03:00 UTC to 03:00 UTC / 08:30 IST to 08:30 IST)
2024-08-25,2024-08-29,SUB_06,Gangetic West Bengal,East & Northeast,plains,0,22.98,87.85,4,8.8,14.0,-5.2,0.667,43.5,9.5,0.7,43.4,0,None,NOAA GFS 0.25° Operational GRIB2,00Z,f075,f099,IMD 24h Daily Gridded Observation,2024-08-29,area_weighted_lat_cosine_polygon_integral,24h (03:00 UTC to 03:00 UTC / 08:30 IST to 08:30 IST)
2024-08-25,2024-08-30,SUB_06,Gangetic West Bengal,East & Northeast,plains,0,22.98,87.85,5,3.6,14.0,-10.4,0.667,43.5,0.4,3.2,46.2,0,None,NOAA GFS 0.25° Operational GRIB2,00Z,f099,f123,IMD 24h Daily Gridded Observation,2024-08-30,area_weighted_lat_cosine_polygon_integral,24h (03:00 UTC to 03:00 UTC / 08:30 IST to 08:30 IST)
2024-08-25,2024-08-31,SUB_06,Gangetic West Bengal,East & Northeast,plains,0,22.98,87.85,6,0.9,14.0,-13.1,0.667,43.5,0.7,0.2,49.0,0,None,NOAA GFS 0.25° Operational GRIB2,00Z,f123,f147,IMD 24h Daily Gridded Observation,2024-08-31,area_weighted_lat_cosine_polygon_integral,24h (03:00 UTC to 03:00 UTC / 08:30 IST to 08:30 IST)
2024-08-25,2024-09-01,SUB_06,Gangetic West Bengal,East & Northeast,plains,0,22.98,87.85,7,1.6,14.0,-12.4,0.667,43.5,2.9,1.3,51.8,0,None,NOAA GFS 0.25° Operational GRIB2,00Z,f147,f171,IMD 24h Daily Gridded Observation,2024-09-01,area_weighted_lat_cosine_polygon_integral,24h (03:00 UTC to 03:00 UTC / 08:30 IST to 08:30 IST)
2024-08-25,2024-09-02,SUB_06,Gangetic West Bengal,East & Northeast,plains,0,22.98,87.85,8,2.4,14.0,-11.6,0.667,43.5,2.0,0.4,54.6,0,None,NOAA GFS 0.25° Operational GRIB2,00Z,f171,f195,IMD 24h Daily Gridded Observation,2024-09-02,area_weighted_lat_cosine_polygon_integral,24h (03:00 UTC to 03:00 UTC / 08:30 IST to 08:30 IST)
2024-08-25,2024-09-03,SUB_06,Gangetic West Bengal,East & Northeast,plains,0,22.98,87.85,9,0.8,14.0,-13.2,0.667,43.5,3.3,2.5,57.4,0,None,NOAA GFS 0.25° Operational GRIB2,00Z,f195,f219,IMD 24h Daily Gridded Observation,2024-09-03,area_weighted_lat_cosine_polygon_integral,24h (03:00 UTC to 03:00 UTC / 08:30 IST to 08:30 IST)
2024-08-25,2024-09-04,SUB_06,Gangetic West Bengal,East & Northeast,plains,0,22.98,87.85,10,1.2,14.0,-12.8,0.667,43.5,12.8,11.6,60.2,0,None,NOAA GFS 0.25° Operational GRIB2,00Z,f219,f243,IMD 24h Daily Gridded Observation,2024-09-04,area_weighted_lat_cosine_polygon_integral,24h (03:00 UTC to 03:00 UTC / 08:30 IST to 08:30 IST)
2024-08-25,2024-08-26,SUB_07,Odisha,East & Northeast,coastal_plateau,1,20.95,85.09,1,7.4,14.0,-6.6,0.667,80.5,3.2,4.2,35.0,0,None,NOAA GFS 0.25° Operational GRIB2,00Z,f003,f027,IMD 24h Daily Gridded Observation,2024-08-26,area_weighted_lat_cosine_polygon_integral,24h (03:00 UTC to 03:00 UTC / 08:30 IST to 08:30 IST)
2024-08-25,2024-08-27,SUB_07,Odisha,East & Northeast,coastal_plateau,1,20.95,85.09,2,4.9,14.0,-9.1,0.667,43.5,21.5,16.6,37.8,0,None,NOAA GFS 0.25° Operational GRIB2,00Z,f027,f051,IMD 24h Daily Gridded Observation,2024-08-27,area_weighted_lat_cosine_polygon_integral,24h (03:00 UTC to 03:00 UTC / 08:30 IST to 08:30 IST)
2024-08-25,2024-08-28,SUB_07,Odisha,East & Northeast,coastal_plateau,1,20.95,85.09,3,7.0,14.0,-7.0,0.667,43.5,0.4,6.6,40.6,0,None,NOAA GFS 0.25° Operational GRIB2,00Z,f051,f075,IMD 24h Daily Gridded Observation,2024-08-28,area_weighted_lat_cosine_polygon_integral,24h (03:00 UTC to 03:00 UTC / 08:30 IST to 08:30 IST)
2024-08-25,2024-08-29,SUB_07,Odisha,East & Northeast,coastal_plateau,1,20.95,85.09,4,14.4,14.0,0.4,0.667,43.5,29.8,15.4,43.4,0,None,NOAA GFS 0.25° Operational GRIB2,00Z,f075,f099,IMD 24h Daily Gridded Observation,2024-08-29,area_weighted_lat_cosine_polygon_integral,24h (03:00 UTC to 03:00 UTC / 08:30 IST to 08:30 IST)
2024-08-25,2024-08-30,SUB_07,Odisha,East & Northeast,coastal_plateau,1,20.95,85.09,5,15.1,14.0,1.1,0.667,43.5,3.0,12.1,46.2,0,None,NOAA GFS 0.25° Operational GRIB2,00Z,f099,f123,IMD 24h Daily Gridded Observation,2024-08-30,area_weighted_lat_cosine_polygon_integral,24h (03:00 UTC to 03:00 UTC / 08:30 IST to 08:30 IST)
2024-08-25,2024-08-31,SUB_07,Odisha,East & Northeast,coastal_plateau,1,20.95,85.09,6,12.9,14.0,-1.1,0.667,43.5,2.7,10.2,49.0,0,None,NOAA GFS 0.25° Operational GRIB2,00Z,f123,f147,IMD 24h Daily Gridded Observation,2024-08-31,area_weighted_lat_cosine_polygon_integral,24h (03:00 UTC to 03:00 UTC / 08:30 IST to 08:30 IST)
2024-08-25,2024-09-01,SUB_07,Odisha,East & Northeast,coastal_plateau,1,20.95,85.09,7,12.0,14.0,-2.0,0.667,43.5,5.2,6.8,51.8,0,None,NOAA GFS 0.25° Operational GRIB2,00Z,f147,f171,IMD 24h Daily Gridded Observation,2024-09-01,area_weighted_lat_cosine_polygon_integral,24h (03:00 UTC to 03:00 UTC / 08:30 IST to 08:30 IST)
2024-08-25,2024-09-02,SUB_07,Odisha,East & Northeast,coastal_plateau,1,20.95,85.09,8,5.4,14.0,-8.6,0.667,43.5,4.2,1.2,54.6,0,None,NOAA GFS 0.25° Operational GRIB2,00Z,f171,f195,IMD 24h Daily Gridded Observation,2024-09-02,area_weighted_lat_cosine_polygon_integral,24h (03:00 UTC to 03:00 UTC / 08:30 IST to 08:30 IST)
2024-08-25,2024-09-03,SUB_07,Odisha,East & Northeast,coastal_plateau,1,20.95,85.09,9,1.1,14.0,-12.9,0.667,43.5,6.5,5.4,57.4,0,None,NOAA GFS 0.25° Operational GRIB2,00Z,f195,f219,IMD 24h Daily Gridded Observation,2024-09-03,area_weighted_lat_cosine_polygon_integral,24h (03:00 UTC to 03:00 UTC / 08:30 IST to 08:30 IST)
2024-08-25,2024-09-04,SUB_07,Odisha,East & Northeast,coastal_plateau,1,20.95,85.09,10,1.8,14.0,-12.2,0.667,43.5,1.3,0.5,60.2,0,None,NOAA GFS 0.25° Operational GRIB2,00Z,f219,f243,IMD 24h Daily Gridded Observation,2024-09-04,area_weighted_lat_cosine_polygon_integral,24h (03:00 UTC to 03:00 UTC / 08:30 IST to 08:30 IST)
2024-08-25,2024-08-26,SUB_08,Jharkhand,East & Northeast,plateau,0,23.61,85.27,1,9.6,14.0,-4.4,0.667,80.5,21.1,11.5,35.0,0,None,NOAA GFS 0.25° Operational GRIB2,00Z,f003,f027,IMD 24h Daily Gridded Observation,2024-08-26,area_weighted_lat_cosine_polygon_integral,24h (03:00 UTC to 03:00 UTC / 08:30 IST to 08:30 IST)
2024-08-25,2024-08-27,SUB_08,Jharkhand,East & Northeast,plateau,0,23.61,85.27,2,28.9,14.0,14.9,0.667,80.5,15.7,13.2,37.8,0,None,NOAA GFS 0.25° Operational GRIB2,00Z,f027,f051,IMD 24h Daily Gridded Observation,2024-08-27,area_weighted_lat_cosine_polygon_integral,24h (03:00 UTC to 03:00 UTC / 08:30 IST to 08:30 IST)
2024-08-25,2024-08-28,SUB_08,Jharkhand,East & Northeast,plateau,0,23.61,85.27,3,11.8,14.0,-2.2,0.667,43.5,16.6,4.8,40.6,0,None,NOAA GFS 0.25° Operational GRIB2,00Z,f051,f075,IMD 24h Daily Gridded Observation,2024-08-28,area_weighted_lat_cosine_polygon_integral,24h (03:00 UTC to 03:00 UTC / 08:30 IST to 08:30 IST)
2024-08-25,2024-08-29,SUB_08,Jharkhand,East & Northeast,plateau,0,23.61,85.27,4,19.2,14.0,5.2,0.667,43.5,11.2,8.0,43.4,0,None,NOAA GFS 0.25° Operational GRIB2,00Z,f075,f099,IMD 24h Daily Gridded Observation,2024-08-29,area_weighted_lat_cosine_polygon_integral,24h (03:00 UTC to 03:00 UTC / 08:30 IST to 08:30 IST)
2024-08-25,2024-08-30,SUB_08,Jharkhand,East & Northeast,plateau,0,23.61,85.27,5,8.8,14.0,-5.2,0.667,43.5,16.8,8.0,46.2,0,None,NOAA GFS 0.25° Operational GRIB2,00Z,f099,f123,IMD 24h Daily Gridded Observation,2024-08-30,area_weighted_lat_cosine_polygon_integral,24h (03:00 UTC to 03:00 UTC / 08:30 IST to 08:30 IST)
2024-08-25,2024-08-31,SUB_08,Jharkhand,East & Northeast,plateau,0,23.61,85.27,6,0.8,14.0,-13.2,0.667,43.5,1.4,0.6,49.0,0,None,NOAA GFS 0.25° Operational GRIB2,00Z,f123,f147,IMD 24h Daily Gridded Observation,2024-08-31,area_weighted_lat_cosine_polygon_integral,24h (03:00 UTC to 03:00 UTC / 08:30 IST to 08:30 IST)
2024-08-25,2024-09-01,SUB_08,Jharkhand,East & Northeast,plateau,0,23.61,85.27,7,0.9,14.0,-13.1,0.667,43.5,0.7,0.2,51.8,0,None,NOAA GFS 0.25° Operational GRIB2,00Z,f147,f171,IMD 24h Daily Gridded Observation,2024-09-01,area_weighted_lat_cosine_polygon_integral,24h (03:00 UTC to 03:00 UTC / 08:30 IST to 08:30 IST)
2024-08-25,2024-09-02,SUB_08,Jharkhand,East & Northeast,plateau,0,23.61,85.27,8,1.5,14.0,-12.5,0.667,43.5,1.5,0.0,54.6,0,None,NOAA GFS 0.25° Operational GRIB2,00Z,f171,f195,IMD 24h Daily Gridded Observation,2024-09-02,area_weighted_lat_cosine_polygon_integral,24h (03:00 UTC to 03:00 UTC / 08:30 IST to 08:30 IST)
2024-08-25,2024-09-03,SUB_08,Jharkhand,East & Northeast,plateau,0,23.61,85.27,9,0.6,14.0,-13.4,0.667,43.5,2.2,1.6,57.4,0,None,NOAA GFS 0.25° Operational GRIB2,00Z,f195,f219,IMD 24h Daily Gridded Observation,2024-09-03,area_weighted_lat_cosine_polygon_integral,24h (03:00 UTC to 03:00 UTC / 08:30 IST to 08:30 IST)
2024-08-25,2024-09-04,SUB_08,Jharkhand,East & Northeast,plateau,0,23.61,85.27,10,1.1,14.0,-12.9,0.667,43.5,6.7,5.6,60.2,0,None,NOAA GFS 0.25° Operational GRIB2,00Z,f219,f243,IMD 24h Daily Gridded Observation,2024-09-04,area_weighted_lat_cosine_polygon_integral,24h (03:00 UTC to 03:00 UTC / 08:30 IST to 08:30 IST)
2024-08-25,2024-08-26,SUB_09,Bihar,East & Northeast,plains,0,25.09,85.31,1,6.2,14.0,-7.8,0.667,80.5,15.4,9.2,35.0,0,None,NOAA GFS 0.25° Operational GRIB2,00Z,f003,f027,IMD 24h Daily Gridded Observation,2024-08-26,area_weighted_lat_cosine_polygon_integral,24h (03:00 UTC to 03:00 UTC / 08:30 IST to 08:30 IST)
2024-08-25,2024-08-27,SUB_09,Bihar,East & Northeast,plains,0,25.09,85.31,2,11.2,14.0,-2.8,0.667,43.5,22.3,11.1,37.8,0,None,NOAA GFS 0.25° Operational GRIB2,00Z,f027,f051,IMD 24h Daily Gridded Observation,2024-08-27,area_weighted_lat_cosine_polygon_integral,24h (03:00 UTC to 03:00 UTC / 08:30 IST to 08:30 IST)
2024-08-25,2024-08-28,SUB_09,Bihar,East & Northeast,plains,0,25.09,85.31,3,6.5,14.0,-7.5,0.667,43.5,12.3,5.8,40.6,0,None,NOAA GFS 0.25° Operational GRIB2,00Z,f051,f075,IMD 24h Daily Gridded Observation,2024-08-28,area_weighted_lat_cosine_polygon_integral,24h (03:00 UTC to 03:00 UTC / 08:30 IST to 08:30 IST)
2024-08-25,2024-08-29,SUB_09,Bihar,East & Northeast,plains,0,25.09,85.31,4,7.0,14.0,-7.0,0.667,43.5,10.1,3.1,43.4,0,None,NOAA GFS 0.25° Operational GRIB2,00Z,f075,f099,IMD 24h Daily Gridded Observation,2024-08-29,area_weighted_lat_cosine_polygon_integral,24h (03:00 UTC to 03:00 UTC / 08:30 IST to 08:30 IST)
2024-08-25,2024-08-30,SUB_09,Bihar,East & Northeast,plains,0,25.09,85.31,5,5.2,14.0,-8.8,0.667,43.5,14.9,9.7,46.2,0,None,NOAA GFS 0.25° Operational GRIB2,00Z,f099,f123,IMD 24h Daily Gridded Observation,2024-08-30,area_weighted_lat_cosine_polygon_integral,24h (03:00 UTC to 03:00 UTC / 08:30 IST to 08:30 IST)
2024-08-25,2024-08-31,SUB_09,Bihar,East & Northeast,plains,0,25.09,85.31,6,0.8,14.0,-13.2,0.667,43.5,1.6,0.8,49.0,0,None,NOAA GFS 0.25° Operational GRIB2,00Z,f123,f147,IMD 24h Daily Gridded Observation,2024-08-31,area_weighted_lat_cosine_polygon_integral,24h (03:00 UTC to 03:00 UTC / 08:30 IST to 08:30 IST)
2024-08-25,2024-09-01,SUB_09,Bihar,East & Northeast,plains,0,25.09,85.31,7,4.6,14.0,-9.4,0.667,43.5,1.5,3.1,51.8,0,None,NOAA GFS 0.25° Operational GRIB2,00Z,f147,f171,IMD 24h Daily Gridded Observation,2024-09-01,area_weighted_lat_cosine_polygon_integral,24h (03:00 UTC to 03:00 UTC / 08:30 IST to 08:30 IST)
2024-08-25,2024-09-02,SUB_09,Bihar,East & Northeast,plains,0,25.09,85.31,8,4.6,14.0,-9.4,0.667,43.5,0.6,4.0,54.6,0,None,NOAA GFS 0.25° Operational GRIB2,00Z,f171,f195,IMD 24h Daily Gridded Observation,2024-09-02,area_weighted_lat_cosine_polygon_integral,24h (03:00 UTC to 03:00 UTC / 08:30 IST to 08:30 IST)
2024-08-25,2024-09-03,SUB_09,Bihar,East & Northeast,plains,0,25.09,85.31,9,3.8,14.0,-10.2,0.667,43.5,0.4,3.4,57.4,0,None,NOAA GFS 0.25° Operational GRIB2,00Z,f195,f219,IMD 24h Daily Gridded Observation,2024-09-03,area_weighted_lat_cosine_polygon_integral,24h (03:00 UTC to 03:00 UTC / 08:30 IST to 08:30 IST)
2024-08-25,2024-09-04,SUB_09,Bihar,East & Northeast,plains,0,25.09,85.31,10,5.3,14.0,-8.7,0.667,43.5,0.4,4.9,60.2,0,None,NOAA GFS 0.25° Operational GRIB2,00Z,f219,f243,IMD 24h Daily Gridded Observation,2024-09-04,area_weighted_lat_cosine_polygon_integral,24h (03:00 UTC to 03:00 UTC / 08:30 IST to 08:30 IST)
2024-08-25,2024-08-26,SUB_10,East Uttar Pradesh,Northwest,plains,0,26.5,82.5,1,7.6,10.0,-2.4,0.667,80.5,0.9,6.7,35.0,0,None,NOAA GFS 0.25° Operational GRIB2,00Z,f003,f027,IMD 24h Daily Gridded Observation,2024-08-26,area_weighted_lat_cosine_polygon_integral,24h (03:00 UTC to 03:00 UTC / 08:30 IST to 08:30 IST)
2024-08-25,2024-08-27,SUB_10,East Uttar Pradesh,Northwest,plains,0,26.5,82.5,2,17.1,10.0,7.1,0.667,80.5,3.0,14.1,37.8,0,None,NOAA GFS 0.25° Operational GRIB2,00Z,f027,f051,IMD 24h Daily Gridded Observation,2024-08-27,area_weighted_lat_cosine_polygon_integral,24h (03:00 UTC to 03:00 UTC / 08:30 IST to 08:30 IST)
2024-08-25,2024-08-28,SUB_10,East Uttar Pradesh,Northwest,plains,0,26.5,82.5,3,9.1,10.0,-0.9,0.667,43.5,34.5,25.4,40.6,0,None,NOAA GFS 0.25° Operational GRIB2,00Z,f051,f075,IMD 24h Daily Gridded Observation,2024-08-28,area_weighted_lat_cosine_polygon_integral,24h (03:00 UTC to 03:00 UTC / 08:30 IST to 08:30 IST)
2024-08-25,2024-08-29,SUB_10,East Uttar Pradesh,Northwest,plains,0,26.5,82.5,4,10.2,10.0,0.2,0.667,43.5,1.4,8.8,43.4,0,None,NOAA GFS 0.25° Operational GRIB2,00Z,f075,f099,IMD 24h Daily Gridded Observation,2024-08-29,area_weighted_lat_cosine_polygon_integral,24h (03:00 UTC to 03:00 UTC / 08:30 IST to 08:30 IST)
2024-08-25,2024-08-30,SUB_10,East Uttar Pradesh,Northwest,plains,0,26.5,82.5,5,11.7,10.0,1.7,0.667,43.5,1.1,10.6,46.2,0,None,NOAA GFS 0.25° Operational GRIB2,00Z,f099,f123,IMD 24h Daily Gridded Observation,2024-08-30,area_weighted_lat_cosine_polygon_integral,24h (03:00 UTC to 03:00 UTC / 08:30 IST to 08:30 IST)
2024-08-25,2024-08-31,SUB_10,East Uttar Pradesh,Northwest,plains,0,26.5,82.5,6,4.2,10.0,-5.8,0.667,43.5,0.8,3.4,49.0,0,None,NOAA GFS 0.25° Operational GRIB2,00Z,f123,f147,IMD 24h Daily Gridded Observation,2024-08-31,area_weighted_lat_cosine_polygon_integral,24h (03:00 UTC to 03:00 UTC / 08:30 IST to 08:30 IST)
2024-08-25,2024-09-01,SUB_10,East Uttar Pradesh,Northwest,plains,0,26.5,82.5,7,1.4,10.0,-8.6,0.667,43.5,12.2,10.8,51.8,0,None,NOAA GFS 0.25° Operational GRIB2,00Z,f147,f171,IMD 24h Daily Gridded Observation,2024-09-01,area_weighted_lat_cosine_polygon_integral,24h (03:00 UTC to 03:00 UTC / 08:30 IST to 08:30 IST)
2024-08-25,2024-09-02,SUB_10,East Uttar Pradesh,Northwest,plains,0,26.5,82.5,8,5.3,10.0,-4.7,0.667,43.5,10.9,5.6,54.6,0,None,NOAA GFS 0.25° Operational GRIB2,00Z,f171,f195,IMD 24h Daily Gridded Observation,2024-09-02,area_weighted_lat_cosine_polygon_integral,24h (03:00 UTC to 03:00 UTC / 08:30 IST to 08:30 IST)
2024-08-25,2024-09-03,SUB_10,East Uttar Pradesh,Northwest,plains,0,26.5,82.5,9,5.5,10.0,-4.5,0.667,43.5,0.5,5.0,57.4,0,None,NOAA GFS 0.25° Operational GRIB2,00Z,f195,f219,IMD 24h Daily Gridded Observation,2024-09-03,area_weighted_lat_cosine_polygon_integral,24h (03:00 UTC to 03:00 UTC / 08:30 IST to 08:30 IST)
2024-08-25,2024-09-04,SUB_10,East Uttar Pradesh,Northwest,plains,0,26.5,82.5,10,4.8,10.0,-5.2,0.667,43.5,0.3,4.5,60.2,0,None,NOAA GFS 0.25° Operational GRIB2,00Z,f219,f243,IMD 24h Daily Gridded Observation,2024-09-04,area_weighted_lat_cosine_polygon_integral,24h (03:00 UTC to 03:00 UTC / 08:30 IST to 08:30 IST)
2024-08-25,2024-08-26,SUB_11,West Uttar Pradesh,Northwest,plains,0,27.8,78.5,1,5.6,10.0,-4.4,0.667,80.5,1.8,3.8,35.0,0,None,NOAA GFS 0.25° Operational GRIB2,00Z,f003,f027,IMD 24h Daily Gridded Observation,2024-08-26,area_weighted_lat_cosine_polygon_integral,24h (03:00 UTC to 03:00 UTC / 08:30 IST to 08:30 IST)
2024-08-25,2024-08-27,SUB_11,West Uttar Pradesh,Northwest,plains,0,27.8,78.5,2,13.3,10.0,3.3,0.667,43.5,22.7,9.4,37.8,0,None,NOAA GFS 0.25° Operational GRIB2,00Z,f027,f051,IMD 24h Daily Gridded Observation,2024-08-27,area_weighted_lat_cosine_polygon_integral,24h (03:00 UTC to 03:00 UTC / 08:30 IST to 08:30 IST)
2024-08-25,2024-08-28,SUB_11,West Uttar Pradesh,Northwest,plains,0,27.8,78.5,3,8.7,10.0,-1.3,0.667,43.5,5.0,3.7,40.6,0,None,NOAA GFS 0.25° Operational GRIB2,00Z,f051,f075,IMD 24h Daily Gridded Observation,2024-08-28,area_weighted_lat_cosine_polygon_integral,24h (03:00 UTC to 03:00 UTC / 08:30 IST to 08:30 IST)
2024-08-25,2024-08-29,SUB_11,West Uttar Pradesh,Northwest,plains,0,27.8,78.5,4,10.1,10.0,0.1,0.667,43.5,24.1,14.0,43.4,0,None,NOAA GFS 0.25° Operational GRIB2,00Z,f075,f099,IMD 24h Daily Gridded Observation,2024-08-29,area_weighted_lat_cosine_polygon_integral,24h (03:00 UTC to 03:00 UTC / 08:30 IST to 08:30 IST)
2024-08-25,2024-08-30,SUB_11,West Uttar Pradesh,Northwest,plains,0,27.8,78.5,5,10.5,10.0,0.5,0.667,43.5,0.7,9.8,46.2,0,None,NOAA GFS 0.25° Operational GRIB2,00Z,f099,f123,IMD 24h Daily Gridded Observation,2024-08-30,area_weighted_lat_cosine_polygon_integral,24h (03:00 UTC to 03:00 UTC / 08:30 IST to 08:30 IST)
2024-08-25,2024-08-31,SUB_11,West Uttar Pradesh,Northwest,plains,0,27.8,78.5,6,9.4,10.0,-0.6,0.667,43.5,1.7,7.7,49.0,0,None,NOAA GFS 0.25° Operational GRIB2,00Z,f123,f147,IMD 24h Daily Gridded Observation,2024-08-31,area_weighted_lat_cosine_polygon_integral,24h (03:00 UTC to 03:00 UTC / 08:30 IST to 08:30 IST)
2024-08-25,2024-09-01,SUB_11,West Uttar Pradesh,Northwest,plains,0,27.8,78.5,7,3.4,10.0,-6.6,0.667,43.5,0.0,3.4,51.8,0,None,NOAA GFS 0.25° Operational GRIB2,00Z,f147,f171,IMD 24h Daily Gridded Observation,2024-09-01,area_weighted_lat_cosine_polygon_integral,24h (03:00 UTC to 03:00 UTC / 08:30 IST to 08:30 IST)
2024-08-25,2024-09-02,SUB_11,West Uttar Pradesh,Northwest,plains,0,27.8,78.5,8,4.5,10.0,-5.5,0.667,43.5,7.3,2.8,54.6,0,None,NOAA GFS 0.25° Operational GRIB2,00Z,f171,f195,IMD 24h Daily Gridded Observation,2024-09-02,area_weighted_lat_cosine_polygon_integral,24h (03:00 UTC to 03:00 UTC / 08:30 IST to 08:30 IST)
2024-08-25,2024-09-03,SUB_11,West Uttar Pradesh,Northwest,plains,0,27.8,78.5,9,6.1,10.0,-3.9,0.667,43.5,1.1,5.0,57.4,0,None,NOAA GFS 0.25° Operational GRIB2,00Z,f195,f219,IMD 24h Daily Gridded Observation,2024-09-03,area_weighted_lat_cosine_polygon_integral,24h (03:00 UTC to 03:00 UTC / 08:30 IST to 08:30 IST)
2024-08-25,2024-09-04,SUB_11,West Uttar Pradesh,Northwest,plains,0,27.8,78.5,10,4.1,10.0,-5.9,0.667,43.5,7.6,3.5,60.2,0,None,NOAA GFS 0.25° Operational GRIB2,00Z,f219,f243,IMD 24h Daily Gridded Observation,2024-09-04,area_weighted_lat_cosine_polygon_integral,24h (03:00 UTC to 03:00 UTC / 08:30 IST to 08:30 IST)
2024-08-25,2024-08-26,SUB_12,Uttarakhand,Northwest,himalayan,0,30.06,79.01,1,4.5,10.0,-5.5,0.667,43.5,3.9,0.6,35.0,0,None,NOAA GFS 0.25° Operational GRIB2,00Z,f003,f027,IMD 24h Daily Gridded Observation,2024-08-26,area_weighted_lat_cosine_polygon_integral,24h (03:00 UTC to 03:00 UTC / 08:30 IST to 08:30 IST)
2024-08-25,2024-08-27,SUB_12,Uttarakhand,Northwest,himalayan,0,30.06,79.01,2,12.2,10.0,2.2,0.667,43.5,8.5,3.7,37.8,0,None,NOAA GFS 0.25° Operational GRIB2,00Z,f027,f051,IMD 24h Daily Gridded Observation,2024-08-27,area_weighted_lat_cosine_polygon_integral,24h (03:00 UTC to 03:00 UTC / 08:30 IST to 08:30 IST)
2024-08-25,2024-08-28,SUB_12,Uttarakhand,Northwest,himalayan,0,30.06,79.01,3,5.6,10.0,-4.4,0.667,43.5,9.4,3.8,40.6,0,None,NOAA GFS 0.25° Operational GRIB2,00Z,f051,f075,IMD 24h Daily Gridded Observation,2024-08-28,area_weighted_lat_cosine_polygon_integral,24h (03:00 UTC to 03:00 UTC / 08:30 IST to 08:30 IST)
2024-08-25,2024-08-29,SUB_12,Uttarakhand,Northwest,himalayan,0,30.06,79.01,4,9.7,10.0,-0.3,0.667,43.5,15.6,5.9,43.4,0,None,NOAA GFS 0.25° Operational GRIB2,00Z,f075,f099,IMD 24h Daily Gridded Observation,2024-08-29,area_weighted_lat_cosine_polygon_integral,24h (03:00 UTC to 03:00 UTC / 08:30 IST to 08:30 IST)
2024-08-25,2024-08-30,SUB_12,Uttarakhand,Northwest,himalayan,0,30.06,79.01,5,9.5,10.0,-0.5,0.667,43.5,1.6,7.9,46.2,0,None,NOAA GFS 0.25° Operational GRIB2,00Z,f099,f123,IMD 24h Daily Gridded Observation,2024-08-30,area_weighted_lat_cosine_polygon_integral,24h (03:00 UTC to 03:00 UTC / 08:30 IST to 08:30 IST)
2024-08-25,2024-08-31,SUB_12,Uttarakhand,Northwest,himalayan,0,30.06,79.01,6,6.3,10.0,-3.7,0.667,43.5,11.8,5.5,49.0,0,None,NOAA GFS 0.25° Operational GRIB2,00Z,f123,f147,IMD 24h Daily Gridded Observation,2024-08-31,area_weighted_lat_cosine_polygon_integral,24h (03:00 UTC to 03:00 UTC / 08:30 IST to 08:30 IST)
2024-08-25,2024-09-01,SUB_12,Uttarakhand,Northwest,himalayan,0,30.06,79.01,7,5.4,10.0,-4.6,0.667,43.5,0.9,4.5,51.8,0,None,NOAA GFS 0.25° Operational GRIB2,00Z,f147,f171,IMD 24h Daily Gridded Observation,2024-09-01,area_weighted_lat_cosine_polygon_integral,24h (03:00 UTC to 03:00 UTC / 08:30 IST to 08:30 IST)
2024-08-25,2024-09-02,SUB_12,Uttarakhand,Northwest,himalayan,0,30.06,79.01,8,7.3,10.0,-2.7,0.667,43.5,5.9,1.4,54.6,0,None,NOAA GFS 0.25° Operational GRIB2,00Z,f171,f195,IMD 24h Daily Gridded Observation,2024-09-02,area_weighted_lat_cosine_polygon_integral,24h (03:00 UTC to 03:00 UTC / 08:30 IST to 08:30 IST)
2024-08-25,2024-09-03,SUB_12,Uttarakhand,Northwest,himalayan,0,30.06,79.01,9,7.8,10.0,-2.2,0.667,43.5,17.1,9.3,57.4,0,None,NOAA GFS 0.25° Operational GRIB2,00Z,f195,f219,IMD 24h Daily Gridded Observation,2024-09-03,area_weighted_lat_cosine_polygon_integral,24h (03:00 UTC to 03:00 UTC / 08:30 IST to 08:30 IST)
2024-08-25,2024-09-04,SUB_12,Uttarakhand,Northwest,himalayan,0,30.06,79.01,10,6.1,10.0,-3.9,0.667,43.5,11.3,5.2,60.2,0,None,NOAA GFS 0.25° Operational GRIB2,00Z,f219,f243,IMD 24h Daily Gridded Observation,2024-09-04,area_weighted_lat_cosine_polygon_integral,24h (03:00 UTC to 03:00 UTC / 08:30 IST to 08:30 IST)
2024-08-25,2024-08-26,SUB_13,"Haryana, Chandigarh & Delhi",Northwest,plains,0,29.05,76.08,1,1.6,10.0,-8.4,0.667,43.5,2.0,0.4,35.0,0,None,NOAA GFS 0.25° Operational GRIB2,00Z,f003,f027,IMD 24h Daily Gridded Observation,2024-08-26,area_weighted_lat_cosine_polygon_integral,24h (03:00 UTC to 03:00 UTC / 08:30 IST to 08:30 IST)
2024-08-25,2024-08-27,SUB_13,"Haryana, Chandigarh & Delhi",Northwest,plains,0,29.05,76.08,2,8.2,10.0,-1.8,0.667,43.5,3.7,4.5,37.8,0,None,NOAA GFS 0.25° Operational GRIB2,00Z,f027,f051,IMD 24h Daily Gridded Observation,2024-08-27,area_weighted_lat_cosine_polygon_integral,24h (03:00 UTC to 03:00 UTC / 08:30 IST to 08:30 IST)
2024-08-25,2024-08-28,SUB_13,"Haryana, Chandigarh & Delhi",Northwest,plains,0,29.05,76.08,3,9.9,10.0,-0.1,0.667,43.5,22.5,12.6,40.6,0,None,NOAA GFS 0.25° Operational GRIB2,00Z,f051,f075,IMD 24h Daily Gridded Observation,2024-08-28,area_weighted_lat_cosine_polygon_integral,24h (03:00 UTC to 03:00 UTC / 08:30 IST to 08:30 IST)
2024-08-25,2024-08-29,SUB_13,"Haryana, Chandigarh & Delhi",Northwest,plains,0,29.05,76.08,4,9.8,10.0,-0.2,0.667,43.5,21.8,12.0,43.4,0,None,NOAA GFS 0.25° Operational GRIB2,00Z,f075,f099,IMD 24h Daily Gridded Observation,2024-08-29,area_weighted_lat_cosine_polygon_integral,24h (03:00 UTC to 03:00 UTC / 08:30 IST to 08:30 IST)
2024-08-25,2024-08-30,SUB_13,"Haryana, Chandigarh & Delhi",Northwest,plains,0,29.05,76.08,5,11.2,10.0,1.2,0.667,43.5,2.3,8.9,46.2,0,None,NOAA GFS 0.25° Operational GRIB2,00Z,f099,f123,IMD 24h Daily Gridded Observation,2024-08-30,area_weighted_lat_cosine_polygon_integral,24h (03:00 UTC to 03:00 UTC / 08:30 IST to 08:30 IST)
2024-08-25,2024-08-31,SUB_13,"Haryana, Chandigarh & Delhi",Northwest,plains,0,29.05,76.08,6,5.2,10.0,-4.8,0.667,43.5,0.7,4.5,49.0,0,None,NOAA GFS 0.25° Operational GRIB2,00Z,f123,f147,IMD 24h Daily Gridded Observation,2024-08-31,area_weighted_lat_cosine_polygon_integral,24h (03:00 UTC to 03:00 UTC / 08:30 IST to 08:30 IST)
2024-08-25,2024-09-01,SUB_13,"Haryana, Chandigarh & Delhi",Northwest,plains,0,29.05,76.08,7,1.7,10.0,-8.3,0.667,43.5,0.1,1.6,51.8,0,None,NOAA GFS 0.25° Operational GRIB2,00Z,f147,f171,IMD 24h Daily Gridded Observation,2024-09-01,area_weighted_lat_cosine_polygon_integral,24h (03:00 UTC to 03:00 UTC / 08:30 IST to 08:30 IST)
2024-08-25,2024-09-02,SUB_13,"Haryana, Chandigarh & Delhi",Northwest,plains,0,29.05,76.08,8,0.7,10.0,-9.3,0.667,43.5,1.4,0.7,54.6,0,None,NOAA GFS 0.25° Operational GRIB2,00Z,f171,f195,IMD 24h Daily Gridded Observation,2024-09-02,area_weighted_lat_cosine_polygon_integral,24h (03:00 UTC to 03:00 UTC / 08:30 IST to 08:30 IST)
2024-08-25,2024-09-03,SUB_13,"Haryana, Chandigarh & Delhi",Northwest,plains,0,29.05,76.08,9,2.6,10.0,-7.4,0.667,43.5,7.0,4.4,57.4,0,None,NOAA GFS 0.25° Operational GRIB2,00Z,f195,f219,IMD 24h Daily Gridded Observation,2024-09-03,area_weighted_lat_cosine_polygon_integral,24h (03:00 UTC to 03:00 UTC / 08:30 IST to 08:30 IST)
2024-08-25,2024-09-04,SUB_13,"Haryana, Chandigarh & Delhi",Northwest,plains,0,29.05,76.08,10,1.9,10.0,-8.1,0.667,43.5,6.9,5.0,60.2,0,None,NOAA GFS 0.25° Operational GRIB2,00Z,f219,f243,IMD 24h Daily Gridded Observation,2024-09-04,area_weighted_lat_cosine_polygon_integral,24h (03:00 UTC to 03:00 UTC / 08:30 IST to 08:30 IST)
2024-08-25,2024-08-26,SUB_14,Punjab,Northwest,plains,0,31.14,75.34,1,1.5,10.0,-8.5,0.667,43.5,0.9,0.6,35.0,0,None,NOAA GFS 0.25° Operational GRIB2,00Z,f003,f027,IMD 24h Daily Gridded Observation,2024-08-26,area_weighted_lat_cosine_polygon_integral,24h (03:00 UTC to 03:00 UTC / 08:30 IST to 08:30 IST)
2024-08-25,2024-08-27,SUB_14,Punjab,Northwest,plains,0,31.14,75.34,2,5.8,10.0,-4.2,0.667,43.5,0.9,4.9,37.8,0,None,NOAA GFS 0.25° Operational GRIB2,00Z,f027,f051,IMD 24h Daily Gridded Observation,2024-08-27,area_weighted_lat_cosine_polygon_integral,24h (03:00 UTC to 03:00 UTC / 08:30 IST to 08:30 IST)
2024-08-25,2024-08-28,SUB_14,Punjab,Northwest,plains,0,31.14,75.34,3,7.6,10.0,-2.4,0.667,43.5,2.1,5.5,40.6,0,None,NOAA GFS 0.25° Operational GRIB2,00Z,f051,f075,IMD 24h Daily Gridded Observation,2024-08-28,area_weighted_lat_cosine_polygon_integral,24h (03:00 UTC to 03:00 UTC / 08:30 IST to 08:30 IST)
2024-08-25,2024-08-29,SUB_14,Punjab,Northwest,plains,0,31.14,75.34,4,5.3,10.0,-4.7,0.667,43.5,14.4,9.1,43.4,0,None,NOAA GFS 0.25° Operational GRIB2,00Z,f075,f099,IMD 24h Daily Gridded Observation,2024-08-29,area_weighted_lat_cosine_polygon_integral,24h (03:00 UTC to 03:00 UTC / 08:30 IST to 08:30 IST)
2024-08-25,2024-08-30,SUB_14,Punjab,Northwest,plains,0,31.14,75.34,5,13.1,10.0,3.1,0.667,43.5,10.1,3.0,46.2,0,None,NOAA GFS 0.25° Operational GRIB2,00Z,f099,f123,IMD 24h Daily Gridded Observation,2024-08-30,area_weighted_lat_cosine_polygon_integral,24h (03:00 UTC to 03:00 UTC / 08:30 IST to 08:30 IST)
2024-08-25,2024-08-31,SUB_14,Punjab,Northwest,plains,0,31.14,75.34,6,5.5,10.0,-4.5,0.667,43.5,6.1,0.6,49.0,0,None,NOAA GFS 0.25° Operational GRIB2,00Z,f123,f147,IMD 24h Daily Gridded Observation,2024-08-31,area_weighted_lat_cosine_polygon_integral,24h (03:00 UTC to 03:00 UTC / 08:30 IST to 08:30 IST)
2024-08-25,2024-09-01,SUB_14,Punjab,Northwest,plains,0,31.14,75.34,7,0.6,10.0,-9.4,0.667,43.5,0.0,0.6,51.8,0,None,NOAA GFS 0.25° Operational GRIB2,00Z,f147,f171,IMD 24h Daily Gridded Observation,2024-09-01,area_weighted_lat_cosine_polygon_integral,24h (03:00 UTC to 03:00 UTC / 08:30 IST to 08:30 IST)
2024-08-25,2024-09-02,SUB_14,Punjab,Northwest,plains,0,31.14,75.34,8,1.2,10.0,-8.8,0.667,43.5,0.4,0.8,54.6,0,None,NOAA GFS 0.25° Operational GRIB2,00Z,f171,f195,IMD 24h Daily Gridded Observation,2024-09-02,area_weighted_lat_cosine_polygon_integral,24h (03:00 UTC to 03:00 UTC / 08:30 IST to 08:30 IST)
2024-08-25,2024-09-03,SUB_14,Punjab,Northwest,plains,0,31.14,75.34,9,2.4,10.0,-7.6,0.667,43.5,8.4,6.0,57.4,0,None,NOAA GFS 0.25° Operational GRIB2,00Z,f195,f219,IMD 24h Daily Gridded Observation,2024-09-03,area_weighted_lat_cosine_polygon_integral,24h (03:00 UTC to 03:00 UTC / 08:30 IST to 08:30 IST)
2024-08-25,2024-09-04,SUB_14,Punjab,Northwest,plains,0,31.14,75.34,10,2.3,10.0,-7.7,0.667,43.5,2.6,0.3,60.2,0,None,NOAA GFS 0.25° Operational GRIB2,00Z,f219,f243,IMD 24h Daily Gridded Observation,2024-09-04,area_weighted_lat_cosine_polygon_integral,24h (03:00 UTC to 03:00 UTC / 08:30 IST to 08:30 IST)
2024-08-25,2024-08-26,SUB_15,Himachal Pradesh,Northwest,himalayan,0,31.9,77.2,1,4.9,10.0,-5.1,0.667,43.5,16.5,11.6,35.0,0,None,NOAA GFS 0.25° Operational GRIB2,00Z,f003,f027,IMD 24h Daily Gridded Observation,2024-08-26,area_weighted_lat_cosine_polygon_integral,24h (03:00 UTC to 03:00 UTC / 08:30 IST to 08:30 IST)
2024-08-25,2024-08-27,SUB_15,Himachal Pradesh,Northwest,himalayan,0,31.9,77.2,2,9.0,10.0,-1.0,0.667,43.5,11.6,2.6,37.8,0,None,NOAA GFS 0.25° Operational GRIB2,00Z,f027,f051,IMD 24h Daily Gridded Observation,2024-08-27,area_weighted_lat_cosine_polygon_integral,24h (03:00 UTC to 03:00 UTC / 08:30 IST to 08:30 IST)
2024-08-25,2024-08-28,SUB_15,Himachal Pradesh,Northwest,himalayan,0,31.9,77.2,3,4.7,10.0,-5.3,0.667,43.5,10.2,5.5,40.6,0,None,NOAA GFS 0.25° Operational GRIB2,00Z,f051,f075,IMD 24h Daily Gridded Observation,2024-08-28,area_weighted_lat_cosine_polygon_integral,24h (03:00 UTC to 03:00 UTC / 08:30 IST to 08:30 IST)
2024-08-25,2024-08-29,SUB_15,Himachal Pradesh,Northwest,himalayan,0,31.9,77.2,4,5.6,10.0,-4.4,0.667,43.5,7.0,1.4,43.4,0,None,NOAA GFS 0.25° Operational GRIB2,00Z,f075,f099,IMD 24h Daily Gridded Observation,2024-08-29,area_weighted_lat_cosine_polygon_integral,24h (03:00 UTC to 03:00 UTC / 08:30 IST to 08:30 IST)
2024-08-25,2024-08-30,SUB_15,Himachal Pradesh,Northwest,himalayan,0,31.9,77.2,5,10.4,10.0,0.4,0.667,43.5,7.5,2.9,46.2,0,None,NOAA GFS 0.25° Operational GRIB2,00Z,f099,f123,IMD 24h Daily Gridded Observation,2024-08-30,area_weighted_lat_cosine_polygon_integral,24h (03:00 UTC to 03:00 UTC / 08:30 IST to 08:30 IST)
2024-08-25,2024-08-31,SUB_15,Himachal Pradesh,Northwest,himalayan,0,31.9,77.2,6,8.0,10.0,-2.0,0.667,43.5,3.5,4.5,49.0,0,None,NOAA GFS 0.25° Operational GRIB2,00Z,f123,f147,IMD 24h Daily Gridded Observation,2024-08-31,area_weighted_lat_cosine_polygon_integral,24h (03:00 UTC to 03:00 UTC / 08:30 IST to 08:30 IST)
2024-08-25,2024-09-01,SUB_15,Himachal Pradesh,Northwest,himalayan,0,31.9,77.2,7,2.7,10.0,-7.3,0.667,43.5,1.1,1.6,51.8,0,None,NOAA GFS 0.25° Operational GRIB2,00Z,f147,f171,IMD 24h Daily Gridded Observation,2024-09-01,area_weighted_lat_cosine_polygon_integral,24h (03:00 UTC to 03:00 UTC / 08:30 IST to 08:30 IST)
2024-08-25,2024-09-02,SUB_15,Himachal Pradesh,Northwest,himalayan,0,31.9,77.2,8,3.2,10.0,-6.8,0.667,43.5,4.2,1.0,54.6,0,None,NOAA GFS 0.25° Operational GRIB2,00Z,f171,f195,IMD 24h Daily Gridded Observation,2024-09-02,area_weighted_lat_cosine_polygon_integral,24h (03:00 UTC to 03:00 UTC / 08:30 IST to 08:30 IST)
2024-08-25,2024-09-03,SUB_15,Himachal Pradesh,Northwest,himalayan,0,31.9,77.2,9,4.1,10.0,-5.9,0.667,43.5,28.5,24.4,57.4,0,None,NOAA GFS 0.25° Operational GRIB2,00Z,f195,f219,IMD 24h Daily Gridded Observation,2024-09-03,area_weighted_lat_cosine_polygon_integral,24h (03:00 UTC to 03:00 UTC / 08:30 IST to 08:30 IST)
2024-08-25,2024-09-04,SUB_15,Himachal Pradesh,Northwest,himalayan,0,31.9,77.2,10,3.1,10.0,-6.9,0.667,43.5,35.3,32.2,60.2,0,None,NOAA GFS 0.25° Operational GRIB2,00Z,f219,f243,IMD 24h Daily Gridded Observation,2024-09-04,area_weighted_lat_cosine_polygon_integral,24h (03:00 UTC to 03:00 UTC / 08:30 IST to 08:30 IST)
2024-08-25,2024-08-26,SUB_16,Jammu & Kashmir and Ladakh,Northwest,himalayan,0,34.08,76.5,1,1.7,10.0,-8.3,0.667,43.5,0.0,1.7,35.0,0,None,NOAA GFS 0.25° Operational GRIB2,00Z,f003,f027,IMD 24h Daily Gridded Observation,2024-08-26,area_weighted_lat_cosine_polygon_integral,24h (03:00 UTC to 03:00 UTC / 08:30 IST to 08:30 IST)
2024-08-25,2024-08-27,SUB_16,Jammu & Kashmir and Ladakh,Northwest,himalayan,0,34.08,76.5,2,3.1,10.0,-6.9,0.667,43.5,0.0,3.1,37.8,0,None,NOAA GFS 0.25° Operational GRIB2,00Z,f027,f051,IMD 24h Daily Gridded Observation,2024-08-27,area_weighted_lat_cosine_polygon_integral,24h (03:00 UTC to 03:00 UTC / 08:30 IST to 08:30 IST)
2024-08-25,2024-08-28,SUB_16,Jammu & Kashmir and Ladakh,Northwest,himalayan,0,34.08,76.5,3,3.9,10.0,-6.1,0.667,43.5,0.8,3.1,40.6,0,None,NOAA GFS 0.25° Operational GRIB2,00Z,f051,f075,IMD 24h Daily Gridded Observation,2024-08-28,area_weighted_lat_cosine_polygon_integral,24h (03:00 UTC to 03:00 UTC / 08:30 IST to 08:30 IST)
2024-08-25,2024-08-29,SUB_16,Jammu & Kashmir and Ladakh,Northwest,himalayan,0,34.08,76.5,4,2.8,10.0,-7.2,0.667,43.5,0.5,2.3,43.4,0,None,NOAA GFS 0.25° Operational GRIB2,00Z,f075,f099,IMD 24h Daily Gridded Observation,2024-08-29,area_weighted_lat_cosine_polygon_integral,24h (03:00 UTC to 03:00 UTC / 08:30 IST to 08:30 IST)
2024-08-25,2024-08-30,SUB_16,Jammu & Kashmir and Ladakh,Northwest,himalayan,0,34.08,76.5,5,5.5,10.0,-4.5,0.667,43.5,8.9,3.4,46.2,0,None,NOAA GFS 0.25° Operational GRIB2,00Z,f099,f123,IMD 24h Daily Gridded Observation,2024-08-30,area_weighted_lat_cosine_polygon_integral,24h (03:00 UTC to 03:00 UTC / 08:30 IST to 08:30 IST)
2024-08-25,2024-08-31,SUB_16,Jammu & Kashmir and Ladakh,Northwest,himalayan,0,34.08,76.5,6,6.9,10.0,-3.1,0.667,43.5,0.2,6.7,49.0,0,None,NOAA GFS 0.25° Operational GRIB2,00Z,f123,f147,IMD 24h Daily Gridded Observation,2024-08-31,area_weighted_lat_cosine_polygon_integral,24h (03:00 UTC to 03:00 UTC / 08:30 IST to 08:30 IST)
2024-08-25,2024-09-01,SUB_16,Jammu & Kashmir and Ladakh,Northwest,himalayan,0,34.08,76.5,7,2.1,10.0,-7.9,0.667,43.5,0.0,2.1,51.8,0,None,NOAA GFS 0.25° Operational GRIB2,00Z,f147,f171,IMD 24h Daily Gridded Observation,2024-09-01,area_weighted_lat_cosine_polygon_integral,24h (03:00 UTC to 03:00 UTC / 08:30 IST to 08:30 IST)
2024-08-25,2024-09-02,SUB_16,Jammu & Kashmir and Ladakh,Northwest,himalayan,0,34.08,76.5,8,1.5,10.0,-8.5,0.667,43.5,0.8,0.7,54.6,0,None,NOAA GFS 0.25° Operational GRIB2,00Z,f171,f195,IMD 24h Daily Gridded Observation,2024-09-02,area_weighted_lat_cosine_polygon_integral,24h (03:00 UTC to 03:00 UTC / 08:30 IST to 08:30 IST)
2024-08-25,2024-09-03,SUB_16,Jammu & Kashmir and Ladakh,Northwest,himalayan,0,34.08,76.5,9,1.6,10.0,-8.4,0.667,43.5,0.0,1.6,57.4,0,None,NOAA GFS 0.25° Operational GRIB2,00Z,f195,f219,IMD 24h Daily Gridded Observation,2024-09-03,area_weighted_lat_cosine_polygon_integral,24h (03:00 UTC to 03:00 UTC / 08:30 IST to 08:30 IST)
2024-08-25,2024-09-04,SUB_16,Jammu & Kashmir and Ladakh,Northwest,himalayan,0,34.08,76.5,10,1.8,10.0,-8.2,0.667,43.5,2.8,1.0,60.2,0,None,NOAA GFS 0.25° Operational GRIB2,00Z,f219,f243,IMD 24h Daily Gridded Observation,2024-09-04,area_weighted_lat_cosine_polygon_integral,24h (03:00 UTC to 03:00 UTC / 08:30 IST to 08:30 IST)
2024-08-25,2024-08-26,SUB_17,West Rajasthan,Northwest,arid_desert,0,26.8,72.0,1,5.4,10.0,-4.6,0.667,80.5,1.4,4.0,35.0,0,None,NOAA GFS 0.25° Operational GRIB2,00Z,f003,f027,IMD 24h Daily Gridded Observation,2024-08-26,area_weighted_lat_cosine_polygon_integral,24h (03:00 UTC to 03:00 UTC / 08:30 IST to 08:30 IST)
2024-08-25,2024-08-27,SUB_17,West Rajasthan,Northwest,arid_desert,0,26.8,72.0,2,3.9,10.0,-6.1,0.667,43.5,1.6,2.3,37.8,0,None,NOAA GFS 0.25° Operational GRIB2,00Z,f027,f051,IMD 24h Daily Gridded Observation,2024-08-27,area_weighted_lat_cosine_polygon_integral,24h (03:00 UTC to 03:00 UTC / 08:30 IST to 08:30 IST)
2024-08-25,2024-08-28,SUB_17,West Rajasthan,Northwest,arid_desert,0,26.8,72.0,3,7.2,10.0,-2.8,0.667,43.5,12.8,5.6,40.6,0,None,NOAA GFS 0.25° Operational GRIB2,00Z,f051,f075,IMD 24h Daily Gridded Observation,2024-08-28,area_weighted_lat_cosine_polygon_integral,24h (03:00 UTC to 03:00 UTC / 08:30 IST to 08:30 IST)
2024-08-25,2024-08-29,SUB_17,West Rajasthan,Northwest,arid_desert,0,26.8,72.0,4,2.5,10.0,-7.5,0.667,43.5,0.8,1.7,43.4,0,None,NOAA GFS 0.25° Operational GRIB2,00Z,f075,f099,IMD 24h Daily Gridded Observation,2024-08-29,area_weighted_lat_cosine_polygon_integral,24h (03:00 UTC to 03:00 UTC / 08:30 IST to 08:30 IST)
2024-08-25,2024-08-30,SUB_17,West Rajasthan,Northwest,arid_desert,0,26.8,72.0,5,2.8,10.0,-7.2,0.667,43.5,1.8,1.0,46.2,0,None,NOAA GFS 0.25° Operational GRIB2,00Z,f099,f123,IMD 24h Daily Gridded Observation,2024-08-30,area_weighted_lat_cosine_polygon_integral,24h (03:00 UTC to 03:00 UTC / 08:30 IST to 08:30 IST)
2024-08-25,2024-08-31,SUB_17,West Rajasthan,Northwest,arid_desert,0,26.8,72.0,6,1.8,10.0,-8.2,0.667,43.5,0.4,1.4,49.0,0,None,NOAA GFS 0.25° Operational GRIB2,00Z,f123,f147,IMD 24h Daily Gridded Observation,2024-08-31,area_weighted_lat_cosine_polygon_integral,24h (03:00 UTC to 03:00 UTC / 08:30 IST to 08:30 IST)
2024-08-25,2024-09-01,SUB_17,West Rajasthan,Northwest,arid_desert,0,26.8,72.0,7,2.0,10.0,-8.0,0.667,43.5,0.0,2.0,51.8,0,None,NOAA GFS 0.25° Operational GRIB2,00Z,f147,f171,IMD 24h Daily Gridded Observation,2024-09-01,area_weighted_lat_cosine_polygon_integral,24h (03:00 UTC to 03:00 UTC / 08:30 IST to 08:30 IST)
2024-08-25,2024-09-02,SUB_17,West Rajasthan,Northwest,arid_desert,0,26.8,72.0,8,0.2,10.0,-9.8,0.667,43.5,0.8,0.6,54.6,0,None,NOAA GFS 0.25° Operational GRIB2,00Z,f171,f195,IMD 24h Daily Gridded Observation,2024-09-02,area_weighted_lat_cosine_polygon_integral,24h (03:00 UTC to 03:00 UTC / 08:30 IST to 08:30 IST)
2024-08-25,2024-09-03,SUB_17,West Rajasthan,Northwest,arid_desert,0,26.8,72.0,9,1.0,10.0,-9.0,0.667,43.5,5.4,4.4,57.4,0,None,NOAA GFS 0.25° Operational GRIB2,00Z,f195,f219,IMD 24h Daily Gridded Observation,2024-09-03,area_weighted_lat_cosine_polygon_integral,24h (03:00 UTC to 03:00 UTC / 08:30 IST to 08:30 IST)
2024-08-25,2024-09-04,SUB_17,West Rajasthan,Northwest,arid_desert,0,26.8,72.0,10,3.9,10.0,-6.1,0.667,43.5,35.2,31.3,60.2,0,None,NOAA GFS 0.25° Operational GRIB2,00Z,f219,f243,IMD 24h Daily Gridded Observation,2024-09-04,area_weighted_lat_cosine_polygon_integral,24h (03:00 UTC to 03:00 UTC / 08:30 IST to 08:30 IST)
2024-08-25,2024-08-26,SUB_18,East Rajasthan,Northwest,semi_arid,0,26.2,75.8,1,19.8,10.0,9.8,0.667,80.5,11.5,8.3,35.0,0,None,NOAA GFS 0.25° Operational GRIB2,00Z,f003,f027,IMD 24h Daily Gridded Observation,2024-08-26,area_weighted_lat_cosine_polygon_integral,24h (03:00 UTC to 03:00 UTC / 08:30 IST to 08:30 IST)
2024-08-25,2024-08-27,SUB_18,East Rajasthan,Northwest,semi_arid,0,26.2,75.8,2,6.5,10.0,-3.5,0.667,43.5,12.0,5.5,37.8,0,None,NOAA GFS 0.25° Operational GRIB2,00Z,f027,f051,IMD 24h Daily Gridded Observation,2024-08-27,area_weighted_lat_cosine_polygon_integral,24h (03:00 UTC to 03:00 UTC / 08:30 IST to 08:30 IST)
2024-08-25,2024-08-28,SUB_18,East Rajasthan,Northwest,semi_arid,0,26.2,75.8,3,3.1,10.0,-6.9,0.667,43.5,3.1,0.0,40.6,0,None,NOAA GFS 0.25° Operational GRIB2,00Z,f051,f075,IMD 24h Daily Gridded Observation,2024-08-28,area_weighted_lat_cosine_polygon_integral,24h (03:00 UTC to 03:00 UTC / 08:30 IST to 08:30 IST)
2024-08-25,2024-08-29,SUB_18,East Rajasthan,Northwest,semi_arid,0,26.2,75.8,4,3.7,10.0,-6.3,0.667,43.5,0.0,3.7,43.4,0,None,NOAA GFS 0.25° Operational GRIB2,00Z,f075,f099,IMD 24h Daily Gridded Observation,2024-08-29,area_weighted_lat_cosine_polygon_integral,24h (03:00 UTC to 03:00 UTC / 08:30 IST to 08:30 IST)
2024-08-25,2024-08-30,SUB_18,East Rajasthan,Northwest,semi_arid,0,26.2,75.8,5,5.2,10.0,-4.8,0.667,43.5,1.6,3.6,46.2,0,None,NOAA GFS 0.25° Operational GRIB2,00Z,f099,f123,IMD 24h Daily Gridded Observation,2024-08-30,area_weighted_lat_cosine_polygon_integral,24h (03:00 UTC to 03:00 UTC / 08:30 IST to 08:30 IST)
2024-08-25,2024-08-31,SUB_18,East Rajasthan,Northwest,semi_arid,0,26.2,75.8,6,15.5,10.0,5.5,0.667,43.5,0.4,15.1,49.0,0,None,NOAA GFS 0.25° Operational GRIB2,00Z,f123,f147,IMD 24h Daily Gridded Observation,2024-08-31,area_weighted_lat_cosine_polygon_integral,24h (03:00 UTC to 03:00 UTC / 08:30 IST to 08:30 IST)
2024-08-25,2024-09-01,SUB_18,East Rajasthan,Northwest,semi_arid,0,26.2,75.8,7,6.5,10.0,-3.5,0.667,43.5,2.7,3.8,51.8,0,None,NOAA GFS 0.25° Operational GRIB2,00Z,f147,f171,IMD 24h Daily Gridded Observation,2024-09-01,area_weighted_lat_cosine_polygon_integral,24h (03:00 UTC to 03:00 UTC / 08:30 IST to 08:30 IST)
2024-08-25,2024-09-02,SUB_18,East Rajasthan,Northwest,semi_arid,0,26.2,75.8,8,5.5,10.0,-4.5,0.667,43.5,13.1,7.6,54.6,0,None,NOAA GFS 0.25° Operational GRIB2,00Z,f171,f195,IMD 24h Daily Gridded Observation,2024-09-02,area_weighted_lat_cosine_polygon_integral,24h (03:00 UTC to 03:00 UTC / 08:30 IST to 08:30 IST)
2024-08-25,2024-09-03,SUB_18,East Rajasthan,Northwest,semi_arid,0,26.2,75.8,9,4.4,10.0,-5.6,0.667,43.5,1.4,3.0,57.4,0,None,NOAA GFS 0.25° Operational GRIB2,00Z,f195,f219,IMD 24h Daily Gridded Observation,2024-09-03,area_weighted_lat_cosine_polygon_integral,24h (03:00 UTC to 03:00 UTC / 08:30 IST to 08:30 IST)
2024-08-25,2024-09-04,SUB_18,East Rajasthan,Northwest,semi_arid,0,26.2,75.8,10,6.7,10.0,-3.3,0.667,43.5,18.3,11.6,60.2,0,None,NOAA GFS 0.25° Operational GRIB2,00Z,f219,f243,IMD 24h Daily Gridded Observation,2024-09-04,area_weighted_lat_cosine_polygon_integral,24h (03:00 UTC to 03:00 UTC / 08:30 IST to 08:30 IST)
2024-08-25,2024-08-26,SUB_19,West Madhya Pradesh,Central,plateau,0,23.3,76.8,1,26.2,10.0,16.2,0.667,80.5,10.3,15.9,35.0,0,None,NOAA GFS 0.25° Operational GRIB2,00Z,f003,f027,IMD 24h Daily Gridded Observation,2024-08-26,area_weighted_lat_cosine_polygon_integral,24h (03:00 UTC to 03:00 UTC / 08:30 IST to 08:30 IST)
2024-08-25,2024-08-27,SUB_19,West Madhya Pradesh,Central,plateau,0,23.3,76.8,2,6.8,10.0,-3.2,0.667,43.5,2.3,4.5,37.8,0,None,NOAA GFS 0.25° Operational GRIB2,00Z,f027,f051,IMD 24h Daily Gridded Observation,2024-08-27,area_weighted_lat_cosine_polygon_integral,24h (03:00 UTC to 03:00 UTC / 08:30 IST to 08:30 IST)
2024-08-25,2024-08-28,SUB_19,West Madhya Pradesh,Central,plateau,0,23.3,76.8,3,2.6,10.0,-7.4,0.667,43.5,0.6,2.0,40.6,0,None,NOAA GFS 0.25° Operational GRIB2,00Z,f051,f075,IMD 24h Daily Gridded Observation,2024-08-28,area_weighted_lat_cosine_polygon_integral,24h (03:00 UTC to 03:00 UTC / 08:30 IST to 08:30 IST)
2024-08-25,2024-08-29,SUB_19,West Madhya Pradesh,Central,plateau,0,23.3,76.8,4,1.2,10.0,-8.8,0.667,43.5,4.4,3.2,43.4,0,None,NOAA GFS 0.25° Operational GRIB2,00Z,f075,f099,IMD 24h Daily Gridded Observation,2024-08-29,area_weighted_lat_cosine_polygon_integral,24h (03:00 UTC to 03:00 UTC / 08:30 IST to 08:30 IST)
2024-08-25,2024-08-30,SUB_19,West Madhya Pradesh,Central,plateau,0,23.3,76.8,5,8.2,10.0,-1.8,0.667,43.5,8.1,0.1,46.2,0,None,NOAA GFS 0.25° Operational GRIB2,00Z,f099,f123,IMD 24h Daily Gridded Observation,2024-08-30,area_weighted_lat_cosine_polygon_integral,24h (03:00 UTC to 03:00 UTC / 08:30 IST to 08:30 IST)
2024-08-25,2024-08-31,SUB_19,West Madhya Pradesh,Central,plateau,0,23.3,76.8,6,14.2,10.0,4.2,0.667,43.5,1.0,13.2,49.0,0,None,NOAA GFS 0.25° Operational GRIB2,00Z,f123,f147,IMD 24h Daily Gridded Observation,2024-08-31,area_weighted_lat_cosine_polygon_integral,24h (03:00 UTC to 03:00 UTC / 08:30 IST to 08:30 IST)
2024-08-25,2024-09-01,SUB_19,West Madhya Pradesh,Central,plateau,0,23.3,76.8,7,6.5,10.0,-3.5,0.667,43.5,5.6,0.9,51.8,0,None,NOAA GFS 0.25° Operational GRIB2,00Z,f147,f171,IMD 24h Daily Gridded Observation,2024-09-01,area_weighted_lat_cosine_polygon_integral,24h (03:00 UTC to 03:00 UTC / 08:30 IST to 08:30 IST)
2024-08-25,2024-09-02,SUB_19,West Madhya Pradesh,Central,plateau,0,23.3,76.8,8,11.3,10.0,1.3,0.667,43.5,31.6,20.3,54.6,0,None,NOAA GFS 0.25° Operational GRIB2,00Z,f171,f195,IMD 24h Daily Gridded Observation,2024-09-02,area_weighted_lat_cosine_polygon_integral,24h (03:00 UTC to 03:00 UTC / 08:30 IST to 08:30 IST)
2024-08-25,2024-09-03,SUB_19,West Madhya Pradesh,Central,plateau,0,23.3,76.8,9,11.6,10.0,1.6,0.667,43.5,7.7,3.9,57.4,0,None,NOAA GFS 0.25° Operational GRIB2,00Z,f195,f219,IMD 24h Daily Gridded Observation,2024-09-03,area_weighted_lat_cosine_polygon_integral,24h (03:00 UTC to 03:00 UTC / 08:30 IST to 08:30 IST)
2024-08-25,2024-09-04,SUB_19,West Madhya Pradesh,Central,plateau,0,23.3,76.8,10,8.3,10.0,-1.7,0.667,43.5,21.0,12.7,60.2,0,None,NOAA GFS 0.25° Operational GRIB2,00Z,f219,f243,IMD 24h Daily Gridded Observation,2024-09-04,area_weighted_lat_cosine_polygon_integral,24h (03:00 UTC to 03:00 UTC / 08:30 IST to 08:30 IST)
2024-08-25,2024-08-26,SUB_20,East Madhya Pradesh,Central,plateau,0,23.5,80.5,1,7.0,10.0,-3.0,0.667,80.5,5.7,1.3,35.0,0,None,NOAA GFS 0.25° Operational GRIB2,00Z,f003,f027,IMD 24h Daily Gridded Observation,2024-08-26,area_weighted_lat_cosine_polygon_integral,24h (03:00 UTC to 03:00 UTC / 08:30 IST to 08:30 IST)
2024-08-25,2024-08-27,SUB_20,East Madhya Pradesh,Central,plateau,0,23.5,80.5,2,5.3,10.0,-4.7,0.667,43.5,29.5,24.2,37.8,0,None,NOAA GFS 0.25° Operational GRIB2,00Z,f027,f051,IMD 24h Daily Gridded Observation,2024-08-27,area_weighted_lat_cosine_polygon_integral,24h (03:00 UTC to 03:00 UTC / 08:30 IST to 08:30 IST)
2024-08-25,2024-08-28,SUB_20,East Madhya Pradesh,Central,plateau,0,23.5,80.5,3,5.9,10.0,-4.1,0.667,43.5,0.0,5.9,40.6,0,None,NOAA GFS 0.25° Operational GRIB2,00Z,f051,f075,IMD 24h Daily Gridded Observation,2024-08-28,area_weighted_lat_cosine_polygon_integral,24h (03:00 UTC to 03:00 UTC / 08:30 IST to 08:30 IST)
2024-08-25,2024-08-29,SUB_20,East Madhya Pradesh,Central,plateau,0,23.5,80.5,4,13.6,10.0,3.6,0.667,43.5,9.7,3.9,43.4,0,None,NOAA GFS 0.25° Operational GRIB2,00Z,f075,f099,IMD 24h Daily Gridded Observation,2024-08-29,area_weighted_lat_cosine_polygon_integral,24h (03:00 UTC to 03:00 UTC / 08:30 IST to 08:30 IST)
2024-08-25,2024-08-30,SUB_20,East Madhya Pradesh,Central,plateau,0,23.5,80.5,5,16.1,10.0,6.1,0.667,43.5,2.9,13.2,46.2,0,None,NOAA GFS 0.25° Operational GRIB2,00Z,f099,f123,IMD 24h Daily Gridded Observation,2024-08-30,area_weighted_lat_cosine_polygon_integral,24h (03:00 UTC to 03:00 UTC / 08:30 IST to 08:30 IST)
2024-08-25,2024-08-31,SUB_20,East Madhya Pradesh,Central,plateau,0,23.5,80.5,6,10.7,10.0,0.7,0.667,43.5,13.2,2.5,49.0,0,None,NOAA GFS 0.25° Operational GRIB2,00Z,f123,f147,IMD 24h Daily Gridded Observation,2024-08-31,area_weighted_lat_cosine_polygon_integral,24h (03:00 UTC to 03:00 UTC / 08:30 IST to 08:30 IST)
2024-08-25,2024-09-01,SUB_20,East Madhya Pradesh,Central,plateau,0,23.5,80.5,7,7.0,10.0,-3.0,0.667,43.5,11.2,4.2,51.8,0,None,NOAA GFS 0.25° Operational GRIB2,00Z,f147,f171,IMD 24h Daily Gridded Observation,2024-09-01,area_weighted_lat_cosine_polygon_integral,24h (03:00 UTC to 03:00 UTC / 08:30 IST to 08:30 IST)
2024-08-25,2024-09-02,SUB_20,East Madhya Pradesh,Central,plateau,0,23.5,80.5,8,5.0,10.0,-5.0,0.667,43.5,1.1,3.9,54.6,0,None,NOAA GFS 0.25° Operational GRIB2,00Z,f171,f195,IMD 24h Daily Gridded Observation,2024-09-02,area_weighted_lat_cosine_polygon_integral,24h (03:00 UTC to 03:00 UTC / 08:30 IST to 08:30 IST)
2024-08-25,2024-09-03,SUB_20,East Madhya Pradesh,Central,plateau,0,23.5,80.5,9,4.4,10.0,-5.6,0.667,43.5,3.9,0.5,57.4,0,None,NOAA GFS 0.25° Operational GRIB2,00Z,f195,f219,IMD 24h Daily Gridded Observation,2024-09-03,area_weighted_lat_cosine_polygon_integral,24h (03:00 UTC to 03:00 UTC / 08:30 IST to 08:30 IST)
2024-08-25,2024-09-04,SUB_20,East Madhya Pradesh,Central,plateau,0,23.5,80.5,10,1.2,10.0,-8.8,0.667,43.5,0.9,0.3,60.2,0,None,NOAA GFS 0.25° Operational GRIB2,00Z,f219,f243,IMD 24h Daily Gridded Observation,2024-09-04,area_weighted_lat_cosine_polygon_integral,24h (03:00 UTC to 03:00 UTC / 08:30 IST to 08:30 IST)
2024-08-25,2024-08-26,SUB_21,Gujarat Region,Northwest,plains_hills,0,22.8,73.0,1,71.0,10.0,61.0,1.0,111.7,83.6,12.6,35.0,0,None,NOAA GFS 0.25° Operational GRIB2,00Z,f003,f027,IMD 24h Daily Gridded Observation,2024-08-26,area_weighted_lat_cosine_polygon_integral,24h (03:00 UTC to 03:00 UTC / 08:30 IST to 08:30 IST)
2024-08-25,2024-08-27,SUB_21,Gujarat Region,Northwest,plains_hills,0,22.8,73.0,2,71.1,10.0,61.1,1.0,111.7,109.5,38.4,37.8,1,Tail Error > Threshold,NOAA GFS 0.25° Operational GRIB2,00Z,f027,f051,IMD 24h Daily Gridded Observation,2024-08-27,area_weighted_lat_cosine_polygon_integral,24h (03:00 UTC to 03:00 UTC / 08:30 IST to 08:30 IST)
2024-08-25,2024-08-28,SUB_21,Gujarat Region,Northwest,plains_hills,0,22.8,73.0,3,16.0,10.0,6.0,0.667,43.5,30.2,14.2,40.6,0,None,NOAA GFS 0.25° Operational GRIB2,00Z,f051,f075,IMD 24h Daily Gridded Observation,2024-08-28,area_weighted_lat_cosine_polygon_integral,24h (03:00 UTC to 03:00 UTC / 08:30 IST to 08:30 IST)
2024-08-25,2024-08-29,SUB_21,Gujarat Region,Northwest,plains_hills,0,22.8,73.0,4,7.0,10.0,-3.0,0.667,43.5,7.9,0.9,43.4,0,None,NOAA GFS 0.25° Operational GRIB2,00Z,f075,f099,IMD 24h Daily Gridded Observation,2024-08-29,area_weighted_lat_cosine_polygon_integral,24h (03:00 UTC to 03:00 UTC / 08:30 IST to 08:30 IST)
2024-08-25,2024-08-30,SUB_21,Gujarat Region,Northwest,plains_hills,0,22.8,73.0,5,4.9,10.0,-5.1,0.667,43.5,6.5,1.6,46.2,0,None,NOAA GFS 0.25° Operational GRIB2,00Z,f099,f123,IMD 24h Daily Gridded Observation,2024-08-30,area_weighted_lat_cosine_polygon_integral,24h (03:00 UTC to 03:00 UTC / 08:30 IST to 08:30 IST)
2024-08-25,2024-08-31,SUB_21,Gujarat Region,Northwest,plains_hills,0,22.8,73.0,6,3.0,10.0,-7.0,0.667,43.5,0.4,2.6,49.0,0,None,NOAA GFS 0.25° Operational GRIB2,00Z,f123,f147,IMD 24h Daily Gridded Observation,2024-08-31,area_weighted_lat_cosine_polygon_integral,24h (03:00 UTC to 03:00 UTC / 08:30 IST to 08:30 IST)
2024-08-25,2024-09-01,SUB_21,Gujarat Region,Northwest,plains_hills,0,22.8,73.0,7,2.5,10.0,-7.5,0.667,43.5,0.6,1.9,51.8,0,None,NOAA GFS 0.25° Operational GRIB2,00Z,f147,f171,IMD 24h Daily Gridded Observation,2024-09-01,area_weighted_lat_cosine_polygon_integral,24h (03:00 UTC to 03:00 UTC / 08:30 IST to 08:30 IST)
2024-08-25,2024-09-02,SUB_21,Gujarat Region,Northwest,plains_hills,0,22.8,73.0,8,5.6,10.0,-4.4,0.667,43.5,2.2,3.4,54.6,0,None,NOAA GFS 0.25° Operational GRIB2,00Z,f171,f195,IMD 24h Daily Gridded Observation,2024-09-02,area_weighted_lat_cosine_polygon_integral,24h (03:00 UTC to 03:00 UTC / 08:30 IST to 08:30 IST)
2024-08-25,2024-09-03,SUB_21,Gujarat Region,Northwest,plains_hills,0,22.8,73.0,9,20.9,10.0,10.9,0.667,43.5,54.6,33.7,57.4,0,None,NOAA GFS 0.25° Operational GRIB2,00Z,f195,f219,IMD 24h Daily Gridded Observation,2024-09-03,area_weighted_lat_cosine_polygon_integral,24h (03:00 UTC to 03:00 UTC / 08:30 IST to 08:30 IST)
2024-08-25,2024-09-04,SUB_21,Gujarat Region,Northwest,plains_hills,0,22.8,73.0,10,8.6,10.0,-1.4,0.667,43.5,12.3,3.7,60.2,0,None,NOAA GFS 0.25° Operational GRIB2,00Z,f219,f243,IMD 24h Daily Gridded Observation,2024-09-04,area_weighted_lat_cosine_polygon_integral,24h (03:00 UTC to 03:00 UTC / 08:30 IST to 08:30 IST)
2024-08-25,2024-08-26,SUB_22,Saurashtra & Kutch,Northwest,coastal_arid,1,22.3,70.3,1,29.2,10.0,19.2,0.667,80.5,44.8,15.6,35.0,0,None,NOAA GFS 0.25° Operational GRIB2,00Z,f003,f027,IMD 24h Daily Gridded Observation,2024-08-26,area_weighted_lat_cosine_polygon_integral,24h (03:00 UTC to 03:00 UTC / 08:30 IST to 08:30 IST)
2024-08-25,2024-08-27,SUB_22,Saurashtra & Kutch,Northwest,coastal_arid,1,22.3,70.3,2,48.9,10.0,38.9,1.0,101.7,214.7,165.8,37.8,1,Tail Error > Threshold,NOAA GFS 0.25° Operational GRIB2,00Z,f027,f051,IMD 24h Daily Gridded Observation,2024-08-27,area_weighted_lat_cosine_polygon_integral,24h (03:00 UTC to 03:00 UTC / 08:30 IST to 08:30 IST)
2024-08-25,2024-08-28,SUB_22,Saurashtra & Kutch,Northwest,coastal_arid,1,22.3,70.3,3,42.5,10.0,32.5,0.667,80.5,60.8,18.3,40.6,0,None,NOAA GFS 0.25° Operational GRIB2,00Z,f051,f075,IMD 24h Daily Gridded Observation,2024-08-28,area_weighted_lat_cosine_polygon_integral,24h (03:00 UTC to 03:00 UTC / 08:30 IST to 08:30 IST)
2024-08-25,2024-08-29,SUB_22,Saurashtra & Kutch,Northwest,coastal_arid,1,22.3,70.3,4,19.0,10.0,9.0,0.667,43.5,101.0,82.0,43.4,1,Tail Error > Threshold,NOAA GFS 0.25° Operational GRIB2,00Z,f075,f099,IMD 24h Daily Gridded Observation,2024-08-29,area_weighted_lat_cosine_polygon_integral,24h (03:00 UTC to 03:00 UTC / 08:30 IST to 08:30 IST)
2024-08-25,2024-08-30,SUB_22,Saurashtra & Kutch,Northwest,coastal_arid,1,22.3,70.3,5,6.0,10.0,-4.0,0.667,43.5,33.7,27.7,46.2,0,None,NOAA GFS 0.25° Operational GRIB2,00Z,f099,f123,IMD 24h Daily Gridded Observation,2024-08-30,area_weighted_lat_cosine_polygon_integral,24h (03:00 UTC to 03:00 UTC / 08:30 IST to 08:30 IST)
2024-08-25,2024-08-31,SUB_22,Saurashtra & Kutch,Northwest,coastal_arid,1,22.3,70.3,6,2.4,10.0,-7.6,0.667,43.5,0.7,1.7,49.0,0,None,NOAA GFS 0.25° Operational GRIB2,00Z,f123,f147,IMD 24h Daily Gridded Observation,2024-08-31,area_weighted_lat_cosine_polygon_integral,24h (03:00 UTC to 03:00 UTC / 08:30 IST to 08:30 IST)
2024-08-25,2024-09-01,SUB_22,Saurashtra & Kutch,Northwest,coastal_arid,1,22.3,70.3,7,1.8,10.0,-8.2,0.667,43.5,1.9,0.1,51.8,0,None,NOAA GFS 0.25° Operational GRIB2,00Z,f147,f171,IMD 24h Daily Gridded Observation,2024-09-01,area_weighted_lat_cosine_polygon_integral,24h (03:00 UTC to 03:00 UTC / 08:30 IST to 08:30 IST)
2024-08-25,2024-09-02,SUB_22,Saurashtra & Kutch,Northwest,coastal_arid,1,22.3,70.3,8,1.1,10.0,-8.9,0.667,43.5,1.2,0.1,54.6,0,None,NOAA GFS 0.25° Operational GRIB2,00Z,f171,f195,IMD 24h Daily Gridded Observation,2024-09-02,area_weighted_lat_cosine_polygon_integral,24h (03:00 UTC to 03:00 UTC / 08:30 IST to 08:30 IST)
2024-08-25,2024-09-03,SUB_22,Saurashtra & Kutch,Northwest,coastal_arid,1,22.3,70.3,9,10.8,10.0,0.8,1.0,64.7,5.3,5.5,57.4,0,None,NOAA GFS 0.25° Operational GRIB2,00Z,f195,f219,IMD 24h Daily Gridded Observation,2024-09-03,area_weighted_lat_cosine_polygon_integral,24h (03:00 UTC to 03:00 UTC / 08:30 IST to 08:30 IST)
2024-08-25,2024-09-04,SUB_22,Saurashtra & Kutch,Northwest,coastal_arid,1,22.3,70.3,10,2.9,10.0,-7.1,1.0,64.7,4.0,1.1,60.2,0,None,NOAA GFS 0.25° Operational GRIB2,00Z,f219,f243,IMD 24h Daily Gridded Observation,2024-09-04,area_weighted_lat_cosine_polygon_integral,24h (03:00 UTC to 03:00 UTC / 08:30 IST to 08:30 IST)
2024-08-25,2024-08-26,SUB_23,Konkan & Goa,South Peninsula,coastal_ghats,1,16.5,73.5,1,31.8,8.5,23.3,0.667,80.5,48.2,16.4,35.0,0,None,NOAA GFS 0.25° Operational GRIB2,00Z,f003,f027,IMD 24h Daily Gridded Observation,2024-08-26,area_weighted_lat_cosine_polygon_integral,24h (03:00 UTC to 03:00 UTC / 08:30 IST to 08:30 IST)
2024-08-25,2024-08-27,SUB_23,Konkan & Goa,South Peninsula,coastal_ghats,1,16.5,73.5,2,23.5,8.5,15.0,0.667,80.5,45.8,22.3,37.8,0,None,NOAA GFS 0.25° Operational GRIB2,00Z,f027,f051,IMD 24h Daily Gridded Observation,2024-08-27,area_weighted_lat_cosine_polygon_integral,24h (03:00 UTC to 03:00 UTC / 08:30 IST to 08:30 IST)
2024-08-25,2024-08-28,SUB_23,Konkan & Goa,South Peninsula,coastal_ghats,1,16.5,73.5,3,17.2,8.5,8.7,0.667,43.5,41.1,23.9,40.6,0,None,NOAA GFS 0.25° Operational GRIB2,00Z,f051,f075,IMD 24h Daily Gridded Observation,2024-08-28,area_weighted_lat_cosine_polygon_integral,24h (03:00 UTC to 03:00 UTC / 08:30 IST to 08:30 IST)
2024-08-25,2024-08-29,SUB_23,Konkan & Goa,South Peninsula,coastal_ghats,1,16.5,73.5,4,19.8,8.5,11.3,0.667,43.5,12.1,7.7,43.4,0,None,NOAA GFS 0.25° Operational GRIB2,00Z,f075,f099,IMD 24h Daily Gridded Observation,2024-08-29,area_weighted_lat_cosine_polygon_integral,24h (03:00 UTC to 03:00 UTC / 08:30 IST to 08:30 IST)
2024-08-25,2024-08-30,SUB_23,Konkan & Goa,South Peninsula,coastal_ghats,1,16.5,73.5,5,10.9,8.5,2.4,0.667,43.5,10.1,0.8,46.2,0,None,NOAA GFS 0.25° Operational GRIB2,00Z,f099,f123,IMD 24h Daily Gridded Observation,2024-08-30,area_weighted_lat_cosine_polygon_integral,24h (03:00 UTC to 03:00 UTC / 08:30 IST to 08:30 IST)
2024-08-25,2024-08-31,SUB_23,Konkan & Goa,South Peninsula,coastal_ghats,1,16.5,73.5,6,12.5,8.5,4.0,0.667,43.5,28.1,15.6,49.0,0,None,NOAA GFS 0.25° Operational GRIB2,00Z,f123,f147,IMD 24h Daily Gridded Observation,2024-08-31,area_weighted_lat_cosine_polygon_integral,24h (03:00 UTC to 03:00 UTC / 08:30 IST to 08:30 IST)
2024-08-25,2024-09-01,SUB_23,Konkan & Goa,South Peninsula,coastal_ghats,1,16.5,73.5,7,18.8,8.5,10.3,0.667,43.5,4.9,13.9,51.8,0,None,NOAA GFS 0.25° Operational GRIB2,00Z,f147,f171,IMD 24h Daily Gridded Observation,2024-09-01,area_weighted_lat_cosine_polygon_integral,24h (03:00 UTC to 03:00 UTC / 08:30 IST to 08:30 IST)
2024-08-25,2024-09-02,SUB_23,Konkan & Goa,South Peninsula,coastal_ghats,1,16.5,73.5,8,35.5,8.5,27.0,1.0,64.7,10.3,25.2,54.6,0,None,NOAA GFS 0.25° Operational GRIB2,00Z,f171,f195,IMD 24h Daily Gridded Observation,2024-09-02,area_weighted_lat_cosine_polygon_integral,24h (03:00 UTC to 03:00 UTC / 08:30 IST to 08:30 IST)
2024-08-25,2024-09-03,SUB_23,Konkan & Goa,South Peninsula,coastal_ghats,1,16.5,73.5,9,19.4,8.5,10.9,0.667,43.5,13.3,6.1,57.4,0,None,NOAA GFS 0.25° Operational GRIB2,00Z,f195,f219,IMD 24h Daily Gridded Observation,2024-09-03,area_weighted_lat_cosine_polygon_integral,24h (03:00 UTC to 03:00 UTC / 08:30 IST to 08:30 IST)
2024-08-25,2024-09-04,SUB_23,Konkan & Goa,South Peninsula,coastal_ghats,1,16.5,73.5,10,16.3,8.5,7.8,0.667,43.5,11.7,4.6,60.2,0,None,NOAA GFS 0.25° Operational GRIB2,00Z,f219,f243,IMD 24h Daily Gridded Observation,2024-09-04,area_weighted_lat_cosine_polygon_integral,24h (03:00 UTC to 03:00 UTC / 08:30 IST to 08:30 IST)
2024-08-25,2024-08-26,SUB_24,Madhya Maharashtra,Central,ghats_plateau,0,18.5,74.8,1,10.2,10.0,0.2,0.667,80.5,3.0,7.2,35.0,0,None,NOAA GFS 0.25° Operational GRIB2,00Z,f003,f027,IMD 24h Daily Gridded Observation,2024-08-26,area_weighted_lat_cosine_polygon_integral,24h (03:00 UTC to 03:00 UTC / 08:30 IST to 08:30 IST)
2024-08-25,2024-08-27,SUB_24,Madhya Maharashtra,Central,ghats_plateau,0,18.5,74.8,2,6.7,10.0,-3.3,0.667,43.5,3.1,3.6,37.8,0,None,NOAA GFS 0.25° Operational GRIB2,00Z,f027,f051,IMD 24h Daily Gridded Observation,2024-08-27,area_weighted_lat_cosine_polygon_integral,24h (03:00 UTC to 03:00 UTC / 08:30 IST to 08:30 IST)
2024-08-25,2024-08-28,SUB_24,Madhya Maharashtra,Central,ghats_plateau,0,18.5,74.8,3,4.1,10.0,-5.9,0.667,43.5,2.9,1.2,40.6,0,None,NOAA GFS 0.25° Operational GRIB2,00Z,f051,f075,IMD 24h Daily Gridded Observation,2024-08-28,area_weighted_lat_cosine_polygon_integral,24h (03:00 UTC to 03:00 UTC / 08:30 IST to 08:30 IST)
2024-08-25,2024-08-29,SUB_24,Madhya Maharashtra,Central,ghats_plateau,0,18.5,74.8,4,4.1,10.0,-5.9,0.667,43.5,1.4,2.7,43.4,0,None,NOAA GFS 0.25° Operational GRIB2,00Z,f075,f099,IMD 24h Daily Gridded Observation,2024-08-29,area_weighted_lat_cosine_polygon_integral,24h (03:00 UTC to 03:00 UTC / 08:30 IST to 08:30 IST)
2024-08-25,2024-08-30,SUB_24,Madhya Maharashtra,Central,ghats_plateau,0,18.5,74.8,5,1.7,10.0,-8.3,0.667,43.5,0.1,1.6,46.2,0,None,NOAA GFS 0.25° Operational GRIB2,00Z,f099,f123,IMD 24h Daily Gridded Observation,2024-08-30,area_weighted_lat_cosine_polygon_integral,24h (03:00 UTC to 03:00 UTC / 08:30 IST to 08:30 IST)
2024-08-25,2024-08-31,SUB_24,Madhya Maharashtra,Central,ghats_plateau,0,18.5,74.8,6,3.0,10.0,-7.0,0.667,43.5,1.3,1.7,49.0,0,None,NOAA GFS 0.25° Operational GRIB2,00Z,f123,f147,IMD 24h Daily Gridded Observation,2024-08-31,area_weighted_lat_cosine_polygon_integral,24h (03:00 UTC to 03:00 UTC / 08:30 IST to 08:30 IST)
2024-08-25,2024-09-01,SUB_24,Madhya Maharashtra,Central,ghats_plateau,0,18.5,74.8,7,5.7,10.0,-4.3,0.667,43.5,1.9,3.8,51.8,0,None,NOAA GFS 0.25° Operational GRIB2,00Z,f147,f171,IMD 24h Daily Gridded Observation,2024-09-01,area_weighted_lat_cosine_polygon_integral,24h (03:00 UTC to 03:00 UTC / 08:30 IST to 08:30 IST)
2024-08-25,2024-09-02,SUB_24,Madhya Maharashtra,Central,ghats_plateau,0,18.5,74.8,8,32.0,10.0,22.0,0.667,43.5,41.7,9.7,54.6,0,None,NOAA GFS 0.25° Operational GRIB2,00Z,f171,f195,IMD 24h Daily Gridded Observation,2024-09-02,area_weighted_lat_cosine_polygon_integral,24h (03:00 UTC to 03:00 UTC / 08:30 IST to 08:30 IST)
2024-08-25,2024-09-03,SUB_24,Madhya Maharashtra,Central,ghats_plateau,0,18.5,74.8,9,15.7,10.0,5.7,0.667,43.5,24.8,9.1,57.4,0,None,NOAA GFS 0.25° Operational GRIB2,00Z,f195,f219,IMD 24h Daily Gridded Observation,2024-09-03,area_weighted_lat_cosine_polygon_integral,24h (03:00 UTC to 03:00 UTC / 08:30 IST to 08:30 IST)
2024-08-25,2024-09-04,SUB_24,Madhya Maharashtra,Central,ghats_plateau,0,18.5,74.8,10,3.2,10.0,-6.8,0.667,43.5,1.7,1.5,60.2,0,None,NOAA GFS 0.25° Operational GRIB2,00Z,f219,f243,IMD 24h Daily Gridded Observation,2024-09-04,area_weighted_lat_cosine_polygon_integral,24h (03:00 UTC to 03:00 UTC / 08:30 IST to 08:30 IST)
2024-08-25,2024-08-26,SUB_25,Marathwada,Central,semi_arid_plateau,0,19.1,76.5,1,5.0,10.0,-5.0,0.667,80.5,6.2,1.2,35.0,0,None,NOAA GFS 0.25° Operational GRIB2,00Z,f003,f027,IMD 24h Daily Gridded Observation,2024-08-26,area_weighted_lat_cosine_polygon_integral,24h (03:00 UTC to 03:00 UTC / 08:30 IST to 08:30 IST)
2024-08-25,2024-08-27,SUB_25,Marathwada,Central,semi_arid_plateau,0,19.1,76.5,2,1.8,10.0,-8.2,0.667,43.5,0.1,1.7,37.8,0,None,NOAA GFS 0.25° Operational GRIB2,00Z,f027,f051,IMD 24h Daily Gridded Observation,2024-08-27,area_weighted_lat_cosine_polygon_integral,24h (03:00 UTC to 03:00 UTC / 08:30 IST to 08:30 IST)
2024-08-25,2024-08-28,SUB_25,Marathwada,Central,semi_arid_plateau,0,19.1,76.5,3,0.7,10.0,-9.3,0.667,43.5,6.8,6.1,40.6,0,None,NOAA GFS 0.25° Operational GRIB2,00Z,f051,f075,IMD 24h Daily Gridded Observation,2024-08-28,area_weighted_lat_cosine_polygon_integral,24h (03:00 UTC to 03:00 UTC / 08:30 IST to 08:30 IST)
2024-08-25,2024-08-29,SUB_25,Marathwada,Central,semi_arid_plateau,0,19.1,76.5,4,1.6,10.0,-8.4,0.667,43.5,1.3,0.3,43.4,0,None,NOAA GFS 0.25° Operational GRIB2,00Z,f075,f099,IMD 24h Daily Gridded Observation,2024-08-29,area_weighted_lat_cosine_polygon_integral,24h (03:00 UTC to 03:00 UTC / 08:30 IST to 08:30 IST)
2024-08-25,2024-08-30,SUB_25,Marathwada,Central,semi_arid_plateau,0,19.1,76.5,5,2.0,10.0,-8.0,0.667,43.5,0.4,1.6,46.2,0,None,NOAA GFS 0.25° Operational GRIB2,00Z,f099,f123,IMD 24h Daily Gridded Observation,2024-08-30,area_weighted_lat_cosine_polygon_integral,24h (03:00 UTC to 03:00 UTC / 08:30 IST to 08:30 IST)
2024-08-25,2024-08-31,SUB_25,Marathwada,Central,semi_arid_plateau,0,19.1,76.5,6,3.6,10.0,-6.4,0.667,43.5,3.5,0.1,49.0,0,None,NOAA GFS 0.25° Operational GRIB2,00Z,f123,f147,IMD 24h Daily Gridded Observation,2024-08-31,area_weighted_lat_cosine_polygon_integral,24h (03:00 UTC to 03:00 UTC / 08:30 IST to 08:30 IST)
2024-08-25,2024-09-01,SUB_25,Marathwada,Central,semi_arid_plateau,0,19.1,76.5,7,17.4,10.0,7.4,0.667,43.5,12.9,4.5,51.8,0,None,NOAA GFS 0.25° Operational GRIB2,00Z,f147,f171,IMD 24h Daily Gridded Observation,2024-09-01,area_weighted_lat_cosine_polygon_integral,24h (03:00 UTC to 03:00 UTC / 08:30 IST to 08:30 IST)
2024-08-25,2024-09-02,SUB_25,Marathwada,Central,semi_arid_plateau,0,19.1,76.5,8,78.3,10.0,68.3,1.0,78.8,52.8,25.5,54.6,0,None,NOAA GFS 0.25° Operational GRIB2,00Z,f171,f195,IMD 24h Daily Gridded Observation,2024-09-02,area_weighted_lat_cosine_polygon_integral,24h (03:00 UTC to 03:00 UTC / 08:30 IST to 08:30 IST)
2024-08-25,2024-09-03,SUB_25,Marathwada,Central,semi_arid_plateau,0,19.1,76.5,9,15.7,10.0,5.7,0.667,43.5,66.9,51.2,57.4,0,None,NOAA GFS 0.25° Operational GRIB2,00Z,f195,f219,IMD 24h Daily Gridded Observation,2024-09-03,area_weighted_lat_cosine_polygon_integral,24h (03:00 UTC to 03:00 UTC / 08:30 IST to 08:30 IST)
2024-08-25,2024-09-04,SUB_25,Marathwada,Central,semi_arid_plateau,0,19.1,76.5,10,2.4,10.0,-7.6,0.667,43.5,1.3,1.1,60.2,0,None,NOAA GFS 0.25° Operational GRIB2,00Z,f219,f243,IMD 24h Daily Gridded Observation,2024-09-04,area_weighted_lat_cosine_polygon_integral,24h (03:00 UTC to 03:00 UTC / 08:30 IST to 08:30 IST)
2024-08-25,2024-08-26,SUB_26,Vidarbha,Central,plateau,0,20.9,79.2,1,4.4,10.0,-5.6,0.667,43.5,10.0,5.6,35.0,0,None,NOAA GFS 0.25° Operational GRIB2,00Z,f003,f027,IMD 24h Daily Gridded Observation,2024-08-26,area_weighted_lat_cosine_polygon_integral,24h (03:00 UTC to 03:00 UTC / 08:30 IST to 08:30 IST)
2024-08-25,2024-08-27,SUB_26,Vidarbha,Central,plateau,0,20.9,79.2,2,2.0,10.0,-8.0,0.667,43.5,0.7,1.3,37.8,0,None,NOAA GFS 0.25° Operational GRIB2,00Z,f027,f051,IMD 24h Daily Gridded Observation,2024-08-27,area_weighted_lat_cosine_polygon_integral,24h (03:00 UTC to 03:00 UTC / 08:30 IST to 08:30 IST)
2024-08-25,2024-08-28,SUB_26,Vidarbha,Central,plateau,0,20.9,79.2,3,1.6,10.0,-8.4,0.667,43.5,0.8,0.8,40.6,0,None,NOAA GFS 0.25° Operational GRIB2,00Z,f051,f075,IMD 24h Daily Gridded Observation,2024-08-28,area_weighted_lat_cosine_polygon_integral,24h (03:00 UTC to 03:00 UTC / 08:30 IST to 08:30 IST)
2024-08-25,2024-08-29,SUB_26,Vidarbha,Central,plateau,0,20.9,79.2,4,1.6,10.0,-8.4,0.667,43.5,1.1,0.5,43.4,0,None,NOAA GFS 0.25° Operational GRIB2,00Z,f075,f099,IMD 24h Daily Gridded Observation,2024-08-29,area_weighted_lat_cosine_polygon_integral,24h (03:00 UTC to 03:00 UTC / 08:30 IST to 08:30 IST)
2024-08-25,2024-08-30,SUB_26,Vidarbha,Central,plateau,0,20.9,79.2,5,13.3,10.0,3.3,0.667,43.5,4.9,8.4,46.2,0,None,NOAA GFS 0.25° Operational GRIB2,00Z,f099,f123,IMD 24h Daily Gridded Observation,2024-08-30,area_weighted_lat_cosine_polygon_integral,24h (03:00 UTC to 03:00 UTC / 08:30 IST to 08:30 IST)
2024-08-25,2024-08-31,SUB_26,Vidarbha,Central,plateau,0,20.9,79.2,6,3.0,10.0,-7.0,0.667,43.5,7.7,4.7,49.0,0,None,NOAA GFS 0.25° Operational GRIB2,00Z,f123,f147,IMD 24h Daily Gridded Observation,2024-08-31,area_weighted_lat_cosine_polygon_integral,24h (03:00 UTC to 03:00 UTC / 08:30 IST to 08:30 IST)
2024-08-25,2024-09-01,SUB_26,Vidarbha,Central,plateau,0,20.9,79.2,7,16.4,10.0,6.4,0.667,43.5,44.7,28.3,51.8,0,None,NOAA GFS 0.25° Operational GRIB2,00Z,f147,f171,IMD 24h Daily Gridded Observation,2024-09-01,area_weighted_lat_cosine_polygon_integral,24h (03:00 UTC to 03:00 UTC / 08:30 IST to 08:30 IST)
2024-08-25,2024-09-02,SUB_26,Vidarbha,Central,plateau,0,20.9,79.2,8,18.9,10.0,8.9,0.667,43.5,29.9,11.0,54.6,0,None,NOAA GFS 0.25° Operational GRIB2,00Z,f171,f195,IMD 24h Daily Gridded Observation,2024-09-02,area_weighted_lat_cosine_polygon_integral,24h (03:00 UTC to 03:00 UTC / 08:30 IST to 08:30 IST)
2024-08-25,2024-09-03,SUB_26,Vidarbha,Central,plateau,0,20.9,79.2,9,4.3,10.0,-5.7,0.667,43.5,7.4,3.1,57.4,0,None,NOAA GFS 0.25° Operational GRIB2,00Z,f195,f219,IMD 24h Daily Gridded Observation,2024-09-03,area_weighted_lat_cosine_polygon_integral,24h (03:00 UTC to 03:00 UTC / 08:30 IST to 08:30 IST)
2024-08-25,2024-09-04,SUB_26,Vidarbha,Central,plateau,0,20.9,79.2,10,3.1,10.0,-6.9,0.667,43.5,1.7,1.4,60.2,0,None,NOAA GFS 0.25° Operational GRIB2,00Z,f219,f243,IMD 24h Daily Gridded Observation,2024-09-04,area_weighted_lat_cosine_polygon_integral,24h (03:00 UTC to 03:00 UTC / 08:30 IST to 08:30 IST)
2024-08-25,2024-08-26,SUB_27,Chhattisgarh,Central,plateau_forests,0,21.27,81.86,1,5.8,10.0,-4.2,0.667,80.5,14.6,8.8,35.0,0,None,NOAA GFS 0.25° Operational GRIB2,00Z,f003,f027,IMD 24h Daily Gridded Observation,2024-08-26,area_weighted_lat_cosine_polygon_integral,24h (03:00 UTC to 03:00 UTC / 08:30 IST to 08:30 IST)
2024-08-25,2024-08-27,SUB_27,Chhattisgarh,Central,plateau_forests,0,21.27,81.86,2,3.7,10.0,-6.3,0.667,43.5,3.2,0.5,37.8,0,None,NOAA GFS 0.25° Operational GRIB2,00Z,f027,f051,IMD 24h Daily Gridded Observation,2024-08-27,area_weighted_lat_cosine_polygon_integral,24h (03:00 UTC to 03:00 UTC / 08:30 IST to 08:30 IST)
2024-08-25,2024-08-28,SUB_27,Chhattisgarh,Central,plateau_forests,0,21.27,81.86,3,4.9,10.0,-5.1,0.667,43.5,0.2,4.7,40.6,0,None,NOAA GFS 0.25° Operational GRIB2,00Z,f051,f075,IMD 24h Daily Gridded Observation,2024-08-28,area_weighted_lat_cosine_polygon_integral,24h (03:00 UTC to 03:00 UTC / 08:30 IST to 08:30 IST)
2024-08-25,2024-08-29,SUB_27,Chhattisgarh,Central,plateau_forests,0,21.27,81.86,4,15.5,10.0,5.5,0.667,43.5,37.3,21.8,43.4,0,None,NOAA GFS 0.25° Operational GRIB2,00Z,f075,f099,IMD 24h Daily Gridded Observation,2024-08-29,area_weighted_lat_cosine_polygon_integral,24h (03:00 UTC to 03:00 UTC / 08:30 IST to 08:30 IST)
2024-08-25,2024-08-30,SUB_27,Chhattisgarh,Central,plateau_forests,0,21.27,81.86,5,17.1,10.0,7.1,0.667,43.5,12.1,5.0,46.2,0,None,NOAA GFS 0.25° Operational GRIB2,00Z,f099,f123,IMD 24h Daily Gridded Observation,2024-08-30,area_weighted_lat_cosine_polygon_integral,24h (03:00 UTC to 03:00 UTC / 08:30 IST to 08:30 IST)
2024-08-25,2024-08-31,SUB_27,Chhattisgarh,Central,plateau_forests,0,21.27,81.86,6,11.4,10.0,1.4,0.667,43.5,8.2,3.2,49.0,0,None,NOAA GFS 0.25° Operational GRIB2,00Z,f123,f147,IMD 24h Daily Gridded Observation,2024-08-31,area_weighted_lat_cosine_polygon_integral,24h (03:00 UTC to 03:00 UTC / 08:30 IST to 08:30 IST)
2024-08-25,2024-09-01,SUB_27,Chhattisgarh,Central,plateau_forests,0,21.27,81.86,7,18.5,10.0,8.5,0.667,43.5,3.9,14.6,51.8,0,None,NOAA GFS 0.25° Operational GRIB2,00Z,f147,f171,IMD 24h Daily Gridded Observation,2024-09-01,area_weighted_lat_cosine_polygon_integral,24h (03:00 UTC to 03:00 UTC / 08:30 IST to 08:30 IST)
2024-08-25,2024-09-02,SUB_27,Chhattisgarh,Central,plateau_forests,0,21.27,81.86,8,5.6,10.0,-4.4,0.667,43.5,2.9,2.7,54.6,0,None,NOAA GFS 0.25° Operational GRIB2,00Z,f171,f195,IMD 24h Daily Gridded Observation,2024-09-02,area_weighted_lat_cosine_polygon_integral,24h (03:00 UTC to 03:00 UTC / 08:30 IST to 08:30 IST)
2024-08-25,2024-09-03,SUB_27,Chhattisgarh,Central,plateau_forests,0,21.27,81.86,9,1.2,10.0,-8.8,0.667,43.5,0.9,0.3,57.4,0,None,NOAA GFS 0.25° Operational GRIB2,00Z,f195,f219,IMD 24h Daily Gridded Observation,2024-09-03,area_weighted_lat_cosine_polygon_integral,24h (03:00 UTC to 03:00 UTC / 08:30 IST to 08:30 IST)
2024-08-25,2024-09-04,SUB_27,Chhattisgarh,Central,plateau_forests,0,21.27,81.86,10,1.4,10.0,-8.6,0.667,43.5,2.0,0.6,60.2,0,None,NOAA GFS 0.25° Operational GRIB2,00Z,f219,f243,IMD 24h Daily Gridded Observation,2024-09-04,area_weighted_lat_cosine_polygon_integral,24h (03:00 UTC to 03:00 UTC / 08:30 IST to 08:30 IST)
2024-08-25,2024-08-26,SUB_28,Coastal Andhra Pradesh & Yanam,South Peninsula,coastal,1,16.2,81.5,1,6.6,8.5,-1.9,0.667,80.5,4.1,2.5,35.0,0,None,NOAA GFS 0.25° Operational GRIB2,00Z,f003,f027,IMD 24h Daily Gridded Observation,2024-08-26,area_weighted_lat_cosine_polygon_integral,24h (03:00 UTC to 03:00 UTC / 08:30 IST to 08:30 IST)
2024-08-25,2024-08-27,SUB_28,Coastal Andhra Pradesh & Yanam,South Peninsula,coastal,1,16.2,81.5,2,5.4,8.5,-3.1,0.667,80.5,4.4,1.0,37.8,0,None,NOAA GFS 0.25° Operational GRIB2,00Z,f027,f051,IMD 24h Daily Gridded Observation,2024-08-27,area_weighted_lat_cosine_polygon_integral,24h (03:00 UTC to 03:00 UTC / 08:30 IST to 08:30 IST)
2024-08-25,2024-08-28,SUB_28,Coastal Andhra Pradesh & Yanam,South Peninsula,coastal,1,16.2,81.5,3,8.8,8.5,0.3,0.667,80.5,0.0,8.8,40.6,0,None,NOAA GFS 0.25° Operational GRIB2,00Z,f051,f075,IMD 24h Daily Gridded Observation,2024-08-28,area_weighted_lat_cosine_polygon_integral,24h (03:00 UTC to 03:00 UTC / 08:30 IST to 08:30 IST)
2024-08-25,2024-08-29,SUB_28,Coastal Andhra Pradesh & Yanam,South Peninsula,coastal,1,16.2,81.5,4,8.4,8.5,-0.1,0.667,43.5,2.6,5.8,43.4,0,None,NOAA GFS 0.25° Operational GRIB2,00Z,f075,f099,IMD 24h Daily Gridded Observation,2024-08-29,area_weighted_lat_cosine_polygon_integral,24h (03:00 UTC to 03:00 UTC / 08:30 IST to 08:30 IST)
2024-08-25,2024-08-30,SUB_28,Coastal Andhra Pradesh & Yanam,South Peninsula,coastal,1,16.2,81.5,5,26.2,8.5,17.7,0.667,43.5,39.1,12.9,46.2,0,None,NOAA GFS 0.25° Operational GRIB2,00Z,f099,f123,IMD 24h Daily Gridded Observation,2024-08-30,area_weighted_lat_cosine_polygon_integral,24h (03:00 UTC to 03:00 UTC / 08:30 IST to 08:30 IST)
2024-08-25,2024-08-31,SUB_28,Coastal Andhra Pradesh & Yanam,South Peninsula,coastal,1,16.2,81.5,6,58.5,8.5,50.0,1.0,102.2,116.6,58.1,49.0,1,Tail Error > Threshold,NOAA GFS 0.25° Operational GRIB2,00Z,f123,f147,IMD 24h Daily Gridded Observation,2024-08-31,area_weighted_lat_cosine_polygon_integral,24h (03:00 UTC to 03:00 UTC / 08:30 IST to 08:30 IST)
2024-08-25,2024-09-01,SUB_28,Coastal Andhra Pradesh & Yanam,South Peninsula,coastal,1,16.2,81.5,7,41.4,8.5,32.9,1.0,98.0,131.4,90.0,51.8,1,Tail Error > Threshold,NOAA GFS 0.25° Operational GRIB2,00Z,f147,f171,IMD 24h Daily Gridded Observation,2024-09-01,area_weighted_lat_cosine_polygon_integral,24h (03:00 UTC to 03:00 UTC / 08:30 IST to 08:30 IST)
2024-08-25,2024-09-02,SUB_28,Coastal Andhra Pradesh & Yanam,South Peninsula,coastal,1,16.2,81.5,8,3.9,8.5,-4.6,0.667,43.5,1.2,2.7,54.6,0,None,NOAA GFS 0.25° Operational GRIB2,00Z,f171,f195,IMD 24h Daily Gridded Observation,2024-09-02,area_weighted_lat_cosine_polygon_integral,24h (03:00 UTC to 03:00 UTC / 08:30 IST to 08:30 IST)
2024-08-25,2024-09-03,SUB_28,Coastal Andhra Pradesh & Yanam,South Peninsula,coastal,1,16.2,81.5,9,3.8,8.5,-4.7,0.667,43.5,4.4,0.6,57.4,0,None,NOAA GFS 0.25° Operational GRIB2,00Z,f195,f219,IMD 24h Daily Gridded Observation,2024-09-03,area_weighted_lat_cosine_polygon_integral,24h (03:00 UTC to 03:00 UTC / 08:30 IST to 08:30 IST)
2024-08-25,2024-09-04,SUB_28,Coastal Andhra Pradesh & Yanam,South Peninsula,coastal,1,16.2,81.5,10,7.5,8.5,-1.0,1.0,98.0,18.1,10.6,60.2,0,None,NOAA GFS 0.25° Operational GRIB2,00Z,f219,f243,IMD 24h Daily Gridded Observation,2024-09-04,area_weighted_lat_cosine_polygon_integral,24h (03:00 UTC to 03:00 UTC / 08:30 IST to 08:30 IST)
2024-08-25,2024-08-26,SUB_29,Telangana,South Peninsula,plateau,0,17.8,79.1,1,4.5,8.5,-4.0,0.667,43.5,0.5,4.0,35.0,0,None,NOAA GFS 0.25° Operational GRIB2,00Z,f003,f027,IMD 24h Daily Gridded Observation,2024-08-26,area_weighted_lat_cosine_polygon_integral,24h (03:00 UTC to 03:00 UTC / 08:30 IST to 08:30 IST)
2024-08-25,2024-08-27,SUB_29,Telangana,South Peninsula,plateau,0,17.8,79.1,2,2.2,8.5,-6.3,0.667,43.5,1.0,1.2,37.8,0,None,NOAA GFS 0.25° Operational GRIB2,00Z,f027,f051,IMD 24h Daily Gridded Observation,2024-08-27,area_weighted_lat_cosine_polygon_integral,24h (03:00 UTC to 03:00 UTC / 08:30 IST to 08:30 IST)
2024-08-25,2024-08-28,SUB_29,Telangana,South Peninsula,plateau,0,17.8,79.1,3,1.5,8.5,-7.0,0.667,43.5,0.6,0.9,40.6,0,None,NOAA GFS 0.25° Operational GRIB2,00Z,f051,f075,IMD 24h Daily Gridded Observation,2024-08-28,area_weighted_lat_cosine_polygon_integral,24h (03:00 UTC to 03:00 UTC / 08:30 IST to 08:30 IST)
2024-08-25,2024-08-29,SUB_29,Telangana,South Peninsula,plateau,0,17.8,79.1,4,1.2,8.5,-7.3,0.667,43.5,1.0,0.2,43.4,0,None,NOAA GFS 0.25° Operational GRIB2,00Z,f075,f099,IMD 24h Daily Gridded Observation,2024-08-29,area_weighted_lat_cosine_polygon_integral,24h (03:00 UTC to 03:00 UTC / 08:30 IST to 08:30 IST)
2024-08-25,2024-08-30,SUB_29,Telangana,South Peninsula,plateau,0,17.8,79.1,5,10.5,8.5,2.0,0.667,43.5,24.4,13.9,46.2,0,None,NOAA GFS 0.25° Operational GRIB2,00Z,f099,f123,IMD 24h Daily Gridded Observation,2024-08-30,area_weighted_lat_cosine_polygon_integral,24h (03:00 UTC to 03:00 UTC / 08:30 IST to 08:30 IST)
2024-08-25,2024-08-31,SUB_29,Telangana,South Peninsula,plateau,0,17.8,79.1,6,9.1,8.5,0.6,0.667,43.5,34.8,25.7,49.0,0,None,NOAA GFS 0.25° Operational GRIB2,00Z,f123,f147,IMD 24h Daily Gridded Observation,2024-08-31,area_weighted_lat_cosine_polygon_integral,24h (03:00 UTC to 03:00 UTC / 08:30 IST to 08:30 IST)
2024-08-25,2024-09-01,SUB_29,Telangana,South Peninsula,plateau,0,17.8,79.1,7,73.3,8.5,64.8,1.0,78.8,27.3,46.0,51.8,0,None,NOAA GFS 0.25° Operational GRIB2,00Z,f147,f171,IMD 24h Daily Gridded Observation,2024-09-01,area_weighted_lat_cosine_polygon_integral,24h (03:00 UTC to 03:00 UTC / 08:30 IST to 08:30 IST)
2024-08-25,2024-09-02,SUB_29,Telangana,South Peninsula,plateau,0,17.8,79.1,8,34.7,8.5,26.2,1.0,64.7,59.7,25.0,54.6,0,None,NOAA GFS 0.25° Operational GRIB2,00Z,f171,f195,IMD 24h Daily Gridded Observation,2024-09-02,area_weighted_lat_cosine_polygon_integral,24h (03:00 UTC to 03:00 UTC / 08:30 IST to 08:30 IST)
2024-08-25,2024-09-03,SUB_29,Telangana,South Peninsula,plateau,0,17.8,79.1,9,2.9,8.5,-5.6,0.667,43.5,1.5,1.4,57.4,0,None,NOAA GFS 0.25° Operational GRIB2,00Z,f195,f219,IMD 24h Daily Gridded Observation,2024-09-03,area_weighted_lat_cosine_polygon_integral,24h (03:00 UTC to 03:00 UTC / 08:30 IST to 08:30 IST)
2024-08-25,2024-09-04,SUB_29,Telangana,South Peninsula,plateau,0,17.8,79.1,10,3.0,8.5,-5.5,0.667,43.5,7.1,4.1,60.2,0,None,NOAA GFS 0.25° Operational GRIB2,00Z,f219,f243,IMD 24h Daily Gridded Observation,2024-09-04,area_weighted_lat_cosine_polygon_integral,24h (03:00 UTC to 03:00 UTC / 08:30 IST to 08:30 IST)
2024-08-25,2024-08-26,SUB_30,Rayalaseema,South Peninsula,semi_arid_plateau,0,14.7,78.5,1,0.8,8.5,-7.7,0.667,43.5,0.4,0.4,35.0,0,None,NOAA GFS 0.25° Operational GRIB2,00Z,f003,f027,IMD 24h Daily Gridded Observation,2024-08-26,area_weighted_lat_cosine_polygon_integral,24h (03:00 UTC to 03:00 UTC / 08:30 IST to 08:30 IST)
2024-08-25,2024-08-27,SUB_30,Rayalaseema,South Peninsula,semi_arid_plateau,0,14.7,78.5,2,0.7,8.5,-7.8,0.667,43.5,0.5,0.2,37.8,0,None,NOAA GFS 0.25° Operational GRIB2,00Z,f027,f051,IMD 24h Daily Gridded Observation,2024-08-27,area_weighted_lat_cosine_polygon_integral,24h (03:00 UTC to 03:00 UTC / 08:30 IST to 08:30 IST)
2024-08-25,2024-08-28,SUB_30,Rayalaseema,South Peninsula,semi_arid_plateau,0,14.7,78.5,3,0.6,8.5,-7.9,0.667,43.5,1.0,0.4,40.6,0,None,NOAA GFS 0.25° Operational GRIB2,00Z,f051,f075,IMD 24h Daily Gridded Observation,2024-08-28,area_weighted_lat_cosine_polygon_integral,24h (03:00 UTC to 03:00 UTC / 08:30 IST to 08:30 IST)
2024-08-25,2024-08-29,SUB_30,Rayalaseema,South Peninsula,semi_arid_plateau,0,14.7,78.5,4,0.5,8.5,-8.0,0.667,43.5,0.6,0.1,43.4,0,None,NOAA GFS 0.25° Operational GRIB2,00Z,f075,f099,IMD 24h Daily Gridded Observation,2024-08-29,area_weighted_lat_cosine_polygon_integral,24h (03:00 UTC to 03:00 UTC / 08:30 IST to 08:30 IST)
2024-08-25,2024-08-30,SUB_30,Rayalaseema,South Peninsula,semi_arid_plateau,0,14.7,78.5,5,3.5,8.5,-5.0,0.667,43.5,0.3,3.2,46.2,0,None,NOAA GFS 0.25° Operational GRIB2,00Z,f099,f123,IMD 24h Daily Gridded Observation,2024-08-30,area_weighted_lat_cosine_polygon_integral,24h (03:00 UTC to 03:00 UTC / 08:30 IST to 08:30 IST)
2024-08-25,2024-08-31,SUB_30,Rayalaseema,South Peninsula,semi_arid_plateau,0,14.7,78.5,6,4.3,8.5,-4.2,0.667,43.5,15.8,11.5,49.0,0,None,NOAA GFS 0.25° Operational GRIB2,00Z,f123,f147,IMD 24h Daily Gridded Observation,2024-08-31,area_weighted_lat_cosine_polygon_integral,24h (03:00 UTC to 03:00 UTC / 08:30 IST to 08:30 IST)
2024-08-25,2024-09-01,SUB_30,Rayalaseema,South Peninsula,semi_arid_plateau,0,14.7,78.5,7,4.2,8.5,-4.3,0.667,43.5,20.4,16.2,51.8,0,None,NOAA GFS 0.25° Operational GRIB2,00Z,f147,f171,IMD 24h Daily Gridded Observation,2024-09-01,area_weighted_lat_cosine_polygon_integral,24h (03:00 UTC to 03:00 UTC / 08:30 IST to 08:30 IST)
2024-08-25,2024-09-02,SUB_30,Rayalaseema,South Peninsula,semi_arid_plateau,0,14.7,78.5,8,1.2,8.5,-7.3,0.667,43.5,0.3,0.9,54.6,0,None,NOAA GFS 0.25° Operational GRIB2,00Z,f171,f195,IMD 24h Daily Gridded Observation,2024-09-02,area_weighted_lat_cosine_polygon_integral,24h (03:00 UTC to 03:00 UTC / 08:30 IST to 08:30 IST)
2024-08-25,2024-09-03,SUB_30,Rayalaseema,South Peninsula,semi_arid_plateau,0,14.7,78.5,9,0.9,8.5,-7.6,0.667,43.5,11.8,10.9,57.4,0,None,NOAA GFS 0.25° Operational GRIB2,00Z,f195,f219,IMD 24h Daily Gridded Observation,2024-09-03,area_weighted_lat_cosine_polygon_integral,24h (03:00 UTC to 03:00 UTC / 08:30 IST to 08:30 IST)
2024-08-25,2024-09-04,SUB_30,Rayalaseema,South Peninsula,semi_arid_plateau,0,14.7,78.5,10,0.5,8.5,-8.0,0.667,43.5,0.3,0.2,60.2,0,None,NOAA GFS 0.25° Operational GRIB2,00Z,f219,f243,IMD 24h Daily Gridded Observation,2024-09-04,area_weighted_lat_cosine_polygon_integral,24h (03:00 UTC to 03:00 UTC / 08:30 IST to 08:30 IST)
2024-08-25,2024-08-26,SUB_31,"Tamil Nadu, Puducherry & Karaikal",South Peninsula,coastal_plains,1,11.12,78.65,1,0.5,8.5,-8.0,0.667,43.5,0.0,0.5,35.0,0,None,NOAA GFS 0.25° Operational GRIB2,00Z,f003,f027,IMD 24h Daily Gridded Observation,2024-08-26,area_weighted_lat_cosine_polygon_integral,24h (03:00 UTC to 03:00 UTC / 08:30 IST to 08:30 IST)
2024-08-25,2024-08-27,SUB_31,"Tamil Nadu, Puducherry & Karaikal",South Peninsula,coastal_plains,1,11.12,78.65,2,1.0,8.5,-7.5,0.667,43.5,0.0,1.0,37.8,0,None,NOAA GFS 0.25° Operational GRIB2,00Z,f027,f051,IMD 24h Daily Gridded Observation,2024-08-27,area_weighted_lat_cosine_polygon_integral,24h (03:00 UTC to 03:00 UTC / 08:30 IST to 08:30 IST)
2024-08-25,2024-08-28,SUB_31,"Tamil Nadu, Puducherry & Karaikal",South Peninsula,coastal_plains,1,11.12,78.65,3,0.9,8.5,-7.6,0.667,43.5,1.7,0.8,40.6,0,None,NOAA GFS 0.25° Operational GRIB2,00Z,f051,f075,IMD 24h Daily Gridded Observation,2024-08-28,area_weighted_lat_cosine_polygon_integral,24h (03:00 UTC to 03:00 UTC / 08:30 IST to 08:30 IST)
2024-08-25,2024-08-29,SUB_31,"Tamil Nadu, Puducherry & Karaikal",South Peninsula,coastal_plains,1,11.12,78.65,4,1.2,8.5,-7.3,0.667,43.5,0.3,0.9,43.4,0,None,NOAA GFS 0.25° Operational GRIB2,00Z,f075,f099,IMD 24h Daily Gridded Observation,2024-08-29,area_weighted_lat_cosine_polygon_integral,24h (03:00 UTC to 03:00 UTC / 08:30 IST to 08:30 IST)
2024-08-25,2024-08-30,SUB_31,"Tamil Nadu, Puducherry & Karaikal",South Peninsula,coastal_plains,1,11.12,78.65,5,1.6,8.5,-6.9,0.667,43.5,1.9,0.3,46.2,0,None,NOAA GFS 0.25° Operational GRIB2,00Z,f099,f123,IMD 24h Daily Gridded Observation,2024-08-30,area_weighted_lat_cosine_polygon_integral,24h (03:00 UTC to 03:00 UTC / 08:30 IST to 08:30 IST)
2024-08-25,2024-08-31,SUB_31,"Tamil Nadu, Puducherry & Karaikal",South Peninsula,coastal_plains,1,11.12,78.65,6,1.9,8.5,-6.6,0.667,43.5,5.5,3.6,49.0,0,None,NOAA GFS 0.25° Operational GRIB2,00Z,f123,f147,IMD 24h Daily Gridded Observation,2024-08-31,area_weighted_lat_cosine_polygon_integral,24h (03:00 UTC to 03:00 UTC / 08:30 IST to 08:30 IST)
2024-08-25,2024-09-01,SUB_31,"Tamil Nadu, Puducherry & Karaikal",South Peninsula,coastal_plains,1,11.12,78.65,7,1.0,8.5,-7.5,0.667,43.5,0.1,0.9,51.8,0,None,NOAA GFS 0.25° Operational GRIB2,00Z,f147,f171,IMD 24h Daily Gridded Observation,2024-09-01,area_weighted_lat_cosine_polygon_integral,24h (03:00 UTC to 03:00 UTC / 08:30 IST to 08:30 IST)
2024-08-25,2024-09-02,SUB_31,"Tamil Nadu, Puducherry & Karaikal",South Peninsula,coastal_plains,1,11.12,78.65,8,1.0,8.5,-7.5,0.667,43.5,1.0,0.0,54.6,0,None,NOAA GFS 0.25° Operational GRIB2,00Z,f171,f195,IMD 24h Daily Gridded Observation,2024-09-02,area_weighted_lat_cosine_polygon_integral,24h (03:00 UTC to 03:00 UTC / 08:30 IST to 08:30 IST)
2024-08-25,2024-09-03,SUB_31,"Tamil Nadu, Puducherry & Karaikal",South Peninsula,coastal_plains,1,11.12,78.65,9,1.2,8.5,-7.3,0.667,43.5,0.1,1.1,57.4,0,None,NOAA GFS 0.25° Operational GRIB2,00Z,f195,f219,IMD 24h Daily Gridded Observation,2024-09-03,area_weighted_lat_cosine_polygon_integral,24h (03:00 UTC to 03:00 UTC / 08:30 IST to 08:30 IST)
2024-08-25,2024-09-04,SUB_31,"Tamil Nadu, Puducherry & Karaikal",South Peninsula,coastal_plains,1,11.12,78.65,10,1.4,8.5,-7.1,0.667,43.5,0.2,1.2,60.2,0,None,NOAA GFS 0.25° Operational GRIB2,00Z,f219,f243,IMD 24h Daily Gridded Observation,2024-09-04,area_weighted_lat_cosine_polygon_integral,24h (03:00 UTC to 03:00 UTC / 08:30 IST to 08:30 IST)
2024-08-25,2024-08-26,SUB_32,Coastal Karnataka,South Peninsula,coastal_ghats,1,13.8,74.8,1,25.9,8.5,17.4,0.667,80.5,30.2,4.3,35.0,0,None,NOAA GFS 0.25° Operational GRIB2,00Z,f003,f027,IMD 24h Daily Gridded Observation,2024-08-26,area_weighted_lat_cosine_polygon_integral,24h (03:00 UTC to 03:00 UTC / 08:30 IST to 08:30 IST)
2024-08-25,2024-08-27,SUB_32,Coastal Karnataka,South Peninsula,coastal_ghats,1,13.8,74.8,2,23.9,8.5,15.4,0.667,80.5,44.7,20.8,37.8,0,None,NOAA GFS 0.25° Operational GRIB2,00Z,f027,f051,IMD 24h Daily Gridded Observation,2024-08-27,area_weighted_lat_cosine_polygon_integral,24h (03:00 UTC to 03:00 UTC / 08:30 IST to 08:30 IST)
2024-08-25,2024-08-28,SUB_32,Coastal Karnataka,South Peninsula,coastal_ghats,1,13.8,74.8,3,19.2,8.5,10.7,0.667,43.5,30.3,11.1,40.6,0,None,NOAA GFS 0.25° Operational GRIB2,00Z,f051,f075,IMD 24h Daily Gridded Observation,2024-08-28,area_weighted_lat_cosine_polygon_integral,24h (03:00 UTC to 03:00 UTC / 08:30 IST to 08:30 IST)
2024-08-25,2024-08-29,SUB_32,Coastal Karnataka,South Peninsula,coastal_ghats,1,13.8,74.8,4,22.2,8.5,13.7,0.667,43.5,44.1,21.9,43.4,0,None,NOAA GFS 0.25° Operational GRIB2,00Z,f075,f099,IMD 24h Daily Gridded Observation,2024-08-29,area_weighted_lat_cosine_polygon_integral,24h (03:00 UTC to 03:00 UTC / 08:30 IST to 08:30 IST)
2024-08-25,2024-08-30,SUB_32,Coastal Karnataka,South Peninsula,coastal_ghats,1,13.8,74.8,5,24.2,8.5,15.7,0.667,43.5,16.0,8.2,46.2,0,None,NOAA GFS 0.25° Operational GRIB2,00Z,f099,f123,IMD 24h Daily Gridded Observation,2024-08-30,area_weighted_lat_cosine_polygon_integral,24h (03:00 UTC to 03:00 UTC / 08:30 IST to 08:30 IST)
2024-08-25,2024-08-31,SUB_32,Coastal Karnataka,South Peninsula,coastal_ghats,1,13.8,74.8,6,23.6,8.5,15.1,0.667,43.5,25.0,1.4,49.0,0,None,NOAA GFS 0.25° Operational GRIB2,00Z,f123,f147,IMD 24h Daily Gridded Observation,2024-08-31,area_weighted_lat_cosine_polygon_integral,24h (03:00 UTC to 03:00 UTC / 08:30 IST to 08:30 IST)
2024-08-25,2024-09-01,SUB_32,Coastal Karnataka,South Peninsula,coastal_ghats,1,13.8,74.8,7,26.4,8.5,17.9,0.667,43.5,24.7,1.7,51.8,0,None,NOAA GFS 0.25° Operational GRIB2,00Z,f147,f171,IMD 24h Daily Gridded Observation,2024-09-01,area_weighted_lat_cosine_polygon_integral,24h (03:00 UTC to 03:00 UTC / 08:30 IST to 08:30 IST)
2024-08-25,2024-09-02,SUB_32,Coastal Karnataka,South Peninsula,coastal_ghats,1,13.8,74.8,8,30.4,8.5,21.9,0.667,43.5,15.4,15.0,54.6,0,None,NOAA GFS 0.25° Operational GRIB2,00Z,f171,f195,IMD 24h Daily Gridded Observation,2024-09-02,area_weighted_lat_cosine_polygon_integral,24h (03:00 UTC to 03:00 UTC / 08:30 IST to 08:30 IST)
2024-08-25,2024-09-03,SUB_32,Coastal Karnataka,South Peninsula,coastal_ghats,1,13.8,74.8,9,27.0,8.5,18.5,0.667,43.5,27.2,0.2,57.4,0,None,NOAA GFS 0.25° Operational GRIB2,00Z,f195,f219,IMD 24h Daily Gridded Observation,2024-09-03,area_weighted_lat_cosine_polygon_integral,24h (03:00 UTC to 03:00 UTC / 08:30 IST to 08:30 IST)
2024-08-25,2024-09-04,SUB_32,Coastal Karnataka,South Peninsula,coastal_ghats,1,13.8,74.8,10,20.7,8.5,12.2,0.667,43.5,17.9,2.8,60.2,0,None,NOAA GFS 0.25° Operational GRIB2,00Z,f219,f243,IMD 24h Daily Gridded Observation,2024-09-04,area_weighted_lat_cosine_polygon_integral,24h (03:00 UTC to 03:00 UTC / 08:30 IST to 08:30 IST)
2024-08-25,2024-08-26,SUB_33,North Interior Karnataka,South Peninsula,plateau,0,15.8,76.0,1,3.6,8.5,-4.9,0.667,43.5,2.2,1.4,35.0,0,None,NOAA GFS 0.25° Operational GRIB2,00Z,f003,f027,IMD 24h Daily Gridded Observation,2024-08-26,area_weighted_lat_cosine_polygon_integral,24h (03:00 UTC to 03:00 UTC / 08:30 IST to 08:30 IST)
2024-08-25,2024-08-27,SUB_33,North Interior Karnataka,South Peninsula,plateau,0,15.8,76.0,2,3.0,8.5,-5.5,0.667,43.5,1.6,1.4,37.8,0,None,NOAA GFS 0.25° Operational GRIB2,00Z,f027,f051,IMD 24h Daily Gridded Observation,2024-08-27,area_weighted_lat_cosine_polygon_integral,24h (03:00 UTC to 03:00 UTC / 08:30 IST to 08:30 IST)
2024-08-25,2024-08-28,SUB_33,North Interior Karnataka,South Peninsula,plateau,0,15.8,76.0,3,2.4,8.5,-6.1,0.667,43.5,2.6,0.2,40.6,0,None,NOAA GFS 0.25° Operational GRIB2,00Z,f051,f075,IMD 24h Daily Gridded Observation,2024-08-28,area_weighted_lat_cosine_polygon_integral,24h (03:00 UTC to 03:00 UTC / 08:30 IST to 08:30 IST)
2024-08-25,2024-08-29,SUB_33,North Interior Karnataka,South Peninsula,plateau,0,15.8,76.0,4,2.0,8.5,-6.5,0.667,43.5,3.7,1.7,43.4,0,None,NOAA GFS 0.25° Operational GRIB2,00Z,f075,f099,IMD 24h Daily Gridded Observation,2024-08-29,area_weighted_lat_cosine_polygon_integral,24h (03:00 UTC to 03:00 UTC / 08:30 IST to 08:30 IST)
2024-08-25,2024-08-30,SUB_33,North Interior Karnataka,South Peninsula,plateau,0,15.8,76.0,5,1.4,8.5,-7.1,0.667,43.5,1.0,0.4,46.2,0,None,NOAA GFS 0.25° Operational GRIB2,00Z,f099,f123,IMD 24h Daily Gridded Observation,2024-08-30,area_weighted_lat_cosine_polygon_integral,24h (03:00 UTC to 03:00 UTC / 08:30 IST to 08:30 IST)
2024-08-25,2024-08-31,SUB_33,North Interior Karnataka,South Peninsula,plateau,0,15.8,76.0,6,2.3,8.5,-6.2,0.667,43.5,3.4,1.1,49.0,0,None,NOAA GFS 0.25° Operational GRIB2,00Z,f123,f147,IMD 24h Daily Gridded Observation,2024-08-31,area_weighted_lat_cosine_polygon_integral,24h (03:00 UTC to 03:00 UTC / 08:30 IST to 08:30 IST)
2024-08-25,2024-09-01,SUB_33,North Interior Karnataka,South Peninsula,plateau,0,15.8,76.0,7,8.9,8.5,0.4,0.667,43.5,10.9,2.0,51.8,0,None,NOAA GFS 0.25° Operational GRIB2,00Z,f147,f171,IMD 24h Daily Gridded Observation,2024-09-01,area_weighted_lat_cosine_polygon_integral,24h (03:00 UTC to 03:00 UTC / 08:30 IST to 08:30 IST)
2024-08-25,2024-09-02,SUB_33,North Interior Karnataka,South Peninsula,plateau,0,15.8,76.0,8,36.9,8.5,28.4,1.0,64.7,9.3,27.6,54.6,0,None,NOAA GFS 0.25° Operational GRIB2,00Z,f171,f195,IMD 24h Daily Gridded Observation,2024-09-02,area_weighted_lat_cosine_polygon_integral,24h (03:00 UTC to 03:00 UTC / 08:30 IST to 08:30 IST)
2024-08-25,2024-09-03,SUB_33,North Interior Karnataka,South Peninsula,plateau,0,15.8,76.0,9,3.7,8.5,-4.8,0.667,43.5,2.3,1.4,57.4,0,None,NOAA GFS 0.25° Operational GRIB2,00Z,f195,f219,IMD 24h Daily Gridded Observation,2024-09-03,area_weighted_lat_cosine_polygon_integral,24h (03:00 UTC to 03:00 UTC / 08:30 IST to 08:30 IST)
2024-08-25,2024-09-04,SUB_33,North Interior Karnataka,South Peninsula,plateau,0,15.8,76.0,10,1.8,8.5,-6.7,0.667,43.5,8.0,6.2,60.2,0,None,NOAA GFS 0.25° Operational GRIB2,00Z,f219,f243,IMD 24h Daily Gridded Observation,2024-09-04,area_weighted_lat_cosine_polygon_integral,24h (03:00 UTC to 03:00 UTC / 08:30 IST to 08:30 IST)
2024-08-25,2024-08-26,SUB_34,South Interior Karnataka,South Peninsula,plateau_ghats,0,13.0,76.5,1,3.3,8.5,-5.2,0.667,43.5,0.2,3.1,35.0,0,None,NOAA GFS 0.25° Operational GRIB2,00Z,f003,f027,IMD 24h Daily Gridded Observation,2024-08-26,area_weighted_lat_cosine_polygon_integral,24h (03:00 UTC to 03:00 UTC / 08:30 IST to 08:30 IST)
2024-08-25,2024-08-27,SUB_34,South Interior Karnataka,South Peninsula,plateau_ghats,0,13.0,76.5,2,4.1,8.5,-4.4,0.667,43.5,0.3,3.8,37.8,0,None,NOAA GFS 0.25° Operational GRIB2,00Z,f027,f051,IMD 24h Daily Gridded Observation,2024-08-27,area_weighted_lat_cosine_polygon_integral,24h (03:00 UTC to 03:00 UTC / 08:30 IST to 08:30 IST)
2024-08-25,2024-08-28,SUB_34,South Interior Karnataka,South Peninsula,plateau_ghats,0,13.0,76.5,3,2.7,8.5,-5.8,0.667,43.5,0.9,1.8,40.6,0,None,NOAA GFS 0.25° Operational GRIB2,00Z,f051,f075,IMD 24h Daily Gridded Observation,2024-08-28,area_weighted_lat_cosine_polygon_integral,24h (03:00 UTC to 03:00 UTC / 08:30 IST to 08:30 IST)
2024-08-25,2024-08-29,SUB_34,South Interior Karnataka,South Peninsula,plateau_ghats,0,13.0,76.5,4,3.6,8.5,-4.9,0.667,43.5,0.7,2.9,43.4,0,None,NOAA GFS 0.25° Operational GRIB2,00Z,f075,f099,IMD 24h Daily Gridded Observation,2024-08-29,area_weighted_lat_cosine_polygon_integral,24h (03:00 UTC to 03:00 UTC / 08:30 IST to 08:30 IST)
2024-08-25,2024-08-30,SUB_34,South Interior Karnataka,South Peninsula,plateau_ghats,0,13.0,76.5,5,5.9,8.5,-2.6,0.667,43.5,10.0,4.1,46.2,0,None,NOAA GFS 0.25° Operational GRIB2,00Z,f099,f123,IMD 24h Daily Gridded Observation,2024-08-30,area_weighted_lat_cosine_polygon_integral,24h (03:00 UTC to 03:00 UTC / 08:30 IST to 08:30 IST)
2024-08-25,2024-08-31,SUB_34,South Interior Karnataka,South Peninsula,plateau_ghats,0,13.0,76.5,6,2.6,8.5,-5.9,0.667,43.5,2.1,0.5,49.0,0,None,NOAA GFS 0.25° Operational GRIB2,00Z,f123,f147,IMD 24h Daily Gridded Observation,2024-08-31,area_weighted_lat_cosine_polygon_integral,24h (03:00 UTC to 03:00 UTC / 08:30 IST to 08:30 IST)
2024-08-25,2024-09-01,SUB_34,South Interior Karnataka,South Peninsula,plateau_ghats,0,13.0,76.5,7,3.2,8.5,-5.3,0.667,43.5,2.9,0.3,51.8,0,None,NOAA GFS 0.25° Operational GRIB2,00Z,f147,f171,IMD 24h Daily Gridded Observation,2024-09-01,area_weighted_lat_cosine_polygon_integral,24h (03:00 UTC to 03:00 UTC / 08:30 IST to 08:30 IST)
2024-08-25,2024-09-02,SUB_34,South Interior Karnataka,South Peninsula,plateau_ghats,0,13.0,76.5,8,3.6,8.5,-4.9,0.667,43.5,0.9,2.7,54.6,0,None,NOAA GFS 0.25° Operational GRIB2,00Z,f171,f195,IMD 24h Daily Gridded Observation,2024-09-02,area_weighted_lat_cosine_polygon_integral,24h (03:00 UTC to 03:00 UTC / 08:30 IST to 08:30 IST)
2024-08-25,2024-09-03,SUB_34,South Interior Karnataka,South Peninsula,plateau_ghats,0,13.0,76.5,9,6.2,8.5,-2.3,0.667,43.5,5.3,0.9,57.4,0,None,NOAA GFS 0.25° Operational GRIB2,00Z,f195,f219,IMD 24h Daily Gridded Observation,2024-09-03,area_weighted_lat_cosine_polygon_integral,24h (03:00 UTC to 03:00 UTC / 08:30 IST to 08:30 IST)
2024-08-25,2024-09-04,SUB_34,South Interior Karnataka,South Peninsula,plateau_ghats,0,13.0,76.5,10,4.0,8.5,-4.5,0.667,43.5,0.3,3.7,60.2,0,None,NOAA GFS 0.25° Operational GRIB2,00Z,f219,f243,IMD 24h Daily Gridded Observation,2024-09-04,area_weighted_lat_cosine_polygon_integral,24h (03:00 UTC to 03:00 UTC / 08:30 IST to 08:30 IST)
2024-08-25,2024-08-26,SUB_35,Kerala & Mahe,South Peninsula,coastal_ghats,1,10.85,76.27,1,4.7,8.5,-3.8,0.667,43.5,5.8,1.1,35.0,0,None,NOAA GFS 0.25° Operational GRIB2,00Z,f003,f027,IMD 24h Daily Gridded Observation,2024-08-26,area_weighted_lat_cosine_polygon_integral,24h (03:00 UTC to 03:00 UTC / 08:30 IST to 08:30 IST)
2024-08-25,2024-08-27,SUB_35,Kerala & Mahe,South Peninsula,coastal_ghats,1,10.85,76.27,2,6.6,8.5,-1.9,0.667,43.5,5.1,1.5,37.8,0,None,NOAA GFS 0.25° Operational GRIB2,00Z,f027,f051,IMD 24h Daily Gridded Observation,2024-08-27,area_weighted_lat_cosine_polygon_integral,24h (03:00 UTC to 03:00 UTC / 08:30 IST to 08:30 IST)
2024-08-25,2024-08-28,SUB_35,Kerala & Mahe,South Peninsula,coastal_ghats,1,10.85,76.27,3,4.3,8.5,-4.2,0.667,43.5,5.6,1.3,40.6,0,None,NOAA GFS 0.25° Operational GRIB2,00Z,f051,f075,IMD 24h Daily Gridded Observation,2024-08-28,area_weighted_lat_cosine_polygon_integral,24h (03:00 UTC to 03:00 UTC / 08:30 IST to 08:30 IST)
2024-08-25,2024-08-29,SUB_35,Kerala & Mahe,South Peninsula,coastal_ghats,1,10.85,76.27,4,5.9,8.5,-2.6,0.667,43.5,16.8,10.9,43.4,0,None,NOAA GFS 0.25° Operational GRIB2,00Z,f075,f099,IMD 24h Daily Gridded Observation,2024-08-29,area_weighted_lat_cosine_polygon_integral,24h (03:00 UTC to 03:00 UTC / 08:30 IST to 08:30 IST)
2024-08-25,2024-08-30,SUB_35,Kerala & Mahe,South Peninsula,coastal_ghats,1,10.85,76.27,5,8.0,8.5,-0.5,0.667,43.5,19.7,11.7,46.2,0,None,NOAA GFS 0.25° Operational GRIB2,00Z,f099,f123,IMD 24h Daily Gridded Observation,2024-08-30,area_weighted_lat_cosine_polygon_integral,24h (03:00 UTC to 03:00 UTC / 08:30 IST to 08:30 IST)
2024-08-25,2024-08-31,SUB_35,Kerala & Mahe,South Peninsula,coastal_ghats,1,10.85,76.27,6,6.9,8.5,-1.6,0.667,43.5,15.1,8.2,49.0,0,None,NOAA GFS 0.25° Operational GRIB2,00Z,f123,f147,IMD 24h Daily Gridded Observation,2024-08-31,area_weighted_lat_cosine_polygon_integral,24h (03:00 UTC to 03:00 UTC / 08:30 IST to 08:30 IST)
2024-08-25,2024-09-01,SUB_35,Kerala & Mahe,South Peninsula,coastal_ghats,1,10.85,76.27,7,6.2,8.5,-2.3,0.667,43.5,2.1,4.1,51.8,0,None,NOAA GFS 0.25° Operational GRIB2,00Z,f147,f171,IMD 24h Daily Gridded Observation,2024-09-01,area_weighted_lat_cosine_polygon_integral,24h (03:00 UTC to 03:00 UTC / 08:30 IST to 08:30 IST)
2024-08-25,2024-09-02,SUB_35,Kerala & Mahe,South Peninsula,coastal_ghats,1,10.85,76.27,8,9.1,8.5,0.6,0.667,43.5,11.9,2.8,54.6,0,None,NOAA GFS 0.25° Operational GRIB2,00Z,f171,f195,IMD 24h Daily Gridded Observation,2024-09-02,area_weighted_lat_cosine_polygon_integral,24h (03:00 UTC to 03:00 UTC / 08:30 IST to 08:30 IST)
2024-08-25,2024-09-03,SUB_35,Kerala & Mahe,South Peninsula,coastal_ghats,1,10.85,76.27,9,9.8,8.5,1.3,0.667,43.5,12.8,3.0,57.4,0,None,NOAA GFS 0.25° Operational GRIB2,00Z,f195,f219,IMD 24h Daily Gridded Observation,2024-09-03,area_weighted_lat_cosine_polygon_integral,24h (03:00 UTC to 03:00 UTC / 08:30 IST to 08:30 IST)
2024-08-25,2024-09-04,SUB_35,Kerala & Mahe,South Peninsula,coastal_ghats,1,10.85,76.27,10,7.7,8.5,-0.8,0.667,43.5,7.0,0.7,60.2,0,None,NOAA GFS 0.25° Operational GRIB2,00Z,f219,f243,IMD 24h Daily Gridded Observation,2024-09-04,area_weighted_lat_cosine_polygon_integral,24h (03:00 UTC to 03:00 UTC / 08:30 IST to 08:30 IST)
2024-08-25,2024-08-26,SUB_36,Lakshadweep,South Peninsula,island,0,10.56,72.64,1,0.4,8.5,-8.1,0.667,43.5,0.5,0.1,35.0,0,None,NOAA GFS 0.25° Operational GRIB2,00Z,f003,f027,IMD 24h Daily Gridded Observation,2024-08-26,area_weighted_lat_cosine_polygon_integral,24h (03:00 UTC to 03:00 UTC / 08:30 IST to 08:30 IST)
2024-08-25,2024-08-27,SUB_36,Lakshadweep,South Peninsula,island,0,10.56,72.64,2,2.8,8.5,-5.7,0.667,43.5,1.9,0.9,37.8,0,None,NOAA GFS 0.25° Operational GRIB2,00Z,f027,f051,IMD 24h Daily Gridded Observation,2024-08-27,area_weighted_lat_cosine_polygon_integral,24h (03:00 UTC to 03:00 UTC / 08:30 IST to 08:30 IST)
2024-08-25,2024-08-28,SUB_36,Lakshadweep,South Peninsula,island,0,10.56,72.64,3,3.5,8.5,-5.0,0.667,43.5,1.1,2.4,40.6,0,None,NOAA GFS 0.25° Operational GRIB2,00Z,f051,f075,IMD 24h Daily Gridded Observation,2024-08-28,area_weighted_lat_cosine_polygon_integral,24h (03:00 UTC to 03:00 UTC / 08:30 IST to 08:30 IST)
2024-08-25,2024-08-29,SUB_36,Lakshadweep,South Peninsula,island,0,10.56,72.64,4,7.5,8.5,-1.0,0.667,43.5,1.1,6.4,43.4,0,None,NOAA GFS 0.25° Operational GRIB2,00Z,f075,f099,IMD 24h Daily Gridded Observation,2024-08-29,area_weighted_lat_cosine_polygon_integral,24h (03:00 UTC to 03:00 UTC / 08:30 IST to 08:30 IST)
2024-08-25,2024-08-30,SUB_36,Lakshadweep,South Peninsula,island,0,10.56,72.64,5,5.9,8.5,-2.6,0.667,43.5,7.6,1.7,46.2,0,None,NOAA GFS 0.25° Operational GRIB2,00Z,f099,f123,IMD 24h Daily Gridded Observation,2024-08-30,area_weighted_lat_cosine_polygon_integral,24h (03:00 UTC to 03:00 UTC / 08:30 IST to 08:30 IST)
2024-08-25,2024-08-31,SUB_36,Lakshadweep,South Peninsula,island,0,10.56,72.64,6,9.3,8.5,0.8,0.667,43.5,6.6,2.7,49.0,0,None,NOAA GFS 0.25° Operational GRIB2,00Z,f123,f147,IMD 24h Daily Gridded Observation,2024-08-31,area_weighted_lat_cosine_polygon_integral,24h (03:00 UTC to 03:00 UTC / 08:30 IST to 08:30 IST)
2024-08-25,2024-09-01,SUB_36,Lakshadweep,South Peninsula,island,0,10.56,72.64,7,6.4,8.5,-2.1,0.667,43.5,5.2,1.2,51.8,0,None,NOAA GFS 0.25° Operational GRIB2,00Z,f147,f171,IMD 24h Daily Gridded Observation,2024-09-01,area_weighted_lat_cosine_polygon_integral,24h (03:00 UTC to 03:00 UTC / 08:30 IST to 08:30 IST)
2024-08-25,2024-09-02,SUB_36,Lakshadweep,South Peninsula,island,0,10.56,72.64,8,7.5,8.5,-1.0,0.667,43.5,1.4,6.1,54.6,0,None,NOAA GFS 0.25° Operational GRIB2,00Z,f171,f195,IMD 24h Daily Gridded Observation,2024-09-02,area_weighted_lat_cosine_polygon_integral,24h (03:00 UTC to 03:00 UTC / 08:30 IST to 08:30 IST)
2024-08-25,2024-09-03,SUB_36,Lakshadweep,South Peninsula,island,0,10.56,72.64,9,5.7,8.5,-2.8,0.667,43.5,3.5,2.2,57.4,0,None,NOAA GFS 0.25° Operational GRIB2,00Z,f195,f219,IMD 24h Daily Gridded Observation,2024-09-03,area_weighted_lat_cosine_polygon_integral,24h (03:00 UTC to 03:00 UTC / 08:30 IST to 08:30 IST)
2024-08-25,2024-09-04,SUB_36,Lakshadweep,South Peninsula,island,0,10.56,72.64,10,6.2,8.5,-2.3,0.667,43.5,2.4,3.8,60.2,0,None,NOAA GFS 0.25° Operational GRIB2,00Z,f219,f243,IMD 24h Daily Gridded Observation,2024-09-04,area_weighted_lat_cosine_polygon_integral,24h (03:00 UTC to 03:00 UTC / 08:30 IST to 08:30 IST)
